-- --------------------------------------------------------
-- 主机:                           115.28.174.144
-- 服务器版本:                        5.5.42-log - MySQL Community Server (GPL)
-- 服务器操作系统:                      Linux
-- HeidiSQL 版本:                  9.3.0.4984
-- --------------------------------------------------------

/*!40101 SET @OLD_CHARACTER_SET_CLIENT=@@CHARACTER_SET_CLIENT */;
/*!40101 SET NAMES utf8mb4 */;
/*!40014 SET @OLD_FOREIGN_KEY_CHECKS=@@FOREIGN_KEY_CHECKS, FOREIGN_KEY_CHECKS=0 */;
/*!40101 SET @OLD_SQL_MODE=@@SQL_MODE, SQL_MODE='NO_AUTO_VALUE_ON_ZERO' */;

-- 导出 jfinalshop 的数据库结构
CREATE DATABASE IF NOT EXISTS `jfinalshop` /*!40100 DEFAULT CHARACTER SET utf8 */;
USE `jfinalshop`;


-- 导出  表 jfinalshop.admin 结构
CREATE TABLE IF NOT EXISTS `admin` (
  `id` varchar(32) NOT NULL COMMENT 'ID',
  `createDate` datetime DEFAULT NULL COMMENT '建立日期',
  `modifyDate` datetime DEFAULT NULL COMMENT '修改日期',
  `department` varchar(255) DEFAULT NULL COMMENT '部门',
  `email` varchar(255) NOT NULL COMMENT 'E-mail',
  `isAccountEnabled` bit(1) NOT NULL COMMENT '账号是否启用',
  `isAccountExpired` bit(1) NOT NULL COMMENT '账号是否过期',
  `isAccountLocked` bit(1) NOT NULL COMMENT '账号是否锁定',
  `isCredentialsExpired` bit(1) NOT NULL COMMENT '凭证是否过期',
  `lockedDate` datetime DEFAULT NULL COMMENT '账号锁定日期',
  `loginDate` datetime DEFAULT NULL COMMENT '最后登录日期',
  `loginFailureCount` int(11) NOT NULL COMMENT '连续登录失败的次数',
  `loginIp` varchar(255) DEFAULT NULL COMMENT '最后登录IP',
  `name` varchar(255) DEFAULT NULL COMMENT '姓名',
  `password` varchar(255) NOT NULL COMMENT '密码',
  `username` varchar(255) NOT NULL COMMENT '用户名',
  PRIMARY KEY (`id`),
  UNIQUE KEY `username` (`username`)
) ENGINE=InnoDB DEFAULT CHARSET=utf8;

-- 正在导出表  jfinalshop.admin 的数据：~2 rows (大约)
/*!40000 ALTER TABLE `admin` DISABLE KEYS */;
INSERT INTO `admin` (`id`, `createDate`, `modifyDate`, `department`, `email`, `isAccountEnabled`, `isAccountExpired`, `isAccountLocked`, `isCredentialsExpired`, `lockedDate`, `loginDate`, `loginFailureCount`, `loginIp`, `name`, `password`, `username`) VALUES
	('7b89e21dbf0c45298a0d19cce734ce36', '2016-06-12 14:30:37', '2016-06-12 14:40:05', NULL, '379041884@qq.com', b'1', b'0', b'0', b'0', NULL, '2016-06-12 14:40:05', 0, '175.11.87.217', NULL, '098f6bcd4621d373cade4e832627b4f6', 'test'),
	('8a8a05d94739522101473956e6c90002', '2014-12-29 11:27:01', '2016-10-10 17:54:26', '技术部', 'admin@163.com', b'1', b'0', b'0', b'0', '2014-12-29 11:35:13', '2016-10-10 17:54:26', 0, '223.72.95.254', '李红元', 'e10adc3949ba59abbe56e057f20f883e', 'admin');
/*!40000 ALTER TABLE `admin` ENABLE KEYS */;


-- 导出  表 jfinalshop.admin_role 结构
CREATE TABLE IF NOT EXISTS `admin_role` (
  `adminSet_id` varchar(32) NOT NULL,
  `roleSet_id` varchar(32) NOT NULL,
  PRIMARY KEY (`adminSet_id`,`roleSet_id`),
  KEY `FK9FC63FA6DAED032` (`adminSet_id`),
  KEY `FK9FC63FA6C7B24C48` (`roleSet_id`),
  CONSTRAINT `FK9FC63FA6C7B24C48` FOREIGN KEY (`roleSet_id`) REFERENCES `role` (`id`),
  CONSTRAINT `FK9FC63FA6DAED032` FOREIGN KEY (`adminSet_id`) REFERENCES `admin` (`id`)
) ENGINE=InnoDB DEFAULT CHARSET=utf8;

-- 正在导出表  jfinalshop.admin_role 的数据：~4 rows (大约)
/*!40000 ALTER TABLE `admin_role` DISABLE KEYS */;
INSERT INTO `admin_role` (`adminSet_id`, `roleSet_id`) VALUES
	('7b89e21dbf0c45298a0d19cce734ce36', '3d09fb9bf82045069b766c02fe63393d'),
	('7b89e21dbf0c45298a0d19cce734ce36', '827c36702e0a4eeaa667b5ac8c365e5f'),
	('7b89e21dbf0c45298a0d19cce734ce36', 'fec8b898e71845ac96bfabcba97b9fec'),
	('8a8a05d94739522101473956e6c90002', '402881862bec2a21012bec2b70510002');
/*!40000 ALTER TABLE `admin_role` ENABLE KEYS */;


-- 导出  表 jfinalshop.agreement 结构
CREATE TABLE IF NOT EXISTS `agreement` (
  `id` varchar(32) NOT NULL,
  `createDate` datetime DEFAULT NULL,
  `modifyDate` datetime DEFAULT NULL,
  `content` text,
  PRIMARY KEY (`id`)
) ENGINE=InnoDB DEFAULT CHARSET=utf8;

-- 正在导出表  jfinalshop.agreement 的数据：~1 rows (大约)
/*!40000 ALTER TABLE `agreement` DISABLE KEYS */;
INSERT INTO `agreement` (`id`, `createDate`, `modifyDate`, `content`) VALUES
	('1', '1899-12-30 01:00:00', '1899-12-30 01:00:00', '<p><strong>注册条款<br /></strong></p>\r\n<p>&nbsp;</p>\r\n<p>尊敬的用户，欢迎您注册成为本网站会员。请用户仔细阅读以下全部内容。如用户不同意本服务条款任意内容，请不要注册或 使用本网站服务。如用户通过进入注册程序并勾选&ldquo;我同意服务条款&rdquo;，即表示用户与本网站已达成协议，自愿接受本 服务条款的所有内容。此后，用户不得以未阅读本服务条款内容作任何形式的抗辩。</p>\r\n<p>&nbsp;</p>\r\n<p>一、&nbsp;本站服务条款的确认和接纳<br />本网站涉及的各项服务的所有权和运作权归本网站所有。本网站所提供的服务必 须按照其发布的服务条款和操作规则严格执行。本服务条款的效力范围及于本网站的一切产品和服务，用户在享受本网站的任何服 务时，应当受本服务条款的约束。</p>\r\n<p>&nbsp;</p>\r\n<p>二、&nbsp;服务简介<br />本网站运用自己的操作系统通过国际互联网络为用户提供各项服务。用户必须：<br />1.&nbsp;提 供设备，如个人电脑、手机或其他上网设备。<br />2.&nbsp;个人上网和支付与此服务有关的费用。</p>\r\n<p>&nbsp;</p>\r\n<p>三、&nbsp;用户在不得在本网站上发布下列违法信息<br />1.&nbsp;反对宪法所确定的基本原则的；<br />2.&nbsp;危害国家 安全，泄露国家秘密，颠覆国家政权，破坏国家统一的；<br />3.&nbsp;损害国家荣誉和利益的；<br />4.&nbsp;煽动民族仇恨、 民族歧视，破坏民族团结的；<br />5.&nbsp;破坏国家宗教政策，宣扬邪教和封建迷信的；<br />6.&nbsp;散布谣言，扰乱社会秩 序，破坏社会稳定的；<br />7.&nbsp;散布淫秽、色情、赌博、暴力、凶杀、恐怖或者教唆犯罪的；<br />8.&nbsp;侮辱或者诽谤 他人，侵害他人合法权益的；<br />9.&nbsp;含有法律、行政法规禁止的其他内容的。</p>\r\n<p>&nbsp;</p>\r\n<p>四、&nbsp;有关个人资料<br />用户同意：<br />1.&nbsp;提供及时、详尽及准确的个人资料。<br />2.&nbsp;同意接收来自 本网站的信息。<br />3.&nbsp;不断更新注册资料，符合及时、详尽准确的要求。所有原始键入的资料将引用为注册资料。<br />4.&nbsp;本网站不公开用户的姓名、地址、电子邮箱和笔名。除以下情况外：<br />a)&nbsp;用户授权本站透露这些信息。 <br />b)&nbsp;相应的法律及程序要求本站提供用户的个人资料。</p>\r\n<p>&nbsp;</p>\r\n<p>五、&nbsp;服务条款的修改<br />本网站有权在必要时修改服务条款，一旦条款及服务内容产生变动，本网站将会在重要页面 上提示修改内容。如果不同意所改动的内容，用户可以主动取消获得的本网站信息服务。如果用户继续享用本网站信息服务，则视 为接受服务条款的变动。<br /><br />六、&nbsp;用户隐私制度<br />尊重用户个人隐私是本网站的一项基本政策。所以，本网站 一定不会在未经合法用户授权时公开、编辑或透露其注册资料及保存在本网站中的非公开内容，除非有法律许可要求或本网站在诚 信的基础上认为透露这些信息在以下四种情况是必要的：<br />1.&nbsp;遵守有关法律规定，遵从本网站合法服务程序。<br />2.&nbsp;保持维护本网站的商标所有权。<br />3.&nbsp;在紧急情况下竭力维护用户个人和社会大众的隐私安全。<br />4.&nbsp;符合其他相关的要求。</p>\r\n<p>&nbsp;</p>\r\n<p>七、&nbsp;用户的帐号、密码和安全性<br />用户一旦注册成功，将获得一个密码和用户名。用户需谨慎合理的保存、使用用 户名和密码。如果你不保管好自己的帐号和密码安全，将负全部责任。另外，每个用户都要对其帐户中的所有活动和事件负全责。 你可随时根据指示改变你的密码。用户若发现任何非法使用用户帐号或存在安全漏洞的情况，请立即通告本网站。</p>\r\n<p>&nbsp;</p>\r\n<p>八、&nbsp;拒绝提供担保<br />用户明确同意信息服务的使用由用户个人承担风险。 本网站不担保服务不会受中断，对服务的 及时性，安全性，出错发生都不作担保，但会在能力范围内，避免出错。</p>\r\n<p>&nbsp;</p>\r\n<p>九、&nbsp;有限责任<br />如因不可抗力或其它本站无法控制的原因使本站销售系统崩溃或无法正常使用导致网上交易无法完 成或丢失有关的信息、记录等本站会尽可能合理地协助处理善后事宜，并努力使客户免受经济损失，同时会尽量避免这种损害的发 生。</p>\r\n<p>&nbsp;</p>\r\n<p>十、&nbsp;用户信息的储存和限制<br />本站有判定用户的行为是否符合国家法律法规规定及本站服务条款权利，如果用户违 背本网站服务条款的规定，本网站有权中断对其提供服务的权利。</p>\r\n<p>&nbsp;</p>\r\n<p>十一、&nbsp;用户管理<br />用户单独承担发布内容的责任。用户对服务的使用是根据所有适用于本站的国家法律、地方法律 和国际法律标准的。用户必须遵循：<br />1.&nbsp;使用网络服务不作非法用途。 <br />2.&nbsp;不干扰或混乱网络服务。 <br />3.&nbsp;遵守所有使用网络服务的网络协议、规定、程序和惯例。 <br />用户须承诺不传输任何非法的、骚扰性的、中伤他人 的、辱骂性的、恐性的、伤害性的、庸俗的，淫秽等信息资料。另外，用户也不能传输何教唆他人构成犯罪行为的资料；不能传输 助长国内不利条件和涉及国家安全的资料；不能传输任何不符合当地法规、国家法律和国际法律的资料。未经许可而非法进入其它 电脑系统是禁止的。<br />若用户的行为不符合以上提到的服务条款，本站将作出独立判断立即取消用户服务帐号。用户需对自己 在网上的行为承担法律责任。用户若在本站上散布和传播反动、色情或其它违反国家法律的信息，本站的系统记录有可能作为用户 违反法律的证据。</p>\r\n<p>&nbsp;</p>\r\n<p>十二、&nbsp;通告<br />所有发给用户的通告都可通过重要页面的公告或电子邮件或常规的信件传送。服务条款的修改、服务 变更、或其它重要事件的通告都会以此形式进行。</p>\r\n<p>&nbsp;</p>\r\n<p>十三、&nbsp;信息内容的所有权<br />本网站定义的信息内容包括：文字、软件、声音、相片、录象、图表；在广告中全部内 容；本网站为用户提供的其它信息。所有这些内容受版权、商标、标签和其它财产所有权法律的保护。所以，用户只能在本网站和 广告商授权下才能使用这些内容，而不能擅自复制、再造这些内容、或创造与内容有关的派生产品。本站所有的文章版权归原文作 者和本站共同所有，任何人需要转载本站的文章，必须征得原文作者或本站授权。</p>\r\n<p>&nbsp;</p>\r\n<p>十四、&nbsp;法律<br />本协议的订立、执行和解释及争议的解决均应适用中华人民共和国的法律。用户和本网站一致同意服 从本网站所在地有管辖权的法院管辖。如发生本网站服务条款与中华人民共和国法律相抵触时，则这些条款将完全按法律规定重新 解释，而其它条款则依旧保持对用户的约束力。<br /><br /><strong>说明：本条款为SHOP++体验商城示范性内容，只限于演示使用，不具备任何其它效力。</strong></p>');
/*!40000 ALTER TABLE `agreement` ENABLE KEYS */;


-- 导出  表 jfinalshop.area 结构
CREATE TABLE IF NOT EXISTS `area` (
  `id` varchar(32) NOT NULL,
  `createDate` datetime DEFAULT NULL,
  `modifyDate` datetime DEFAULT NULL,
  `name` varchar(255) NOT NULL COMMENT '地区名称',
  `path` text,
  `parent_id` varchar(32) DEFAULT NULL,
  PRIMARY KEY (`id`),
  UNIQUE KEY `name` (`name`,`parent_id`),
  KEY `FK1F44ADB4D9BB21` (`parent_id`),
  CONSTRAINT `FK1F44ADB4D9BB21` FOREIGN KEY (`parent_id`) REFERENCES `area` (`id`)
) ENGINE=InnoDB DEFAULT CHARSET=utf8;

-- 正在导出表  jfinalshop.area 的数据：~427 rows (大约)
/*!40000 ALTER TABLE `area` DISABLE KEYS */;
INSERT INTO `area` (`id`, `createDate`, `modifyDate`, `name`, `path`, `parent_id`) VALUES
	('15d9ef4fbfd041fd9a9c60e2abf10fee', '2015-12-17 18:08:45', '2015-12-17 18:08:45', 'mmimi', '402881882ba8753a012ba92e37a20108,402881882ba8753a012ba92f8dfa0110,15d9ef4fbfd041fd9a9c60e2abf10fee', '402881882ba8753a012ba92f8dfa0110'),
	('34e353b3165246dbaa7034c437978737', '2014-11-19 15:35:52', NULL, 'dfsd', '402881882ba8753a012ba8cd6a230067,402881882ba8753a012ba8cea18a006d,34e353b3165246dbaa7034c437978737', '402881882ba8753a012ba8cea18a006d'),
	('402881882ba8753a012ba8bf474d001c', '2010-10-14 11:18:49', '2015-09-02 14:06:05', '北京', '402881882ba8753a012ba8bf474d001c', NULL),
	('402881882ba8753a012ba8bfacfd001d', '2010-10-14 11:19:15', '2015-01-07 15:10:29', '东城区', '402881882ba8753a012ba8bf474d001c,402881882ba8753a012ba8bfacfd001d', '402881882ba8753a012ba8bf474d001c'),
	('402881882ba8753a012ba8bff6f6001e', '2010-10-14 11:19:34', '2010-10-14 11:19:34', '西城区', '402881882ba8753a012ba8bf474d001c,402881882ba8753a012ba8bff6f6001e', '402881882ba8753a012ba8bf474d001c'),
	('402881882ba8753a012ba8c02f9a001f', '2010-10-14 11:19:48', '2010-10-14 11:19:48', '崇文区', '402881882ba8753a012ba8bf474d001c,402881882ba8753a012ba8c02f9a001f', '402881882ba8753a012ba8bf474d001c'),
	('402881882ba8753a012ba8c061970020', '2010-10-14 11:20:01', '2010-10-14 11:20:01', '宣武区', '402881882ba8753a012ba8bf474d001c,402881882ba8753a012ba8c061970020', '402881882ba8753a012ba8bf474d001c'),
	('402881882ba8753a012ba8c088690021', '2010-10-14 11:20:11', '2010-10-14 11:20:11', '朝阳区', '402881882ba8753a012ba8bf474d001c,402881882ba8753a012ba8c088690021', '402881882ba8753a012ba8bf474d001c'),
	('402881882ba8753a012ba8c0ade20022', '2010-10-14 11:20:21', '2010-10-14 11:20:21', '丰台区', '402881882ba8753a012ba8bf474d001c,402881882ba8753a012ba8c0ade20022', '402881882ba8753a012ba8bf474d001c'),
	('402881882ba8753a012ba8c0d34c0023', '2010-10-14 11:20:30', '2010-10-14 11:20:30', '石景山区', '402881882ba8753a012ba8bf474d001c,402881882ba8753a012ba8c0d34c0023', '402881882ba8753a012ba8bf474d001c'),
	('402881882ba8753a012ba8c0fb850024', '2010-10-14 11:20:41', '2010-10-14 11:20:41', '海淀区', '402881882ba8753a012ba8bf474d001c,402881882ba8753a012ba8c0fb850024', '402881882ba8753a012ba8bf474d001c'),
	('402881882ba8753a012ba8c121f90025', '2010-10-14 11:20:50', '2010-10-14 11:20:50', '门头沟区', '402881882ba8753a012ba8bf474d001c,402881882ba8753a012ba8c121f90025', '402881882ba8753a012ba8bf474d001c'),
	('402881882ba8753a012ba8c1463a0026', '2010-10-14 11:21:00', '2010-10-14 11:21:00', '房山区', '402881882ba8753a012ba8bf474d001c,402881882ba8753a012ba8c1463a0026', '402881882ba8753a012ba8bf474d001c'),
	('402881882ba8753a012ba8c16f8c0027', '2010-10-14 11:21:10', '2010-10-14 11:21:10', '通州区', '402881882ba8753a012ba8bf474d001c,402881882ba8753a012ba8c16f8c0027', '402881882ba8753a012ba8bf474d001c'),
	('402881882ba8753a012ba8c19cb70028', '2010-10-14 11:21:22', '2010-10-14 11:21:22', '顺义区', '402881882ba8753a012ba8bf474d001c,402881882ba8753a012ba8c19cb70028', '402881882ba8753a012ba8bf474d001c'),
	('402881882ba8753a012ba8c1bf720029', '2010-10-14 11:21:31', '2010-10-14 11:21:31', '昌平区', '402881882ba8753a012ba8bf474d001c,402881882ba8753a012ba8c1bf720029', '402881882ba8753a012ba8bf474d001c'),
	('402881882ba8753a012ba8c1dec1002a', '2010-10-14 11:21:39', '2010-10-14 11:21:39', '大兴区', '402881882ba8753a012ba8bf474d001c,402881882ba8753a012ba8c1dec1002a', '402881882ba8753a012ba8bf474d001c'),
	('402881882ba8753a012ba8c200e0002b', '2010-10-14 11:21:48', '2010-10-14 11:21:48', '怀柔区', '402881882ba8753a012ba8bf474d001c,402881882ba8753a012ba8c200e0002b', '402881882ba8753a012ba8bf474d001c'),
	('402881882ba8753a012ba8c2164c002c', '2010-10-14 11:21:53', '2010-10-14 11:21:53', '平谷区', '402881882ba8753a012ba8bf474d001c,402881882ba8753a012ba8c2164c002c', '402881882ba8753a012ba8bf474d001c'),
	('402881882ba8753a012ba8c27285002d', '2010-10-14 11:22:17', '2010-10-14 11:22:17', '密云县', '402881882ba8753a012ba8bf474d001c,402881882ba8753a012ba8c27285002d', '402881882ba8753a012ba8bf474d001c'),
	('402881882ba8753a012ba8c28be9002e', '2010-10-14 11:22:23', '2010-10-14 11:22:23', '延庆县', '402881882ba8753a012ba8bf474d001c,402881882ba8753a012ba8c28be9002e', '402881882ba8753a012ba8bf474d001c'),
	('402881882ba8753a012ba8c389a2002f', '2010-10-14 11:23:28', '2010-10-14 11:23:28', '天津', '402881882ba8753a012ba8c389a2002f', NULL),
	('402881882ba8753a012ba8c3bcc80030', '2010-10-14 11:23:41', '2010-10-14 11:23:41', '和平区', '402881882ba8753a012ba8c389a2002f,402881882ba8753a012ba8c3bcc80030', '402881882ba8753a012ba8c389a2002f'),
	('402881882ba8753a012ba8c3e4460031', '2010-10-14 11:23:51', '2010-10-14 11:23:51', '河东区', '402881882ba8753a012ba8c389a2002f,402881882ba8753a012ba8c3e4460031', '402881882ba8753a012ba8c389a2002f'),
	('402881882ba8753a012ba8c409df0032', '2010-10-14 11:24:01', '2010-10-14 11:24:01', '河西区', '402881882ba8753a012ba8c389a2002f,402881882ba8753a012ba8c409df0032', '402881882ba8753a012ba8c389a2002f'),
	('402881882ba8753a012ba8c42e5e0033', '2010-10-14 11:24:10', '2010-10-14 11:24:10', '南开区', '402881882ba8753a012ba8c389a2002f,402881882ba8753a012ba8c42e5e0033', '402881882ba8753a012ba8c389a2002f'),
	('402881882ba8753a012ba8c454450034', '2010-10-14 11:24:20', '2010-10-14 11:24:20', '河北区', '402881882ba8753a012ba8c389a2002f,402881882ba8753a012ba8c454450034', '402881882ba8753a012ba8c389a2002f'),
	('402881882ba8753a012ba8c479040035', '2010-10-14 11:24:29', '2010-10-14 11:24:29', '红桥区', '402881882ba8753a012ba8c389a2002f,402881882ba8753a012ba8c479040035', '402881882ba8753a012ba8c389a2002f'),
	('402881882ba8753a012ba8c49db20036', '2010-10-14 11:24:39', '2010-10-14 11:24:39', '塘沽区', '402881882ba8753a012ba8c389a2002f,402881882ba8753a012ba8c49db20036', '402881882ba8753a012ba8c389a2002f'),
	('402881882ba8753a012ba8c4c2610037', '2010-10-14 11:24:48', '2010-10-14 11:24:48', '汉沽区', '402881882ba8753a012ba8c389a2002f,402881882ba8753a012ba8c4c2610037', '402881882ba8753a012ba8c389a2002f'),
	('402881882ba8753a012ba8c4e5790038', '2010-10-14 11:24:57', '2010-10-14 11:24:57', '大港区', '402881882ba8753a012ba8c389a2002f,402881882ba8753a012ba8c4e5790038', '402881882ba8753a012ba8c389a2002f'),
	('402881882ba8753a012ba8c50c890039', '2010-10-14 11:25:07', '2010-10-14 11:25:07', '东丽区', '402881882ba8753a012ba8c389a2002f,402881882ba8753a012ba8c50c890039', '402881882ba8753a012ba8c389a2002f'),
	('402881882ba8753a012ba8c53109003a', '2010-10-14 11:25:16', '2010-10-14 11:25:16', '西青区', '402881882ba8753a012ba8c389a2002f,402881882ba8753a012ba8c53109003a', '402881882ba8753a012ba8c389a2002f'),
	('402881882ba8753a012ba8c55838003b', '2010-10-14 11:25:26', '2010-10-14 11:25:26', '津南区', '402881882ba8753a012ba8c389a2002f,402881882ba8753a012ba8c55838003b', '402881882ba8753a012ba8c389a2002f'),
	('402881882ba8753a012ba8c57e00003c', '2010-10-14 11:25:36', '2010-10-14 11:25:36', '北辰区', '402881882ba8753a012ba8c389a2002f,402881882ba8753a012ba8c57e00003c', '402881882ba8753a012ba8c389a2002f'),
	('402881882ba8753a012ba8c5a2de003d', '2010-10-14 11:25:46', '2010-10-14 11:25:46', '武清区', '402881882ba8753a012ba8c389a2002f,402881882ba8753a012ba8c5a2de003d', '402881882ba8753a012ba8c389a2002f'),
	('402881882ba8753a012ba8c5c829003e', '2010-10-14 11:25:55', '2010-10-14 11:25:55', '宝坻区', '402881882ba8753a012ba8c389a2002f,402881882ba8753a012ba8c5c829003e', '402881882ba8753a012ba8c389a2002f'),
	('402881882ba8753a012ba8c5eac4003f', '2010-10-14 11:26:04', '2010-10-14 11:26:04', '宁河县', '402881882ba8753a012ba8c389a2002f,402881882ba8753a012ba8c5eac4003f', '402881882ba8753a012ba8c389a2002f'),
	('402881882ba8753a012ba8c60e980040', '2010-10-14 11:26:13', '2010-10-14 11:26:13', '静海县', '402881882ba8753a012ba8c389a2002f,402881882ba8753a012ba8c60e980040', '402881882ba8753a012ba8c389a2002f'),
	('402881882ba8753a012ba8c626270041', '2010-10-14 11:26:19', '2010-10-14 11:26:19', '蓟县', '402881882ba8753a012ba8c389a2002f,402881882ba8753a012ba8c626270041', '402881882ba8753a012ba8c389a2002f'),
	('402881882ba8753a012ba8c689d30042', '2010-10-14 11:26:45', '2010-10-14 11:26:45', '河北省', '402881882ba8753a012ba8c689d30042', NULL),
	('402881882ba8753a012ba8c6da830043', '2010-10-14 11:27:05', '2010-10-14 11:27:05', '石家庄市', '402881882ba8753a012ba8c689d30042,402881882ba8753a012ba8c6da830043', '402881882ba8753a012ba8c689d30042'),
	('402881882ba8753a012ba8c7122d0044', '2010-10-14 11:27:20', '2010-10-14 11:27:20', '唐山市', '402881882ba8753a012ba8c689d30042,402881882ba8753a012ba8c7122d0044', '402881882ba8753a012ba8c689d30042'),
	('402881882ba8753a012ba8c73d920045', '2010-10-14 11:27:31', '2010-10-14 11:27:31', '秦皇岛市', '402881882ba8753a012ba8c689d30042,402881882ba8753a012ba8c73d920045', '402881882ba8753a012ba8c689d30042'),
	('402881882ba8753a012ba8c7656d0046', '2010-10-14 11:27:41', '2010-10-14 11:27:41', '邯郸市', '402881882ba8753a012ba8c689d30042,402881882ba8753a012ba8c7656d0046', '402881882ba8753a012ba8c689d30042'),
	('402881882ba8753a012ba8c78fc90047', '2010-10-14 11:27:52', '2010-10-14 11:27:52', '邢台市', '402881882ba8753a012ba8c689d30042,402881882ba8753a012ba8c78fc90047', '402881882ba8753a012ba8c689d30042'),
	('402881882ba8753a012ba8c7bb5d0048', '2010-10-14 11:28:03', '2010-10-14 11:28:03', '保定市', '402881882ba8753a012ba8c689d30042,402881882ba8753a012ba8c7bb5d0048', '402881882ba8753a012ba8c689d30042'),
	('402881882ba8753a012ba8c7e50d0049', '2010-10-14 11:28:14', '2010-10-14 11:28:14', '张家口市', '402881882ba8753a012ba8c689d30042,402881882ba8753a012ba8c7e50d0049', '402881882ba8753a012ba8c689d30042'),
	('402881882ba8753a012ba8c80c4c004a', '2010-10-14 11:28:24', '2010-10-14 11:28:24', '承德市', '402881882ba8753a012ba8c689d30042,402881882ba8753a012ba8c80c4c004a', '402881882ba8753a012ba8c689d30042'),
	('402881882ba8753a012ba8c8404d004b', '2010-10-14 11:28:37', '2010-10-14 11:28:37', '沧州市', '402881882ba8753a012ba8c689d30042,402881882ba8753a012ba8c8404d004b', '402881882ba8753a012ba8c689d30042'),
	('402881882ba8753a012ba8c898fc004c', '2010-10-14 11:29:00', '2010-10-14 11:29:00', '廊坊市', '402881882ba8753a012ba8c689d30042,402881882ba8753a012ba8c898fc004c', '402881882ba8753a012ba8c689d30042'),
	('402881882ba8753a012ba8c8bc62004d', '2010-10-14 11:29:09', '2010-10-14 11:29:09', '衡水市', '402881882ba8753a012ba8c689d30042,402881882ba8753a012ba8c8bc62004d', '402881882ba8753a012ba8c689d30042'),
	('402881882ba8753a012ba8c8f0b1004e', '2010-10-14 11:29:22', '2010-10-14 11:29:22', '山西省', '402881882ba8753a012ba8c8f0b1004e', NULL),
	('402881882ba8753a012ba8c93924004f', '2010-10-14 11:29:41', '2010-10-14 11:29:41', '太原市', '402881882ba8753a012ba8c8f0b1004e,402881882ba8753a012ba8c93924004f', '402881882ba8753a012ba8c8f0b1004e'),
	('402881882ba8753a012ba8c963fd0050', '2010-10-14 11:29:52', '2010-10-14 11:29:52', '大同市', '402881882ba8753a012ba8c8f0b1004e,402881882ba8753a012ba8c963fd0050', '402881882ba8753a012ba8c8f0b1004e'),
	('402881882ba8753a012ba8c98d3f0051', '2010-10-14 11:30:02', '2010-10-14 11:30:02', '阳泉市', '402881882ba8753a012ba8c8f0b1004e,402881882ba8753a012ba8c98d3f0051', '402881882ba8753a012ba8c8f0b1004e'),
	('402881882ba8753a012ba8c9b72d0052', '2010-10-14 11:30:13', '2010-10-14 11:30:13', '长治市', '402881882ba8753a012ba8c8f0b1004e,402881882ba8753a012ba8c9b72d0052', '402881882ba8753a012ba8c8f0b1004e'),
	('402881882ba8753a012ba8c9e15a0053', '2010-10-14 11:30:24', '2010-10-14 11:30:24', '晋城市', '402881882ba8753a012ba8c8f0b1004e,402881882ba8753a012ba8c9e15a0053', '402881882ba8753a012ba8c8f0b1004e'),
	('402881882ba8753a012ba8ca0e460054', '2010-10-14 11:30:35', '2010-10-14 11:30:35', '朔州市', '402881882ba8753a012ba8c8f0b1004e,402881882ba8753a012ba8ca0e460054', '402881882ba8753a012ba8c8f0b1004e'),
	('402881882ba8753a012ba8ca392f0055', '2010-10-14 11:30:46', '2010-10-14 11:30:46', '晋中市', '402881882ba8753a012ba8c8f0b1004e,402881882ba8753a012ba8ca392f0055', '402881882ba8753a012ba8c8f0b1004e'),
	('402881882ba8753a012ba8ca67240056', '2010-10-14 11:30:58', '2010-10-14 11:30:58', '运城市', '402881882ba8753a012ba8c8f0b1004e,402881882ba8753a012ba8ca67240056', '402881882ba8753a012ba8c8f0b1004e'),
	('402881882ba8753a012ba8ca91ed0057', '2010-10-14 11:31:09', '2010-10-14 11:31:09', '忻州市', '402881882ba8753a012ba8c8f0b1004e,402881882ba8753a012ba8ca91ed0057', '402881882ba8753a012ba8c8f0b1004e'),
	('402881882ba8753a012ba8cabae20058', '2010-10-14 11:31:19', '2010-10-14 11:31:19', '临汾市', '402881882ba8753a012ba8c8f0b1004e,402881882ba8753a012ba8cabae20058', '402881882ba8753a012ba8c8f0b1004e'),
	('402881882ba8753a012ba8cae26f0059', '2010-10-14 11:31:30', '2010-10-14 11:31:30', '吕梁市', '402881882ba8753a012ba8c8f0b1004e,402881882ba8753a012ba8cae26f0059', '402881882ba8753a012ba8c8f0b1004e'),
	('402881882ba8753a012ba8cb1bbf005a', '2010-10-14 11:31:44', '2010-10-14 11:31:44', '内蒙古自治区', '402881882ba8753a012ba8cb1bbf005a', NULL),
	('402881882ba8753a012ba8cb58c8005b', '2010-10-14 11:32:00', '2010-10-14 11:32:00', '呼和浩特市', '402881882ba8753a012ba8cb1bbf005a,402881882ba8753a012ba8cb58c8005b', '402881882ba8753a012ba8cb1bbf005a'),
	('402881882ba8753a012ba8cb84c9005c', '2010-10-14 11:32:11', '2010-10-14 11:32:11', '包头市', '402881882ba8753a012ba8cb1bbf005a,402881882ba8753a012ba8cb84c9005c', '402881882ba8753a012ba8cb1bbf005a'),
	('402881882ba8753a012ba8cbb7a1005d', '2010-10-14 11:32:24', '2010-10-14 11:32:24', '乌海市', '402881882ba8753a012ba8cb1bbf005a,402881882ba8753a012ba8cbb7a1005d', '402881882ba8753a012ba8cb1bbf005a'),
	('402881882ba8753a012ba8cbdf3e005e', '2010-10-14 11:32:34', '2010-10-14 11:32:34', '赤峰市', '402881882ba8753a012ba8cb1bbf005a,402881882ba8753a012ba8cbdf3e005e', '402881882ba8753a012ba8cb1bbf005a'),
	('402881882ba8753a012ba8cc0ad2005f', '2010-10-14 11:32:45', '2010-10-14 11:32:45', '通辽市', '402881882ba8753a012ba8cb1bbf005a,402881882ba8753a012ba8cc0ad2005f', '402881882ba8753a012ba8cb1bbf005a'),
	('402881882ba8753a012ba8cc3a1f0060', '2010-10-14 11:32:58', '2010-10-14 11:32:58', '鄂尔多斯市', '402881882ba8753a012ba8cb1bbf005a,402881882ba8753a012ba8cc3a1f0060', '402881882ba8753a012ba8cb1bbf005a'),
	('402881882ba8753a012ba8cc62870061', '2010-10-14 11:33:08', '2010-10-14 11:33:08', '呼伦贝尔市', '402881882ba8753a012ba8cb1bbf005a,402881882ba8753a012ba8cc62870061', '402881882ba8753a012ba8cb1bbf005a'),
	('402881882ba8753a012ba8cc90ea0062', '2010-10-14 11:33:20', '2010-10-14 11:33:20', '巴彦淖尔市', '402881882ba8753a012ba8cb1bbf005a,402881882ba8753a012ba8cc90ea0062', '402881882ba8753a012ba8cb1bbf005a'),
	('402881882ba8753a012ba8ccb71f0063', '2010-10-14 11:33:30', '2010-10-14 11:33:30', '乌兰察布市', '402881882ba8753a012ba8cb1bbf005a,402881882ba8753a012ba8ccb71f0063', '402881882ba8753a012ba8cb1bbf005a'),
	('402881882ba8753a012ba8cce2c30064', '2010-10-14 11:33:41', '2010-10-14 11:33:41', '兴安盟', '402881882ba8753a012ba8cb1bbf005a,402881882ba8753a012ba8cce2c30064', '402881882ba8753a012ba8cb1bbf005a'),
	('402881882ba8753a012ba8cd105b0065', '2010-10-14 11:33:52', '2010-10-14 11:33:52', '锡林郭勒盟', '402881882ba8753a012ba8cb1bbf005a,402881882ba8753a012ba8cd105b0065', '402881882ba8753a012ba8cb1bbf005a'),
	('402881882ba8753a012ba8cd35d50066', '2010-10-14 11:34:02', '2010-10-14 11:34:02', '阿拉善盟', '402881882ba8753a012ba8cb1bbf005a,402881882ba8753a012ba8cd35d50066', '402881882ba8753a012ba8cb1bbf005a'),
	('402881882ba8753a012ba8cd6a230067', '2010-10-14 11:34:15', '2010-10-14 11:34:15', '辽宁省', '402881882ba8753a012ba8cd6a230067', NULL),
	('402881882ba8753a012ba8cde3890068', '2010-10-14 11:34:46', '2010-10-14 11:34:46', '沈阳市', '402881882ba8753a012ba8cd6a230067,402881882ba8753a012ba8cde3890068', '402881882ba8753a012ba8cd6a230067'),
	('402881882ba8753a012ba8ce0ceb0069', '2010-10-14 11:34:57', '2010-10-14 11:34:57', '大连市', '402881882ba8753a012ba8cd6a230067,402881882ba8753a012ba8ce0ceb0069', '402881882ba8753a012ba8cd6a230067'),
	('402881882ba8753a012ba8ce32a3006a', '2010-10-14 11:35:07', '2010-10-14 11:35:07', '鞍山市', '402881882ba8753a012ba8cd6a230067,402881882ba8753a012ba8ce32a3006a', '402881882ba8753a012ba8cd6a230067'),
	('402881882ba8753a012ba8ce5b2a006b', '2010-10-14 11:35:17', '2010-10-14 11:35:17', '抚顺市', '402881882ba8753a012ba8cd6a230067,402881882ba8753a012ba8ce5b2a006b', '402881882ba8753a012ba8cd6a230067'),
	('402881882ba8753a012ba8ce7c10006c', '2010-10-14 11:35:25', '2010-10-14 11:35:25', '本溪市', '402881882ba8753a012ba8cd6a230067,402881882ba8753a012ba8ce7c10006c', '402881882ba8753a012ba8cd6a230067'),
	('402881882ba8753a012ba8cea18a006d', '2010-10-14 11:35:35', '2010-10-14 11:35:35', '丹东市', '402881882ba8753a012ba8cd6a230067,402881882ba8753a012ba8cea18a006d', '402881882ba8753a012ba8cd6a230067'),
	('402881882ba8753a012ba8cec85c006e', '2010-10-14 11:35:45', '2010-10-14 11:35:45', '锦州市', '402881882ba8753a012ba8cd6a230067,402881882ba8753a012ba8cec85c006e', '402881882ba8753a012ba8cd6a230067'),
	('402881882ba8753a012ba8cef5b5006f', '2010-10-14 11:35:57', '2010-10-14 11:35:57', '营口市', '402881882ba8753a012ba8cd6a230067,402881882ba8753a012ba8cef5b5006f', '402881882ba8753a012ba8cd6a230067'),
	('402881882ba8753a012ba8cf1cc50070', '2010-10-14 11:36:07', '2010-10-14 11:36:07', '阜新市', '402881882ba8753a012ba8cd6a230067,402881882ba8753a012ba8cf1cc50070', '402881882ba8753a012ba8cd6a230067'),
	('402881882ba8753a012ba8cf427d0071', '2010-10-14 11:36:16', '2010-10-14 11:36:16', '辽阳市', '402881882ba8753a012ba8cd6a230067,402881882ba8753a012ba8cf427d0071', '402881882ba8753a012ba8cd6a230067'),
	('402881882ba8753a012ba8cf6ae50072', '2010-10-14 11:36:27', '2010-10-14 11:36:27', '盘锦市', '402881882ba8753a012ba8cd6a230067,402881882ba8753a012ba8cf6ae50072', '402881882ba8753a012ba8cd6a230067'),
	('402881882ba8753a012ba8cf90dc0073', '2010-10-14 11:36:36', '2010-10-14 11:36:36', '铁岭市', '402881882ba8753a012ba8cd6a230067,402881882ba8753a012ba8cf90dc0073', '402881882ba8753a012ba8cd6a230067'),
	('402881882ba8753a012ba8cfb6750074', '2010-10-14 11:36:46', '2010-10-14 11:36:46', '朝阳市', '402881882ba8753a012ba8cd6a230067,402881882ba8753a012ba8cfb6750074', '402881882ba8753a012ba8cd6a230067'),
	('402881882ba8753a012ba8cfdb710075', '2010-10-14 11:36:55', '2010-10-14 11:36:55', '葫芦岛市', '402881882ba8753a012ba8cd6a230067,402881882ba8753a012ba8cfdb710075', '402881882ba8753a012ba8cd6a230067'),
	('402881882ba8753a012ba8d010f90076', '2010-10-14 11:37:09', '2010-10-14 11:37:09', '吉林省', '402881882ba8753a012ba8d010f90076', NULL),
	('402881882ba8753a012ba8d03d870077', '2010-10-14 11:37:21', '2010-10-14 11:37:21', '长春市', '402881882ba8753a012ba8d010f90076,402881882ba8753a012ba8d03d870077', '402881882ba8753a012ba8d010f90076'),
	('402881882ba8753a012ba8d065c00078', '2010-10-14 11:37:31', '2010-10-14 11:37:31', '吉林市', '402881882ba8753a012ba8d010f90076,402881882ba8753a012ba8d065c00078', '402881882ba8753a012ba8d010f90076'),
	('402881882ba8753a012ba8d08acc0079', '2010-10-14 11:37:40', '2010-10-14 11:37:40', '四平市', '402881882ba8753a012ba8d010f90076,402881882ba8753a012ba8d08acc0079', '402881882ba8753a012ba8d010f90076'),
	('402881882ba8753a012ba8d0b046007a', '2010-10-14 11:37:50', '2010-10-14 11:37:50', '辽源市', '402881882ba8753a012ba8d010f90076,402881882ba8753a012ba8d0b046007a', '402881882ba8753a012ba8d010f90076'),
	('402881882ba8753a012ba8d0d7a4007b', '2010-10-14 11:38:00', '2010-10-14 11:38:00', '通化市', '402881882ba8753a012ba8d010f90076,402881882ba8753a012ba8d0d7a4007b', '402881882ba8753a012ba8d010f90076'),
	('402881882ba8753a012ba8d0fe95007c', '2010-10-14 11:38:10', '2010-10-14 11:38:10', '白山市', '402881882ba8753a012ba8d010f90076,402881882ba8753a012ba8d0fe95007c', '402881882ba8753a012ba8d010f90076'),
	('402881882ba8753a012ba8d120b3007d', '2010-10-14 11:38:19', '2010-10-14 11:38:19', '松原市', '402881882ba8753a012ba8d010f90076,402881882ba8753a012ba8d120b3007d', '402881882ba8753a012ba8d010f90076'),
	('402881882ba8753a012ba8d14d8f007e', '2010-10-14 11:38:30', '2010-10-14 11:38:30', '白城市', '402881882ba8753a012ba8d010f90076,402881882ba8753a012ba8d14d8f007e', '402881882ba8753a012ba8d010f90076'),
	('402881882ba8753a012ba8d17a4d007f', '2010-10-14 11:38:42', '2010-10-14 11:38:42', '延边朝鲜族自治州', '402881882ba8753a012ba8d010f90076,402881882ba8753a012ba8d17a4d007f', '402881882ba8753a012ba8d010f90076'),
	('402881882ba8753a012ba8d1b0310080', '2010-10-14 11:38:55', '2010-10-14 11:38:55', '黑龙江省', '402881882ba8753a012ba8d1b0310080', NULL),
	('402881882ba8753a012ba8d1e4320081', '2010-10-14 11:39:09', '2010-10-14 11:39:09', '哈尔滨市', '402881882ba8753a012ba8d1b0310080,402881882ba8753a012ba8d1e4320081', '402881882ba8753a012ba8d1b0310080'),
	('402881882ba8753a012ba8d212850082', '2010-10-14 11:39:21', '2010-10-14 11:39:21', '齐齐哈尔市', '402881882ba8753a012ba8d1b0310080,402881882ba8753a012ba8d212850082', '402881882ba8753a012ba8d1b0310080'),
	('402881882ba8753a012ba8d239090083', '2010-10-14 11:39:30', '2010-10-14 11:39:30', '鸡西市', '402881882ba8753a012ba8d1b0310080,402881882ba8753a012ba8d239090083', '402881882ba8753a012ba8d1b0310080'),
	('402881882ba8753a012ba8d264db0084', '2010-10-14 11:39:42', '2010-10-14 11:39:42', '鹤岗市', '402881882ba8753a012ba8d1b0310080,402881882ba8753a012ba8d264db0084', '402881882ba8753a012ba8d1b0310080'),
	('402881882ba8753a012ba8d28a360085', '2010-10-14 11:39:51', '2010-10-14 11:39:51', '双鸭山市', '402881882ba8753a012ba8d1b0310080,402881882ba8753a012ba8d28a360085', '402881882ba8753a012ba8d1b0310080'),
	('402881882ba8753a012ba8d2b2cd0086', '2010-10-14 11:40:02', '2010-10-14 11:40:02', '大庆市', '402881882ba8753a012ba8d1b0310080,402881882ba8753a012ba8d2b2cd0086', '402881882ba8753a012ba8d1b0310080'),
	('402881882ba8753a012ba8d2daa80087', '2010-10-14 11:40:12', '2010-10-14 11:40:12', '伊春市', '402881882ba8753a012ba8d1b0310080,402881882ba8753a012ba8d2daa80087', '402881882ba8753a012ba8d1b0310080'),
	('402881882ba8753a012ba8d300cd0088', '2010-10-14 11:40:22', '2010-10-14 11:40:22', '佳木斯市', '402881882ba8753a012ba8d1b0310080,402881882ba8753a012ba8d300cd0088', '402881882ba8753a012ba8d1b0310080'),
	('402881882ba8753a012ba8d327be0089', '2010-10-14 11:40:32', '2010-10-14 11:40:32', '七台河市', '402881882ba8753a012ba8d1b0310080,402881882ba8753a012ba8d327be0089', '402881882ba8753a012ba8d1b0310080'),
	('402881882ba8753a012ba8d34d47008a', '2010-10-14 11:40:41', '2010-10-14 11:40:41', '牡丹江市', '402881882ba8753a012ba8d1b0310080,402881882ba8753a012ba8d34d47008a', '402881882ba8753a012ba8d1b0310080'),
	('402881882ba8753a012ba8d372c1008b', '2010-10-14 11:40:51', '2010-10-14 11:40:51', '黑河市', '402881882ba8753a012ba8d1b0310080,402881882ba8753a012ba8d372c1008b', '402881882ba8753a012ba8d1b0310080'),
	('402881882ba8753a012ba8d398c8008c', '2010-10-14 11:41:01', '2010-10-14 11:41:01', '绥化市', '402881882ba8753a012ba8d1b0310080,402881882ba8753a012ba8d398c8008c', '402881882ba8753a012ba8d1b0310080'),
	('402881882ba8753a012ba8d3c97c008d', '2010-10-14 11:41:13', '2010-10-14 11:41:13', '大兴安岭地区', '402881882ba8753a012ba8d1b0310080,402881882ba8753a012ba8d3c97c008d', '402881882ba8753a012ba8d1b0310080'),
	('402881882ba8753a012ba8d3f4f1008e', '2010-10-14 11:41:24', '2010-10-14 11:41:24', '上海市', '402881882ba8753a012ba8d3f4f1008e', NULL),
	('402881882ba8753a012ba8d45968008f', '2010-10-14 11:41:50', '2010-10-14 11:41:50', '黄浦区', '402881882ba8753a012ba8d3f4f1008e,402881882ba8753a012ba8d45968008f', '402881882ba8753a012ba8d3f4f1008e'),
	('402881882ba8753a012ba8d47e550090', '2010-10-14 11:41:59', '2010-10-14 11:41:59', '卢湾区', '402881882ba8753a012ba8d3f4f1008e,402881882ba8753a012ba8d47e550090', '402881882ba8753a012ba8d3f4f1008e'),
	('402881882ba8753a012ba8d4a0f10091', '2010-10-14 11:42:08', '2010-10-14 11:42:08', '徐汇区', '402881882ba8753a012ba8d3f4f1008e,402881882ba8753a012ba8d4a0f10091', '402881882ba8753a012ba8d3f4f1008e'),
	('402881882ba8753a012ba8d4c63b0092', '2010-10-14 11:42:18', '2010-10-14 11:42:18', '长宁区', '402881882ba8753a012ba8d3f4f1008e,402881882ba8753a012ba8d4c63b0092', '402881882ba8753a012ba8d3f4f1008e'),
	('402881882ba8753a012ba8d4ee260093', '2010-10-14 11:42:28', '2010-10-14 11:42:28', '静安区', '402881882ba8753a012ba8d3f4f1008e,402881882ba8753a012ba8d4ee260093', '402881882ba8753a012ba8d3f4f1008e'),
	('402881882ba8753a012ba8d50f5a0094', '2010-10-14 11:42:36', '2010-10-14 11:42:36', '普陀区', '402881882ba8753a012ba8d3f4f1008e,402881882ba8753a012ba8d50f5a0094', '402881882ba8753a012ba8d3f4f1008e'),
	('402881882ba8753a012ba8d5366a0095', '2010-10-14 11:42:46', '2010-10-14 11:42:46', '闸北区', '402881882ba8753a012ba8d3f4f1008e,402881882ba8753a012ba8d5366a0095', '402881882ba8753a012ba8d3f4f1008e'),
	('402881882ba8753a012ba8d55b190096', '2010-10-14 11:42:56', '2010-10-14 11:42:56', '虹口区', '402881882ba8753a012ba8d3f4f1008e,402881882ba8753a012ba8d55b190096', '402881882ba8753a012ba8d3f4f1008e'),
	('402881882ba8753a012ba8d57b430097', '2010-10-14 11:43:04', '2010-10-14 11:43:04', '杨浦区', '402881882ba8753a012ba8d3f4f1008e,402881882ba8753a012ba8d57b430097', '402881882ba8753a012ba8d3f4f1008e'),
	('402881882ba8753a012ba8d59fb30098', '2010-10-14 11:43:13', '2010-10-14 11:43:13', '闵行区', '402881882ba8753a012ba8d3f4f1008e,402881882ba8753a012ba8d59fb30098', '402881882ba8753a012ba8d3f4f1008e'),
	('402881882ba8753a012ba8d5c54c0099', '2010-10-14 11:43:23', '2010-10-14 11:43:23', '宝山区', '402881882ba8753a012ba8d3f4f1008e,402881882ba8753a012ba8d5c54c0099', '402881882ba8753a012ba8d3f4f1008e'),
	('402881882ba8753a012ba8d5ea2a009a', '2010-10-14 11:43:32', '2010-10-14 11:43:32', '嘉定区', '402881882ba8753a012ba8d3f4f1008e,402881882ba8753a012ba8d5ea2a009a', '402881882ba8753a012ba8d3f4f1008e'),
	('402881882ba8753a012ba8d61a04009b', '2010-10-14 11:43:45', '2010-10-14 11:43:45', '浦东新区', '402881882ba8753a012ba8d3f4f1008e,402881882ba8753a012ba8d61a04009b', '402881882ba8753a012ba8d3f4f1008e'),
	('402881882ba8753a012ba8d6420e009c', '2010-10-14 11:43:55', '2010-10-14 11:43:55', '金山区', '402881882ba8753a012ba8d3f4f1008e,402881882ba8753a012ba8d6420e009c', '402881882ba8753a012ba8d3f4f1008e'),
	('402881882ba8753a012ba8d6bcdb009d', '2010-10-14 11:44:26', '2010-10-14 11:44:26', '松江区', '402881882ba8753a012ba8d3f4f1008e,402881882ba8753a012ba8d6bcdb009d', '402881882ba8753a012ba8d3f4f1008e'),
	('402881882ba8753a012ba8d6e330009e', '2010-10-14 11:44:36', '2010-10-14 11:44:36', '青浦区', '402881882ba8753a012ba8d3f4f1008e,402881882ba8753a012ba8d6e330009e', '402881882ba8753a012ba8d3f4f1008e'),
	('402881882ba8753a012ba8d70abd009f', '2010-10-14 11:44:46', '2010-10-14 11:44:46', '南汇区', '402881882ba8753a012ba8d3f4f1008e,402881882ba8753a012ba8d70abd009f', '402881882ba8753a012ba8d3f4f1008e'),
	('402881882ba8753a012ba8d72b2600a0', '2010-10-14 11:44:55', '2010-10-14 11:44:55', '奉贤区', '402881882ba8753a012ba8d3f4f1008e,402881882ba8753a012ba8d72b2600a0', '402881882ba8753a012ba8d3f4f1008e'),
	('402881882ba8753a012ba8d745d200a1', '2010-10-14 11:45:01', '2010-10-14 11:45:01', '崇明县', '402881882ba8753a012ba8d3f4f1008e,402881882ba8753a012ba8d745d200a1', '402881882ba8753a012ba8d3f4f1008e'),
	('402881882ba8753a012ba8d780a800a2', '2010-10-14 11:45:16', '2010-10-14 11:45:16', '江苏省', '402881882ba8753a012ba8d780a800a2', NULL),
	('402881882ba8753a012ba8d82d2500a3', '2010-10-14 11:46:01', '2010-10-14 11:46:01', '南京市', '402881882ba8753a012ba8d780a800a2,402881882ba8753a012ba8d82d2500a3', '402881882ba8753a012ba8d780a800a2'),
	('402881882ba8753a012ba8d8605a00a4', '2010-10-14 11:46:14', '2010-10-14 11:46:14', '无锡市', '402881882ba8753a012ba8d780a800a2,402881882ba8753a012ba8d8605a00a4', '402881882ba8753a012ba8d780a800a2'),
	('402881882ba8753a012ba8d88b1300a5', '2010-10-14 11:46:25', '2010-10-14 11:46:25', '徐州市', '402881882ba8753a012ba8d780a800a2,402881882ba8753a012ba8d88b1300a5', '402881882ba8753a012ba8d780a800a2'),
	('402881882ba8753a012ba8d8b1e500a6', '2010-10-14 11:46:35', '2010-10-14 11:46:35', '常州市', '402881882ba8753a012ba8d780a800a2,402881882ba8753a012ba8d8b1e500a6', '402881882ba8753a012ba8d780a800a2'),
	('402881882ba8753a012ba8d8e08600a7', '2010-10-14 11:46:47', '2010-10-14 11:46:47', '苏州市', '402881882ba8753a012ba8d780a800a2,402881882ba8753a012ba8d8e08600a7', '402881882ba8753a012ba8d780a800a2'),
	('402881882ba8753a012ba8d907b600a8', '2010-10-14 11:46:57', '2010-10-14 11:46:57', '南通市', '402881882ba8753a012ba8d780a800a2,402881882ba8753a012ba8d907b600a8', '402881882ba8753a012ba8d780a800a2'),
	('402881882ba8753a012ba8d9317500a9', '2010-10-14 11:47:07', '2010-10-14 11:47:07', '连云港市', '402881882ba8753a012ba8d780a800a2,402881882ba8753a012ba8d9317500a9', '402881882ba8753a012ba8d780a800a2'),
	('402881882ba8753a012ba8d956df00aa', '2010-10-14 11:47:17', '2010-10-14 11:47:17', '淮安市', '402881882ba8753a012ba8d780a800a2,402881882ba8753a012ba8d956df00aa', '402881882ba8753a012ba8d780a800a2'),
	('402881882ba8753a012ba8d97d6300ab', '2010-10-14 11:47:27', '2010-10-14 11:47:27', '盐城市', '402881882ba8753a012ba8d780a800a2,402881882ba8753a012ba8d97d6300ab', '402881882ba8753a012ba8d780a800a2'),
	('402881882ba8753a012ba8d9a2fc00ac', '2010-10-14 11:47:36', '2010-10-14 11:47:36', '扬州市', '402881882ba8753a012ba8d780a800a2,402881882ba8753a012ba8d9a2fc00ac', '402881882ba8753a012ba8d780a800a2'),
	('402881882ba8753a012ba8d9ca4a00ad', '2010-10-14 11:47:46', '2010-10-14 11:47:46', '镇江市', '402881882ba8753a012ba8d780a800a2,402881882ba8753a012ba8d9ca4a00ad', '402881882ba8753a012ba8d780a800a2'),
	('402881882ba8753a012ba8d9eef900ae', '2010-10-14 11:47:56', '2010-10-14 11:47:56', '泰州市', '402881882ba8753a012ba8d780a800a2,402881882ba8753a012ba8d9eef900ae', '402881882ba8753a012ba8d780a800a2'),
	('402881882ba8753a012ba8da172200af', '2010-10-14 11:48:06', '2010-10-14 11:48:06', '宿迁市', '402881882ba8753a012ba8d780a800a2,402881882ba8753a012ba8da172200af', '402881882ba8753a012ba8d780a800a2'),
	('402881882ba8753a012ba8da48e000b0', '2010-10-14 11:48:19', '2010-10-14 11:48:19', '浙江省', '402881882ba8753a012ba8da48e000b0', NULL),
	('402881882ba8753a012ba8da7d2f00b1', '2010-10-14 11:48:32', '2010-10-14 11:48:32', '杭州市', '402881882ba8753a012ba8da48e000b0,402881882ba8753a012ba8da7d2f00b1', '402881882ba8753a012ba8da48e000b0'),
	('402881882ba8753a012ba8daa35500b2', '2010-10-14 11:48:42', '2010-10-14 11:48:42', '宁波市', '402881882ba8753a012ba8da48e000b0,402881882ba8753a012ba8daa35500b2', '402881882ba8753a012ba8da48e000b0'),
	('402881882ba8753a012ba8dacb3000b3', '2010-10-14 11:48:52', '2010-10-14 11:48:52', '温州市', '402881882ba8753a012ba8da48e000b0,402881882ba8753a012ba8dacb3000b3', '402881882ba8753a012ba8da48e000b0'),
	('402881882ba8753a012ba8daf15500b4', '2010-10-14 11:49:02', '2010-10-14 11:49:02', '嘉兴市', '402881882ba8753a012ba8da48e000b0,402881882ba8753a012ba8daf15500b4', '402881882ba8753a012ba8da48e000b0'),
	('402881882ba8753a012ba8db14db00b5', '2010-10-14 11:49:11', '2010-10-14 11:49:11', '湖州市', '402881882ba8753a012ba8da48e000b0,402881882ba8753a012ba8db14db00b5', '402881882ba8753a012ba8da48e000b0'),
	('402881882ba8753a012ba8db3e9b00b6', '2010-10-14 11:49:22', '2010-10-14 11:49:22', '绍兴市', '402881882ba8753a012ba8da48e000b0,402881882ba8753a012ba8db3e9b00b6', '402881882ba8753a012ba8da48e000b0'),
	('402881882ba8753a012ba8db6a8d00b7', '2010-10-14 11:49:33', '2010-10-14 11:49:33', '金华市', '402881882ba8753a012ba8da48e000b0,402881882ba8753a012ba8db6a8d00b7', '402881882ba8753a012ba8da48e000b0'),
	('402881882ba8753a012ba8db978800b8', '2010-10-14 11:49:44', '2010-10-14 11:49:44', '衢州市', '402881882ba8753a012ba8da48e000b0,402881882ba8753a012ba8db978800b8', '402881882ba8753a012ba8da48e000b0'),
	('402881882ba8753a012ba8dbcc7300b9', '2010-10-14 11:49:58', '2010-10-14 11:49:58', '舟山市', '402881882ba8753a012ba8da48e000b0,402881882ba8753a012ba8dbcc7300b9', '402881882ba8753a012ba8da48e000b0'),
	('402881882ba8753a012ba8dbf33500ba', '2010-10-14 11:50:08', '2010-10-14 11:50:08', '台州市', '402881882ba8753a012ba8da48e000b0,402881882ba8753a012ba8dbf33500ba', '402881882ba8753a012ba8da48e000b0'),
	('402881882ba8753a012ba8dc1c9700bb', '2010-10-14 11:50:19', '2010-10-14 11:50:19', '丽水市', '402881882ba8753a012ba8da48e000b0,402881882ba8753a012ba8dc1c9700bb', '402881882ba8753a012ba8da48e000b0'),
	('402881882ba8753a012ba8dc469500bc', '2010-10-14 11:50:29', '2010-10-14 11:50:29', '安徽省', '402881882ba8753a012ba8dc469500bc', NULL),
	('402881882ba8753a012ba8dc8c3900bd', '2010-10-14 11:50:47', '2010-10-14 11:50:47', '合肥市', '402881882ba8753a012ba8dc469500bc,402881882ba8753a012ba8dc8c3900bd', '402881882ba8753a012ba8dc469500bc'),
	('402881882ba8753a012ba8dcb25f00be', '2010-10-14 11:50:57', '2010-10-14 11:50:57', '芜湖市', '402881882ba8753a012ba8dc469500bc,402881882ba8753a012ba8dcb25f00be', '402881882ba8753a012ba8dc469500bc'),
	('402881882ba8753a012ba8dd667c00bf', '2010-10-14 11:51:43', '2010-10-14 11:51:43', '蚌埠市', '402881882ba8753a012ba8dc469500bc,402881882ba8753a012ba8dd667c00bf', '402881882ba8753a012ba8dc469500bc'),
	('402881882ba8753a012ba8dd925e00c0', '2010-10-14 11:51:54', '2010-10-14 11:51:54', '淮南市', '402881882ba8753a012ba8dc469500bc,402881882ba8753a012ba8dd925e00c0', '402881882ba8753a012ba8dc469500bc'),
	('402881882ba8753a012ba8ddb58600c1', '2010-10-14 11:52:03', '2010-10-14 11:52:03', '马鞍山市', '402881882ba8753a012ba8dc469500bc,402881882ba8753a012ba8ddb58600c1', '402881882ba8753a012ba8dc469500bc'),
	('402881882ba8753a012ba8ddd98900c2', '2010-10-14 11:52:12', '2010-10-14 11:52:12', '淮北市', '402881882ba8753a012ba8dc469500bc,402881882ba8753a012ba8ddd98900c2', '402881882ba8753a012ba8dc469500bc'),
	('402881882ba8753a012ba8ddfa9e00c3', '2010-10-14 11:52:21', '2010-10-14 11:52:21', '铜陵市', '402881882ba8753a012ba8dc469500bc,402881882ba8753a012ba8ddfa9e00c3', '402881882ba8753a012ba8dc469500bc'),
	('402881882ba8753a012ba8de1e8100c4', '2010-10-14 11:52:30', '2010-10-14 11:52:30', '安庆市', '402881882ba8753a012ba8dc469500bc,402881882ba8753a012ba8de1e8100c4', '402881882ba8753a012ba8dc469500bc'),
	('402881882ba8753a012ba8de4dde00c5', '2010-10-14 11:52:42', '2010-10-14 11:52:42', '黄山市', '402881882ba8753a012ba8dc469500bc,402881882ba8753a012ba8de4dde00c5', '402881882ba8753a012ba8dc469500bc'),
	('402881882ba8753a012ba8de730a00c6', '2010-10-14 11:52:52', '2010-10-14 11:52:52', '滁州市', '402881882ba8753a012ba8dc469500bc,402881882ba8753a012ba8de730a00c6', '402881882ba8753a012ba8dc469500bc'),
	('402881882ba8753a012ba8de9ad500c7', '2010-10-14 11:53:02', '2010-10-14 11:53:02', '阜阳市', '402881882ba8753a012ba8dc469500bc,402881882ba8753a012ba8de9ad500c7', '402881882ba8753a012ba8dc469500bc'),
	('402881882ba8753a012ba8df216b00c8', '2010-10-14 11:53:36', '2010-10-14 11:53:36', '宿州市', '402881882ba8753a012ba8dc469500bc,402881882ba8753a012ba8df216b00c8', '402881882ba8753a012ba8dc469500bc'),
	('402881882ba8753a012ba8df585900c9', '2010-10-14 11:53:50', '2010-10-14 11:53:50', '巢湖市', '402881882ba8753a012ba8dc469500bc,402881882ba8753a012ba8df585900c9', '402881882ba8753a012ba8dc469500bc'),
	('402881882ba8753a012ba8df7d5600ca', '2010-10-14 11:54:00', '2010-10-14 11:54:00', '六安市', '402881882ba8753a012ba8dc469500bc,402881882ba8753a012ba8df7d5600ca', '402881882ba8753a012ba8dc469500bc'),
	('402881882ba8753a012ba8dfa8cb00cb', '2010-10-14 11:54:11', '2010-10-14 11:54:11', '亳州市', '402881882ba8753a012ba8dc469500bc,402881882ba8753a012ba8dfa8cb00cb', '402881882ba8753a012ba8dc469500bc'),
	('402881882ba8753a012ba8dfcf1f00cc', '2010-10-14 11:54:21', '2010-10-14 11:54:21', '池州市', '402881882ba8753a012ba8dc469500bc,402881882ba8753a012ba8dfcf1f00cc', '402881882ba8753a012ba8dc469500bc'),
	('402881882ba8753a012ba8dff4f700cd', '2010-10-14 11:54:31', '2010-10-14 11:54:31', '宣城市', '402881882ba8753a012ba8dc469500bc,402881882ba8753a012ba8dff4f700cd', '402881882ba8753a012ba8dc469500bc'),
	('402881882ba8753a012ba8e0243500ce', '2010-10-14 11:54:43', '2010-10-14 11:54:43', '福建省', '402881882ba8753a012ba8e0243500ce', NULL),
	('402881882ba8753a012ba8e1b06200cf', '2010-10-14 11:56:24', '2010-10-14 11:56:24', '福州市', '402881882ba8753a012ba8e0243500ce,402881882ba8753a012ba8e1b06200cf', '402881882ba8753a012ba8e0243500ce'),
	('402881882ba8753a012ba8e1f17300d0', '2010-10-14 11:56:41', '2010-10-14 11:56:41', '厦门市', '402881882ba8753a012ba8e0243500ce,402881882ba8753a012ba8e1f17300d0', '402881882ba8753a012ba8e0243500ce'),
	('402881882ba8753a012ba8e21c5b00d1', '2010-10-14 11:56:52', '2010-10-14 11:56:52', '莆田市', '402881882ba8753a012ba8e0243500ce,402881882ba8753a012ba8e21c5b00d1', '402881882ba8753a012ba8e0243500ce'),
	('402881882ba8753a012ba8e2480f00d2', '2010-10-14 11:57:03', '2010-10-14 11:57:03', '三明市', '402881882ba8753a012ba8e0243500ce,402881882ba8753a012ba8e2480f00d2', '402881882ba8753a012ba8e0243500ce'),
	('402881882ba8753a012ba8e26c9e00d3', '2010-10-14 11:57:12', '2010-10-14 11:57:12', '泉州市', '402881882ba8753a012ba8e0243500ce,402881882ba8753a012ba8e26c9e00d3', '402881882ba8753a012ba8e0243500ce'),
	('402881882ba8753a012ba8e29b4f00d4', '2010-10-14 11:57:24', '2010-10-14 11:57:24', '漳州市', '402881882ba8753a012ba8e0243500ce,402881882ba8753a012ba8e29b4f00d4', '402881882ba8753a012ba8e0243500ce'),
	('402881882ba8753a012ba8e2c9b200d5', '2010-10-14 11:57:36', '2010-10-14 11:57:36', '南平市', '402881882ba8753a012ba8e0243500ce,402881882ba8753a012ba8e2c9b200d5', '402881882ba8753a012ba8e0243500ce'),
	('402881882ba8753a012ba8e2f48b00d6', '2010-10-14 11:57:47', '2010-10-14 11:57:47', '龙岩市', '402881882ba8753a012ba8e0243500ce,402881882ba8753a012ba8e2f48b00d6', '402881882ba8753a012ba8e0243500ce'),
	('402881882ba8753a012ba8e31be900d7', '2010-10-14 11:57:57', '2010-10-14 11:57:57', '宁德市', '402881882ba8753a012ba8e0243500ce,402881882ba8753a012ba8e31be900d7', '402881882ba8753a012ba8e0243500ce'),
	('402881882ba8753a012ba8e362b600d8', '2010-10-14 11:58:15', '2010-10-14 11:58:15', '江西省', '402881882ba8753a012ba8e362b600d8', NULL),
	('402881882ba8753a012ba8e3b49f00d9', '2010-10-14 11:58:36', '2010-10-14 11:58:36', '南昌市', '402881882ba8753a012ba8e362b600d8,402881882ba8753a012ba8e3b49f00d9', '402881882ba8753a012ba8e362b600d8'),
	('402881882ba8753a012ba8e433f000da', '2010-10-14 11:59:09', '2010-10-14 11:59:09', '景德镇市', '402881882ba8753a012ba8e362b600d8,402881882ba8753a012ba8e433f000da', '402881882ba8753a012ba8e362b600d8'),
	('402881882ba8753a012ba8e45ca600db', '2010-10-14 11:59:19', '2010-10-14 11:59:19', '萍乡市', '402881882ba8753a012ba8e362b600d8,402881882ba8753a012ba8e45ca600db', '402881882ba8753a012ba8e362b600d8'),
	('402881882ba8753a012ba8e4808a00dc', '2010-10-14 11:59:28', '2010-10-14 11:59:28', '九江市', '402881882ba8753a012ba8e362b600d8,402881882ba8753a012ba8e4808a00dc', '402881882ba8753a012ba8e362b600d8'),
	('402881882ba8753a012ba8e4a74c00dd', '2010-10-14 11:59:38', '2010-10-14 11:59:38', '新余市', '402881882ba8753a012ba8e362b600d8,402881882ba8753a012ba8e4a74c00dd', '402881882ba8753a012ba8e362b600d8'),
	('402881882ba8753a012ba8e4cdb000de', '2010-10-14 11:59:48', '2010-10-14 11:59:48', '鹰潭市', '402881882ba8753a012ba8e362b600d8,402881882ba8753a012ba8e4cdb000de', '402881882ba8753a012ba8e362b600d8'),
	('402881882ba8753a012ba8e4ef4200df', '2010-10-14 11:59:57', '2010-10-14 11:59:57', '赣州市', '402881882ba8753a012ba8e362b600d8,402881882ba8753a012ba8e4ef4200df', '402881882ba8753a012ba8e362b600d8'),
	('402881882ba8753a012ba8e53fb300e0', '2010-10-14 12:00:17', '2010-10-14 12:00:17', '吉安市', '402881882ba8753a012ba8e362b600d8,402881882ba8753a012ba8e53fb300e0', '402881882ba8753a012ba8e362b600d8'),
	('402881882ba8753a012ba8e56d0d00e1', '2010-10-14 12:00:29', '2010-10-14 12:00:29', '宜春市', '402881882ba8753a012ba8e362b600d8,402881882ba8753a012ba8e56d0d00e1', '402881882ba8753a012ba8e362b600d8'),
	('402881882ba8753a012ba8e5921900e2', '2010-10-14 12:00:38', '2010-10-14 12:00:38', '抚州市', '402881882ba8753a012ba8e362b600d8,402881882ba8753a012ba8e5921900e2', '402881882ba8753a012ba8e362b600d8'),
	('402881882ba8753a012ba8e5c22200e3', '2010-10-14 12:00:51', '2010-10-14 12:00:51', '上饶市', '402881882ba8753a012ba8e362b600d8,402881882ba8753a012ba8e5c22200e3', '402881882ba8753a012ba8e362b600d8'),
	('402881882ba8753a012ba8e5f7d800e4', '2010-10-14 12:01:04', '2010-10-14 12:01:04', '山东省', '402881882ba8753a012ba8e5f7d800e4', NULL),
	('402881882ba8753a012ba928e9c800e5', '2010-10-14 13:14:12', '2010-10-14 13:14:12', '济南市', '402881882ba8753a012ba8e5f7d800e4,402881882ba8753a012ba928e9c800e5', '402881882ba8753a012ba8e5f7d800e4'),
	('402881882ba8753a012ba929137800e6', '2010-10-14 13:14:22', '2010-10-14 13:14:22', '青岛市', '402881882ba8753a012ba8e5f7d800e4,402881882ba8753a012ba929137800e6', '402881882ba8753a012ba8e5f7d800e4'),
	('402881882ba8753a012ba929374c00e7', '2010-10-14 13:14:32', '2010-10-14 13:14:32', '淄博市', '402881882ba8753a012ba8e5f7d800e4,402881882ba8753a012ba929374c00e7', '402881882ba8753a012ba8e5f7d800e4'),
	('402881882ba8753a012ba9295d4300e8', '2010-10-14 13:14:41', '2010-10-14 13:14:41', '枣庄市', '402881882ba8753a012ba8e5f7d800e4,402881882ba8753a012ba9295d4300e8', '402881882ba8753a012ba8e5f7d800e4'),
	('402881882ba8753a012ba929884b00e9', '2010-10-14 13:14:52', '2010-10-14 13:14:52', '东营市', '402881882ba8753a012ba8e5f7d800e4,402881882ba8753a012ba929884b00e9', '402881882ba8753a012ba8e5f7d800e4'),
	('402881882ba8753a012ba929ac2e00ea', '2010-10-14 13:15:02', '2010-10-14 13:15:02', '烟台市', '402881882ba8753a012ba8e5f7d800e4,402881882ba8753a012ba929ac2e00ea', '402881882ba8753a012ba8e5f7d800e4'),
	('402881882ba8753a012ba929cfe300eb', '2010-10-14 13:15:11', '2010-10-14 13:15:11', '潍坊市', '402881882ba8753a012ba8e5f7d800e4,402881882ba8753a012ba929cfe300eb', '402881882ba8753a012ba8e5f7d800e4'),
	('402881882ba8753a012ba929f68500ec', '2010-10-14 13:15:21', '2010-10-14 13:15:21', '济宁市', '402881882ba8753a012ba8e5f7d800e4,402881882ba8753a012ba929f68500ec', '402881882ba8753a012ba8e5f7d800e4'),
	('402881882ba8753a012ba92a1a4a00ed', '2010-10-14 13:15:30', '2010-10-14 13:15:30', '泰安市', '402881882ba8753a012ba8e5f7d800e4,402881882ba8753a012ba92a1a4a00ed', '402881882ba8753a012ba8e5f7d800e4'),
	('402881882ba8753a012ba92a5f0300ee', '2010-10-14 13:15:47', '2010-10-14 13:15:47', '威海市', '402881882ba8753a012ba8e5f7d800e4,402881882ba8753a012ba92a5f0300ee', '402881882ba8753a012ba8e5f7d800e4'),
	('402881882ba8753a012ba92a825a00ef', '2010-10-14 13:15:56', '2010-10-14 13:15:56', '日照市', '402881882ba8753a012ba8e5f7d800e4,402881882ba8753a012ba92a825a00ef', '402881882ba8753a012ba8e5f7d800e4'),
	('402881882ba8753a012ba92aa99900f0', '2010-10-14 13:16:06', '2010-10-14 13:16:06', '莱芜市', '402881882ba8753a012ba8e5f7d800e4,402881882ba8753a012ba92aa99900f0', '402881882ba8753a012ba8e5f7d800e4'),
	('402881882ba8753a012ba92acd4e00f1', '2010-10-14 13:16:16', '2010-10-14 13:16:16', '临沂市', '402881882ba8753a012ba8e5f7d800e4,402881882ba8753a012ba92acd4e00f1', '402881882ba8753a012ba8e5f7d800e4'),
	('402881882ba8753a012ba92af27900f2', '2010-10-14 13:16:25', '2010-10-14 13:16:25', '德州市', '402881882ba8753a012ba8e5f7d800e4,402881882ba8753a012ba92af27900f2', '402881882ba8753a012ba8e5f7d800e4'),
	('402881882ba8753a012ba92b154400f3', '2010-10-14 13:16:34', '2010-10-14 13:16:34', '聊城市', '402881882ba8753a012ba8e5f7d800e4,402881882ba8753a012ba92b154400f3', '402881882ba8753a012ba8e5f7d800e4'),
	('402881882ba8753a012ba92b3a6000f4', '2010-10-14 13:16:44', '2010-10-14 13:16:44', '滨州市', '402881882ba8753a012ba8e5f7d800e4,402881882ba8753a012ba92b3a6000f4', '402881882ba8753a012ba8e5f7d800e4'),
	('402881882ba8753a012ba92b688400f5', '2010-10-14 13:16:55', '2010-10-14 13:16:55', '荷泽市', '402881882ba8753a012ba8e5f7d800e4,402881882ba8753a012ba92b688400f5', '402881882ba8753a012ba8e5f7d800e4'),
	('402881882ba8753a012ba92ba9c300f6', '2010-10-14 13:17:12', '2010-10-14 13:17:12', '河南省', '402881882ba8753a012ba92ba9c300f6', NULL),
	('402881882ba8753a012ba92bd8a300f7', '2010-10-14 13:17:24', '2010-10-14 13:17:24', '郑州市', '402881882ba8753a012ba92ba9c300f6,402881882ba8753a012ba92bd8a300f7', '402881882ba8753a012ba92ba9c300f6'),
	('402881882ba8753a012ba92bfab200f8', '2010-10-14 13:17:33', '2010-10-14 13:17:33', '开封市', '402881882ba8753a012ba92ba9c300f6,402881882ba8753a012ba92bfab200f8', '402881882ba8753a012ba92ba9c300f6'),
	('402881882ba8753a012ba92c1afc00f9', '2010-10-14 13:17:41', '2010-10-14 13:17:41', '洛阳市', '402881882ba8753a012ba92ba9c300f6,402881882ba8753a012ba92c1afc00f9', '402881882ba8753a012ba92ba9c300f6'),
	('402881882ba8753a012ba92c42c700fa', '2010-10-14 13:17:51', '2010-10-14 13:17:51', '平顶山市', '402881882ba8753a012ba92ba9c300f6,402881882ba8753a012ba92c42c700fa', '402881882ba8753a012ba92ba9c300f6'),
	('402881882ba8753a012ba92c66f900fb', '2010-10-14 13:18:00', '2010-10-14 13:18:00', '安阳市', '402881882ba8753a012ba92ba9c300f6,402881882ba8753a012ba92c66f900fb', '402881882ba8753a012ba92ba9c300f6'),
	('402881882ba8753a012ba92c898400fc', '2010-10-14 13:18:09', '2010-10-14 13:18:09', '鹤壁市', '402881882ba8753a012ba92ba9c300f6,402881882ba8753a012ba92c898400fc', '402881882ba8753a012ba92ba9c300f6'),
	('402881882ba8753a012ba92cac2f00fd', '2010-10-14 13:18:18', '2010-10-14 13:18:18', '新乡市', '402881882ba8753a012ba92ba9c300f6,402881882ba8753a012ba92cac2f00fd', '402881882ba8753a012ba92ba9c300f6'),
	('402881882ba8753a012ba92ccce600fe', '2010-10-14 13:18:27', '2010-10-14 13:18:27', '焦作市', '402881882ba8753a012ba92ba9c300f6,402881882ba8753a012ba92ccce600fe', '402881882ba8753a012ba92ba9c300f6'),
	('402881882ba8753a012ba92cef0500ff', '2010-10-14 13:18:35', '2010-10-14 13:18:35', '濮阳市', '402881882ba8753a012ba92ba9c300f6,402881882ba8753a012ba92cef0500ff', '402881882ba8753a012ba92ba9c300f6'),
	('402881882ba8753a012ba92d13f20100', '2010-10-14 13:18:45', '2010-10-14 13:18:45', '许昌市', '402881882ba8753a012ba92ba9c300f6,402881882ba8753a012ba92d13f20100', '402881882ba8753a012ba92ba9c300f6'),
	('402881882ba8753a012ba92d35360101', '2010-10-14 13:18:53', '2010-10-14 13:18:53', '漯河市', '402881882ba8753a012ba92ba9c300f6,402881882ba8753a012ba92d35360101', '402881882ba8753a012ba92ba9c300f6'),
	('402881882ba8753a012ba92d57d10102', '2010-10-14 13:19:02', '2010-10-14 13:19:02', '三门峡市', '402881882ba8753a012ba92ba9c300f6,402881882ba8753a012ba92d57d10102', '402881882ba8753a012ba92ba9c300f6'),
	('402881882ba8753a012ba92d7ba50103', '2010-10-14 13:19:11', '2010-10-14 13:19:11', '南阳市', '402881882ba8753a012ba92ba9c300f6,402881882ba8753a012ba92d7ba50103', '402881882ba8753a012ba92ba9c300f6'),
	('402881882ba8753a012ba92da1ab0104', '2010-10-14 13:19:21', '2010-10-14 13:19:21', '商丘市', '402881882ba8753a012ba92ba9c300f6,402881882ba8753a012ba92da1ab0104', '402881882ba8753a012ba92ba9c300f6'),
	('402881882ba8753a012ba92dc7b20105', '2010-10-14 13:19:31', '2010-10-14 13:19:31', '信阳市', '402881882ba8753a012ba92ba9c300f6,402881882ba8753a012ba92dc7b20105', '402881882ba8753a012ba92ba9c300f6'),
	('402881882ba8753a012ba92de8780106', '2010-10-14 13:19:39', '2010-10-14 13:19:39', '周口市', '402881882ba8753a012ba92ba9c300f6,402881882ba8753a012ba92de8780106', '402881882ba8753a012ba92ba9c300f6'),
	('402881882ba8753a012ba92e0bee0107', '2010-10-14 13:19:48', '2010-10-14 13:19:48', '驻马店市', '402881882ba8753a012ba92ba9c300f6,402881882ba8753a012ba92e0bee0107', '402881882ba8753a012ba92ba9c300f6'),
	('402881882ba8753a012ba92e37a20108', '2010-10-14 13:19:59', '2010-10-14 13:19:59', '湖北省', '402881882ba8753a012ba92e37a20108', NULL),
	('402881882ba8753a012ba92e68660109', '2010-10-14 13:20:12', '2010-10-14 13:20:12', '武汉市', '402881882ba8753a012ba92e37a20108,402881882ba8753a012ba92e68660109', '402881882ba8753a012ba92e37a20108'),
	('402881882ba8753a012ba92e94d5010a', '2010-10-14 13:20:23', '2010-10-14 13:20:23', '黄石市', '402881882ba8753a012ba92e37a20108,402881882ba8753a012ba92e94d5010a', '402881882ba8753a012ba92e37a20108'),
	('402881882ba8753a012ba92eb82c010b', '2010-10-14 13:20:32', '2010-10-14 13:20:32', '十堰市', '402881882ba8753a012ba92e37a20108,402881882ba8753a012ba92eb82c010b', '402881882ba8753a012ba92e37a20108'),
	('402881882ba8753a012ba92edfe8010c', '2010-10-14 13:20:42', '2010-10-14 13:20:42', '宜昌市', '402881882ba8753a012ba92e37a20108,402881882ba8753a012ba92edfe8010c', '402881882ba8753a012ba92e37a20108'),
	('402881882ba8753a012ba92f21a4010d', '2010-10-14 13:20:59', '2010-10-14 13:20:59', '襄樊市', '402881882ba8753a012ba92e37a20108,402881882ba8753a012ba92f21a4010d', '402881882ba8753a012ba92e37a20108'),
	('402881882ba8753a012ba92f4ab8010e', '2010-10-14 13:21:10', '2010-10-14 13:21:10', '鄂州市', '402881882ba8753a012ba92e37a20108,402881882ba8753a012ba92f4ab8010e', '402881882ba8753a012ba92e37a20108'),
	('402881882ba8753a012ba92f6ca7010f', '2010-10-14 13:21:19', '2010-10-14 13:21:19', '荆门市', '402881882ba8753a012ba92e37a20108,402881882ba8753a012ba92f6ca7010f', '402881882ba8753a012ba92e37a20108'),
	('402881882ba8753a012ba92f8dfa0110', '2010-10-14 13:21:27', '2010-10-14 13:21:27', '孝感市', '402881882ba8753a012ba92e37a20108,402881882ba8753a012ba92f8dfa0110', '402881882ba8753a012ba92e37a20108'),
	('402881882ba8753a012ba92fb0480111', '2010-10-14 13:21:36', '2010-10-14 13:21:36', '荆州市', '402881882ba8753a012ba92e37a20108,402881882ba8753a012ba92fb0480111', '402881882ba8753a012ba92e37a20108'),
	('402881882ba8753a012ba92fd6bb0112', '2010-10-14 13:21:46', '2010-10-14 13:21:46', '黄冈市', '402881882ba8753a012ba92e37a20108,402881882ba8753a012ba92fd6bb0112', '402881882ba8753a012ba92e37a20108'),
	('402881882ba8753a012ba92ff9280113', '2010-10-14 13:21:54', '2010-10-14 13:21:55', '咸宁市', '402881882ba8753a012ba92e37a20108,402881882ba8753a012ba92ff9280113', '402881882ba8753a012ba92e37a20108'),
	('402881882ba8753a012ba9301be30114', '2010-10-14 13:22:03', '2010-10-14 13:22:03', '随州市', '402881882ba8753a012ba92e37a20108,402881882ba8753a012ba9301be30114', '402881882ba8753a012ba92e37a20108'),
	('402881882ba8753a012ba930d6690115', '2010-10-14 13:22:51', '2010-10-14 13:22:51', '湖南省', '402881882ba8753a012ba930d6690115', NULL),
	('402881882ba8753a012ba93101120116', '2010-10-14 13:23:02', '2010-10-14 13:23:02', '长沙市', '402881882ba8753a012ba930d6690115,402881882ba8753a012ba93101120116', '402881882ba8753a012ba930d6690115'),
	('402881882ba8753a012ba93125f00117', '2010-10-14 13:23:11', '2010-10-14 13:23:11', '株洲市', '402881882ba8753a012ba930d6690115,402881882ba8753a012ba93125f00117', '402881882ba8753a012ba930d6690115'),
	('402881882ba8753a012ba93147a10118', '2010-10-14 13:23:20', '2010-10-14 13:23:20', '湘潭市', '402881882ba8753a012ba930d6690115,402881882ba8753a012ba93147a10118', '402881882ba8753a012ba930d6690115'),
	('402881882ba8753a012ba9316a7b0119', '2010-10-14 13:23:29', '2010-10-14 13:23:29', '衡阳市', '402881882ba8753a012ba930d6690115,402881882ba8753a012ba9316a7b0119', '402881882ba8753a012ba930d6690115'),
	('402881882ba8753a012ba9318e2f011a', '2010-10-14 13:23:38', '2010-10-14 13:23:38', '邵阳市', '402881882ba8753a012ba930d6690115,402881882ba8753a012ba9318e2f011a', '402881882ba8753a012ba930d6690115'),
	('402881882ba8753a012ba931b5ad011b', '2010-10-14 13:23:48', '2010-10-14 13:23:48', '岳阳市', '402881882ba8753a012ba930d6690115,402881882ba8753a012ba931b5ad011b', '402881882ba8753a012ba930d6690115'),
	('402881882ba8753a012ba931dac9011c', '2010-10-14 13:23:58', '2010-10-14 13:23:58', '常德市', '402881882ba8753a012ba930d6690115,402881882ba8753a012ba931dac9011c', '402881882ba8753a012ba930d6690115'),
	('402881882ba8753a012ba931fe6e011d', '2010-10-14 13:24:07', '2010-10-14 13:24:07', '张家界市', '402881882ba8753a012ba930d6690115,402881882ba8753a012ba931fe6e011d', '402881882ba8753a012ba930d6690115'),
	('402881882ba8753a012ba93222ce011e', '2010-10-14 13:24:16', '2010-10-14 13:24:16', '益阳市', '402881882ba8753a012ba930d6690115,402881882ba8753a012ba93222ce011e', '402881882ba8753a012ba930d6690115'),
	('402881882ba8753a012ba932fe59011f', '2010-10-14 13:25:12', '2010-10-14 13:25:12', '郴州市', '402881882ba8753a012ba930d6690115,402881882ba8753a012ba932fe59011f', '402881882ba8753a012ba930d6690115'),
	('402881882ba8753a012ba933275d0120', '2010-10-14 13:25:23', '2010-10-14 13:25:23', '永州市', '402881882ba8753a012ba930d6690115,402881882ba8753a012ba933275d0120', '402881882ba8753a012ba930d6690115'),
	('402881882ba8753a012ba9334cd70121', '2010-10-14 13:25:33', '2010-10-14 13:25:33', '怀化市', '402881882ba8753a012ba930d6690115,402881882ba8753a012ba9334cd70121', '402881882ba8753a012ba930d6690115'),
	('402881882ba8753a012ba9337b880122', '2010-10-14 13:25:44', '2010-10-14 13:25:44', '娄底市', '402881882ba8753a012ba930d6690115,402881882ba8753a012ba9337b880122', '402881882ba8753a012ba930d6690115'),
	('402881882ba8753a012ba93401620123', '2010-10-14 13:26:19', '2010-10-14 13:26:19', '湘西土家族苗族自治州', '402881882ba8753a012ba930d6690115,402881882ba8753a012ba93401620123', '402881882ba8753a012ba930d6690115'),
	('402881882ba8753a012ba9342b210124', '2010-10-14 13:26:29', '2010-10-14 13:26:29', '广东省', '402881882ba8753a012ba9342b210124', NULL),
	('402881882ba8753a012ba9345e950125', '2010-10-14 13:26:43', '2010-10-14 13:26:43', '广州市', '402881882ba8753a012ba9342b210124,402881882ba8753a012ba9345e950125', '402881882ba8753a012ba9342b210124'),
	('402881882ba8753a012ba93483e00126', '2010-10-14 13:26:52', '2010-10-14 13:26:52', '韶关市', '402881882ba8753a012ba9342b210124,402881882ba8753a012ba93483e00126', '402881882ba8753a012ba9342b210124'),
	('402881882ba8753a012ba934ac770127', '2010-10-14 13:27:03', '2010-10-14 13:27:03', '深圳市', '402881882ba8753a012ba9342b210124,402881882ba8753a012ba934ac770127', '402881882ba8753a012ba9342b210124'),
	('402881882ba8753a012ba934d02b0128', '2010-10-14 13:27:12', '2010-10-14 13:27:12', '珠海市', '402881882ba8753a012ba9342b210124,402881882ba8753a012ba934d02b0128', '402881882ba8753a012ba9342b210124'),
	('402881882ba8753a012ba934eeb00129', '2010-10-14 13:27:19', '2010-10-14 13:27:19', '汕头市', '402881882ba8753a012ba9342b210124,402881882ba8753a012ba934eeb00129', '402881882ba8753a012ba9342b210124'),
	('402881882ba8753a012ba9351207012a', '2010-10-14 13:27:29', '2010-10-14 13:27:29', '佛山市', '402881882ba8753a012ba9342b210124,402881882ba8753a012ba9351207012a', '402881882ba8753a012ba9342b210124'),
	('402881882ba8753a012ba9353406012b', '2010-10-14 13:27:37', '2010-10-14 13:27:37', '江门市', '402881882ba8753a012ba9342b210124,402881882ba8753a012ba9353406012b', '402881882ba8753a012ba9342b210124'),
	('402881882ba8753a012ba9355672012c', '2010-10-14 13:27:46', '2010-10-14 13:27:46', '湛江市', '402881882ba8753a012ba9342b210124,402881882ba8753a012ba9355672012c', '402881882ba8753a012ba9342b210124'),
	('402881882ba8753a012ba9357843012d', '2010-10-14 13:27:55', '2010-10-14 13:27:55', '茂名市', '402881882ba8753a012ba9342b210124,402881882ba8753a012ba9357843012d', '402881882ba8753a012ba9342b210124'),
	('402881882ba8753a012ba935980f012e', '2010-10-14 13:28:03', '2010-10-14 13:28:03', '肇庆市', '402881882ba8753a012ba9342b210124,402881882ba8753a012ba935980f012e', '402881882ba8753a012ba9342b210124'),
	('402881882ba8753a012ba935c26b012f', '2010-10-14 13:28:14', '2010-10-14 13:28:14', '惠州市', '402881882ba8753a012ba9342b210124,402881882ba8753a012ba935c26b012f', '402881882ba8753a012ba9342b210124'),
	('402881882ba8753a012ba935e5e10130', '2010-10-14 13:28:23', '2010-10-14 13:28:23', '梅州市', '402881882ba8753a012ba9342b210124,402881882ba8753a012ba935e5e10130', '402881882ba8753a012ba9342b210124'),
	('402881882ba8753a012ba93609960131', '2010-10-14 13:28:32', '2010-10-14 13:28:32', '汕尾市', '402881882ba8753a012ba9342b210124,402881882ba8753a012ba93609960131', '402881882ba8753a012ba9342b210124'),
	('402881882ba8753a012ba93638c40132', '2010-10-14 13:28:44', '2010-10-14 13:28:44', '河源市', '402881882ba8753a012ba9342b210124,402881882ba8753a012ba93638c40132', '402881882ba8753a012ba9342b210124'),
	('402881882ba8753a012ba936593c0133', '2010-10-14 13:28:52', '2010-10-14 13:28:52', '阳江市', '402881882ba8753a012ba9342b210124,402881882ba8753a012ba936593c0133', '402881882ba8753a012ba9342b210124'),
	('402881882ba8753a012ba9367d9d0134', '2010-10-14 13:29:02', '2010-10-14 13:29:02', '清远市', '402881882ba8753a012ba9342b210124,402881882ba8753a012ba9367d9d0134', '402881882ba8753a012ba9342b210124'),
	('402881882ba8753a012ba9369b760135', '2010-10-14 13:29:09', '2010-10-14 13:29:09', '东莞市', '402881882ba8753a012ba9342b210124,402881882ba8753a012ba9369b760135', '402881882ba8753a012ba9342b210124'),
	('402881882ba8753a012ba936c5350136', '2010-10-14 13:29:20', '2010-10-14 13:29:20', '中山市', '402881882ba8753a012ba9342b210124,402881882ba8753a012ba936c5350136', '402881882ba8753a012ba9342b210124'),
	('402881882ba8753a012ba936eb0d0137', '2010-10-14 13:29:30', '2010-10-14 13:29:30', '潮州市', '402881882ba8753a012ba9342b210124,402881882ba8753a012ba936eb0d0137', '402881882ba8753a012ba9342b210124'),
	('402881882ba8753a012ba93716720138', '2010-10-14 13:29:41', '2010-10-14 13:29:41', '揭阳市', '402881882ba8753a012ba9342b210124,402881882ba8753a012ba93716720138', '402881882ba8753a012ba9342b210124'),
	('402881882ba8753a012ba93738ee0139', '2010-10-14 13:29:50', '2010-10-14 13:29:50', '云浮市', '402881882ba8753a012ba9342b210124,402881882ba8753a012ba93738ee0139', '402881882ba8753a012ba9342b210124'),
	('402881882ba8753a012ba9376770013a', '2010-10-14 13:30:01', '2010-10-14 13:30:01', '广西壮族自治区', '402881882ba8753a012ba9376770013a', NULL),
	('402881882ba8753a012ba9379c4c013b', '2010-10-14 13:30:15', '2010-10-14 13:30:15', '南宁市', '402881882ba8753a012ba9376770013a,402881882ba8753a012ba9379c4c013b', '402881882ba8753a012ba9376770013a'),
	('402881882ba8753a012ba937bf06013c', '2010-10-14 13:30:24', '2010-10-14 13:30:24', '柳州市', '402881882ba8753a012ba9376770013a,402881882ba8753a012ba937bf06013c', '402881882ba8753a012ba9376770013a'),
	('402881882ba8753a012ba937e192013d', '2010-10-14 13:30:33', '2010-10-14 13:30:33', '桂林市', '402881882ba8753a012ba9376770013a,402881882ba8753a012ba937e192013d', '402881882ba8753a012ba9376770013a'),
	('402881882ba8753a012ba9380789013e', '2010-10-14 13:30:42', '2010-10-14 13:30:42', '梧州市', '402881882ba8753a012ba9376770013a,402881882ba8753a012ba9380789013e', '402881882ba8753a012ba9376770013a'),
	('402881882ba8753a012ba93827f2013f', '2010-10-14 13:30:51', '2010-10-14 13:30:51', '北海市', '402881882ba8753a012ba9376770013a,402881882ba8753a012ba93827f2013f', '402881882ba8753a012ba9376770013a'),
	('402881882ba8753a012ba93851150140', '2010-10-14 13:31:01', '2010-10-14 13:31:01', '防城港市', '402881882ba8753a012ba9376770013a,402881882ba8753a012ba93851150140', '402881882ba8753a012ba9376770013a'),
	('402881882ba8753a012ba93872490141', '2010-10-14 13:31:10', '2010-10-14 13:31:10', '钦州市', '402881882ba8753a012ba9376770013a,402881882ba8753a012ba93872490141', '402881882ba8753a012ba9376770013a'),
	('402881882ba8753a012ba93899780142', '2010-10-14 13:31:20', '2010-10-14 13:31:20', '贵港市', '402881882ba8753a012ba9376770013a,402881882ba8753a012ba93899780142', '402881882ba8753a012ba9376770013a'),
	('402881882ba8753a012ba938badb0143', '2010-10-14 13:31:28', '2010-10-14 13:31:28', '玉林市', '402881882ba8753a012ba9376770013a,402881882ba8753a012ba938badb0143', '402881882ba8753a012ba9376770013a'),
	('402881882ba8753a012ba938db820144', '2010-10-14 13:31:37', '2010-10-14 13:31:37', '百色市', '402881882ba8753a012ba9376770013a,402881882ba8753a012ba938db820144', '402881882ba8753a012ba9376770013a'),
	('402881882ba8753a012ba938fd530145', '2010-10-14 13:31:45', '2010-10-14 13:31:45', '贺州市', '402881882ba8753a012ba9376770013a,402881882ba8753a012ba938fd530145', '402881882ba8753a012ba9376770013a'),
	('402881882ba8753a012ba93921360146', '2010-10-14 13:31:55', '2010-10-14 13:31:55', '河池市', '402881882ba8753a012ba9376770013a,402881882ba8753a012ba93921360146', '402881882ba8753a012ba9376770013a'),
	('402881882ba8753a012ba93943d10147', '2010-10-14 13:32:03', '2010-10-14 13:32:03', '来宾市', '402881882ba8753a012ba9376770013a,402881882ba8753a012ba93943d10147', '402881882ba8753a012ba9376770013a'),
	('402881882ba8753a012ba93965c10148', '2010-10-14 13:32:12', '2010-10-14 13:32:12', '崇左市', '402881882ba8753a012ba9376770013a,402881882ba8753a012ba93965c10148', '402881882ba8753a012ba9376770013a'),
	('402881882ba8753a012ba939ac010149', '2010-10-14 13:32:30', '2010-10-14 13:32:30', '海南省', '402881882ba8753a012ba939ac010149', NULL),
	('402881882ba8753a012ba939da07014a', '2010-10-14 13:32:42', '2010-10-14 13:32:42', '海口市', '402881882ba8753a012ba939ac010149,402881882ba8753a012ba939da07014a', '402881882ba8753a012ba939ac010149'),
	('402881882ba8753a012ba939f8ca014b', '2010-10-14 13:32:50', '2010-10-14 13:32:50', '三亚市', '402881882ba8753a012ba939ac010149,402881882ba8753a012ba939f8ca014b', '402881882ba8753a012ba939ac010149'),
	('402881882ba8753a012ba93a6743014c', '2010-10-14 13:33:18', '2010-10-14 13:33:18', '重庆市', '402881882ba8753a012ba93a6743014c', NULL),
	('402881882ba8753a012ba93b13fe014d', '2010-10-14 13:34:02', '2010-10-14 13:34:02', '万州区', '402881882ba8753a012ba93a6743014c,402881882ba8753a012ba93b13fe014d', '402881882ba8753a012ba93a6743014c'),
	('402881882ba8753a012ba93b34d4014e', '2010-10-14 13:34:11', '2010-10-14 13:34:11', '涪陵区', '402881882ba8753a012ba93a6743014c,402881882ba8753a012ba93b34d4014e', '402881882ba8753a012ba93a6743014c'),
	('402881882ba8753a012ba93b5898014f', '2010-10-14 13:34:20', '2010-10-14 13:34:20', '渝中区', '402881882ba8753a012ba93a6743014c,402881882ba8753a012ba93b5898014f', '402881882ba8753a012ba93a6743014c'),
	('402881882ba8753a012ba93b7a970150', '2010-10-14 13:34:29', '2010-10-14 13:34:29', '大渡口区', '402881882ba8753a012ba93a6743014c,402881882ba8753a012ba93b7a970150', '402881882ba8753a012ba93a6743014c'),
	('402881882ba8753a012ba93b9a930151', '2010-10-14 13:34:37', '2010-10-14 13:34:37', '江北区', '402881882ba8753a012ba93a6743014c,402881882ba8753a012ba93b9a930151', '402881882ba8753a012ba93a6743014c'),
	('402881882ba8753a012ba93bbb980152', '2010-10-14 13:34:45', '2010-10-14 13:34:45', '沙坪坝区', '402881882ba8753a012ba93a6743014c,402881882ba8753a012ba93bbb980152', '402881882ba8753a012ba93a6743014c'),
	('402881882ba8753a012ba93bdab90153', '2010-10-14 13:34:53', '2010-10-14 13:34:53', '九龙坡区', '402881882ba8753a012ba93a6743014c,402881882ba8753a012ba93bdab90153', '402881882ba8753a012ba93a6743014c'),
	('402881882ba8753a012ba93bfd150154', '2010-10-14 13:35:02', '2010-10-14 13:35:02', '南岸区', '402881882ba8753a012ba93a6743014c,402881882ba8753a012ba93bfd150154', '402881882ba8753a012ba93a6743014c'),
	('402881882ba8753a012ba93c1b4c0155', '2010-10-14 13:35:10', '2010-10-14 13:35:10', '北碚区', '402881882ba8753a012ba93a6743014c,402881882ba8753a012ba93c1b4c0155', '402881882ba8753a012ba93a6743014c'),
	('402881882ba8753a012ba93c3c800156', '2010-10-14 13:35:18', '2010-10-14 13:35:18', '万盛区', '402881882ba8753a012ba93a6743014c,402881882ba8753a012ba93c3c800156', '402881882ba8753a012ba93a6743014c'),
	('402881882ba8753a012ba93c5a970157', '2010-10-14 13:35:26', '2010-10-14 13:35:26', '双桥区', '402881882ba8753a012ba93a6743014c,402881882ba8753a012ba93c5a970157', '402881882ba8753a012ba93a6743014c'),
	('402881882ba8753a012ba93c793b0158', '2010-10-14 13:35:34', '2010-10-14 13:35:34', '渝北区', '402881882ba8753a012ba93a6743014c,402881882ba8753a012ba93c793b0158', '402881882ba8753a012ba93a6743014c'),
	('402881882ba8753a012ba93c93790159', '2010-10-14 13:35:40', '2010-10-14 13:35:40', '巴南区', '402881882ba8753a012ba93a6743014c,402881882ba8753a012ba93c93790159', '402881882ba8753a012ba93a6743014c'),
	('402881882ba8753a012ba93cacaf015a', '2010-10-14 13:35:47', '2010-10-14 13:35:47', '黔江区', '402881882ba8753a012ba93a6743014c,402881882ba8753a012ba93cacaf015a', '402881882ba8753a012ba93a6743014c'),
	('402881882ba8753a012ba93cbc7d015b', '2010-10-14 13:35:51', '2010-10-14 13:35:51', '长寿区', '402881882ba8753a012ba93a6743014c,402881882ba8753a012ba93cbc7d015b', '402881882ba8753a012ba93a6743014c'),
	('402881882ba8753a012ba93d1d3b015c', '2010-10-14 13:36:16', '2010-10-14 13:36:16', '江津市', '402881882ba8753a012ba93a6743014c,402881882ba8753a012ba93d1d3b015c', '402881882ba8753a012ba93a6743014c'),
	('402881882ba8753a012ba93d3a0a015d', '2010-10-14 13:36:23', '2010-10-14 13:36:23', '合川市', '402881882ba8753a012ba93a6743014c,402881882ba8753a012ba93d3a0a015d', '402881882ba8753a012ba93a6743014c'),
	('402881882ba8753a012ba93d53ad015e', '2010-10-14 13:36:30', '2010-10-14 13:36:30', '永川市', '402881882ba8753a012ba93a6743014c,402881882ba8753a012ba93d53ad015e', '402881882ba8753a012ba93a6743014c'),
	('402881882ba8753a012ba93d6689015f', '2010-10-14 13:36:34', '2010-10-14 13:36:34', '南川市', '402881882ba8753a012ba93a6743014c,402881882ba8753a012ba93d6689015f', '402881882ba8753a012ba93a6743014c'),
	('402881882ba8753a012ba93d95780160', '2010-10-14 13:36:46', '2010-10-14 13:36:46', '四川省', '402881882ba8753a012ba93d95780160', NULL),
	('402881882ba8753a012ba93dc8110161', '2010-10-14 13:36:59', '2010-10-14 13:36:59', '成都市', '402881882ba8753a012ba93d95780160,402881882ba8753a012ba93dc8110161', '402881882ba8753a012ba93d95780160'),
	('402881882ba8753a012ba93df0d70162', '2010-10-14 13:37:10', '2010-10-14 13:37:10', '自贡市', '402881882ba8753a012ba93d95780160,402881882ba8753a012ba93df0d70162', '402881882ba8753a012ba93d95780160'),
	('402881882ba8753a012ba93e12980163', '2010-10-14 13:37:19', '2010-10-14 13:37:19', '攀枝花市', '402881882ba8753a012ba93d95780160,402881882ba8753a012ba93e12980163', '402881882ba8753a012ba93d95780160'),
	('402881882ba8753a012ba93e30ce0164', '2010-10-14 13:37:26', '2010-10-14 13:37:26', '泸州市', '402881882ba8753a012ba93d95780160,402881882ba8753a012ba93e30ce0164', '402881882ba8753a012ba93d95780160'),
	('402881882ba8753a012ba93e54a20165', '2010-10-14 13:37:35', '2010-10-14 13:37:35', '德阳市', '402881882ba8753a012ba93d95780160,402881882ba8753a012ba93e54a20165', '402881882ba8753a012ba93d95780160'),
	('402881882ba8753a012ba93e83820166', '2010-10-14 13:37:47', '2010-10-14 13:37:47', '绵阳市', '402881882ba8753a012ba93d95780160,402881882ba8753a012ba93e83820166', '402881882ba8753a012ba93d95780160'),
	('402881882ba8753a012ba93ea6d90167', '2010-10-14 13:37:56', '2010-10-14 13:37:56', '广元市', '402881882ba8753a012ba93d95780160,402881882ba8753a012ba93ea6d90167', '402881882ba8753a012ba93d95780160'),
	('402881882ba8753a012ba93ecaad0168', '2010-10-14 13:38:06', '2010-10-14 13:38:06', '遂宁市', '402881882ba8753a012ba93d95780160,402881882ba8753a012ba93ecaad0168', '402881882ba8753a012ba93d95780160'),
	('402881882ba8753a012ba93eeab80169', '2010-10-14 13:38:14', '2010-10-14 13:38:14', '内江市', '402881882ba8753a012ba93d95780160,402881882ba8753a012ba93eeab80169', '402881882ba8753a012ba93d95780160'),
	('402881882ba8753a012ba93f0c69016a', '2010-10-14 13:38:22', '2010-10-14 13:38:22', '乐山市', '402881882ba8753a012ba93d95780160,402881882ba8753a012ba93f0c69016a', '402881882ba8753a012ba93d95780160'),
	('402881882ba8753a012ba93f2d6e016b', '2010-10-14 13:38:31', '2010-10-14 13:38:31', '南充市', '402881882ba8753a012ba93d95780160,402881882ba8753a012ba93f2d6e016b', '402881882ba8753a012ba93d95780160'),
	('402881882ba8753a012ba93f551a016c', '2010-10-14 13:38:41', '2010-10-14 13:38:41', '眉山市', '402881882ba8753a012ba93d95780160,402881882ba8753a012ba93f551a016c', '402881882ba8753a012ba93d95780160'),
	('402881882ba8753a012ba93f7cf5016d', '2010-10-14 13:38:51', '2010-10-14 13:38:51', '宜宾市', '402881882ba8753a012ba93d95780160,402881882ba8753a012ba93f7cf5016d', '402881882ba8753a012ba93d95780160'),
	('402881882ba8753a012ba93fec3a016e', '2010-10-14 13:39:20', '2010-10-14 13:39:20', '广安市', '402881882ba8753a012ba93d95780160,402881882ba8753a012ba93fec3a016e', '402881882ba8753a012ba93d95780160'),
	('402881882ba8753a012ba94017ed016f', '2010-10-14 13:39:31', '2010-10-14 13:39:31', '达州市', '402881882ba8753a012ba93d95780160,402881882ba8753a012ba94017ed016f', '402881882ba8753a012ba93d95780160'),
	('402881882ba8753a012ba94044e90170', '2010-10-14 13:39:42', '2010-10-14 13:39:42', '雅安市', '402881882ba8753a012ba93d95780160,402881882ba8753a012ba94044e90170', '402881882ba8753a012ba93d95780160'),
	('402881882ba8753a012ba94072810171', '2010-10-14 13:39:54', '2010-10-14 13:39:54', '巴中市', '402881882ba8753a012ba93d95780160,402881882ba8753a012ba94072810171', '402881882ba8753a012ba93d95780160'),
	('402881882ba8753a012ba94098d50172', '2010-10-14 13:40:04', '2010-10-14 13:40:04', '资阳市', '402881882ba8753a012ba93d95780160,402881882ba8753a012ba94098d50172', '402881882ba8753a012ba93d95780160'),
	('402881882ba8753a012ba940dad00173', '2010-10-14 13:40:21', '2010-10-14 13:40:21', '贵州省', '402881882ba8753a012ba940dad00173', NULL),
	('402881882ba8753a012ba9410a9a0174', '2010-10-14 13:40:33', '2010-10-14 13:40:33', '贵阳市', '402881882ba8753a012ba940dad00173,402881882ba8753a012ba9410a9a0174', '402881882ba8753a012ba940dad00173'),
	('402881882ba8753a012ba94135f00175', '2010-10-14 13:40:44', '2010-10-14 13:40:44', '六盘水市', '402881882ba8753a012ba940dad00173,402881882ba8753a012ba94135f00175', '402881882ba8753a012ba940dad00173'),
	('402881882ba8753a012ba94157240176', '2010-10-14 13:40:53', '2010-10-14 13:40:53', '遵义市', '402881882ba8753a012ba940dad00173,402881882ba8753a012ba94157240176', '402881882ba8753a012ba940dad00173'),
	('402881882ba8753a012ba9418ece0177', '2010-10-14 13:41:07', '2010-10-14 13:41:07', '安顺市', '402881882ba8753a012ba940dad00173,402881882ba8753a012ba9418ece0177', '402881882ba8753a012ba940dad00173'),
	('402881882ba8753a012ba941c0ea0178', '2010-10-14 13:41:20', '2010-10-14 13:41:20', '铜仁地区', '402881882ba8753a012ba940dad00173,402881882ba8753a012ba941c0ea0178', '402881882ba8753a012ba940dad00173'),
	('402881882ba8753a012ba942a5200179', '2010-10-14 13:42:18', '2010-10-14 13:42:18', '毕节地区', '402881882ba8753a012ba940dad00173,402881882ba8753a012ba942a5200179', '402881882ba8753a012ba940dad00173'),
	('402881882ba8753a012ba942d1dd017a', '2010-10-14 13:42:30', '2010-10-14 13:42:30', '云南省', '402881882ba8753a012ba942d1dd017a', NULL),
	('402881882ba8753a012ba9430c46017b', '2010-10-14 13:42:45', '2010-10-14 13:42:45', '昆明市', '402881882ba8753a012ba942d1dd017a,402881882ba8753a012ba9430c46017b', '402881882ba8753a012ba942d1dd017a'),
	('402881882ba8753a012ba943446d017c', '2010-10-14 13:42:59', '2010-10-14 13:42:59', '曲靖市', '402881882ba8753a012ba942d1dd017a,402881882ba8753a012ba943446d017c', '402881882ba8753a012ba942d1dd017a'),
	('402881882ba8753a012ba9435797017d', '2010-10-14 13:43:04', '2010-10-14 13:43:04', '玉溪市', '402881882ba8753a012ba942d1dd017a,402881882ba8753a012ba9435797017d', '402881882ba8753a012ba942d1dd017a'),
	('402881882ba8753a012ba9438109017e', '2010-10-14 13:43:14', '2010-10-14 13:43:14', '保山市', '402881882ba8753a012ba942d1dd017a,402881882ba8753a012ba9438109017e', '402881882ba8753a012ba942d1dd017a'),
	('402881882ba8753a012ba943a0b6017f', '2010-10-14 13:43:23', '2010-10-14 13:43:23', '昭通市', '402881882ba8753a012ba942d1dd017a,402881882ba8753a012ba943a0b6017f', '402881882ba8753a012ba942d1dd017a'),
	('402881882ba8753a012ba943c5070180', '2010-10-14 13:43:32', '2010-10-14 13:43:32', '丽江市', '402881882ba8753a012ba942d1dd017a,402881882ba8753a012ba943c5070180', '402881882ba8753a012ba942d1dd017a'),
	('402881882ba8753a012ba943e39b0181', '2010-10-14 13:43:40', '2010-10-14 13:43:40', '思茅市', '402881882ba8753a012ba942d1dd017a,402881882ba8753a012ba943e39b0181', '402881882ba8753a012ba942d1dd017a'),
	('402881882ba8753a012ba94406360182', '2010-10-14 13:43:49', '2010-10-14 13:43:49', '临沧市', '402881882ba8753a012ba942d1dd017a,402881882ba8753a012ba94406360182', '402881882ba8753a012ba942d1dd017a'),
	('402881882ba8753a012ba94474040183', '2010-10-14 13:44:17', '2010-10-14 13:44:17', '西藏自治区', '402881882ba8753a012ba94474040183', NULL),
	('402881882ba8753a012ba9449a490184', '2010-10-14 13:44:26', '2010-10-14 13:44:26', '拉萨市', '402881882ba8753a012ba94474040183,402881882ba8753a012ba9449a490184', '402881882ba8753a012ba94474040183'),
	('402881882ba8753a012ba944b7180185', '2010-10-14 13:44:34', '2010-10-14 13:44:34', '昌都地区', '402881882ba8753a012ba94474040183,402881882ba8753a012ba944b7180185', '402881882ba8753a012ba94474040183'),
	('402881882ba8753a012ba944ea9b0186', '2010-10-14 13:44:47', '2010-10-14 13:44:47', '山南地区', '402881882ba8753a012ba94474040183,402881882ba8753a012ba944ea9b0186', '402881882ba8753a012ba94474040183'),
	('402881882ba8753a012ba94510440187', '2010-10-14 13:44:57', '2010-10-14 13:44:57', '日喀则地区', '402881882ba8753a012ba94474040183,402881882ba8753a012ba94510440187', '402881882ba8753a012ba94474040183'),
	('402881882ba8753a012ba94535210188', '2010-10-14 13:45:06', '2010-10-14 13:45:06', '那曲地区', '402881882ba8753a012ba94474040183,402881882ba8753a012ba94535210188', '402881882ba8753a012ba94474040183'),
	('402881882ba8753a012ba94554130189', '2010-10-14 13:45:14', '2010-10-14 13:45:14', '阿里地区', '402881882ba8753a012ba94474040183,402881882ba8753a012ba94554130189', '402881882ba8753a012ba94474040183'),
	('402881882ba8753a012ba945741e018a', '2010-10-14 13:45:22', '2010-10-14 13:45:22', '林芝地区', '402881882ba8753a012ba94474040183,402881882ba8753a012ba945741e018a', '402881882ba8753a012ba94474040183'),
	('402881882ba8753a012ba945a63a018b', '2010-10-14 13:45:35', '2010-10-14 13:45:35', '陕西省', '402881882ba8753a012ba945a63a018b', NULL),
	('402881882ba8753a012ba945dc2f018c', '2010-10-14 13:45:49', '2010-10-14 13:45:49', '西安市', '402881882ba8753a012ba945a63a018b,402881882ba8753a012ba945dc2f018c', '402881882ba8753a012ba945a63a018b'),
	('402881882ba8753a012ba945fb7f018d', '2010-10-14 13:45:57', '2010-10-14 13:45:57', '铜川市', '402881882ba8753a012ba945a63a018b,402881882ba8753a012ba945fb7f018d', '402881882ba8753a012ba945a63a018b'),
	('402881882ba8753a012ba9461a80018e', '2010-10-14 13:46:05', '2010-10-14 13:46:05', '宝鸡市', '402881882ba8753a012ba945a63a018b,402881882ba8753a012ba9461a80018e', '402881882ba8753a012ba945a63a018b'),
	('402881882ba8753a012ba9463674018f', '2010-10-14 13:46:12', '2010-10-14 13:46:12', '咸阳市', '402881882ba8753a012ba945a63a018b,402881882ba8753a012ba9463674018f', '402881882ba8753a012ba945a63a018b'),
	('402881882ba8753a012ba94653240190', '2010-10-14 13:46:19', '2010-10-14 13:46:19', '渭南市', '402881882ba8753a012ba945a63a018b,402881882ba8753a012ba94653240190', '402881882ba8753a012ba945a63a018b'),
	('402881882ba8753a012ba9466f760191', '2010-10-14 13:46:27', '2010-10-14 13:46:27', '延安市', '402881882ba8753a012ba945a63a018b,402881882ba8753a012ba9466f760191', '402881882ba8753a012ba945a63a018b'),
	('402881882ba8753a012ba9468dbc0192', '2010-10-14 13:46:34', '2010-10-14 13:46:34', '汉中市', '402881882ba8753a012ba945a63a018b,402881882ba8753a012ba9468dbc0192', '402881882ba8753a012ba945a63a018b'),
	('402881882ba8753a012ba946a6f10193', '2010-10-14 13:46:41', '2010-10-14 13:46:41', '榆林市', '402881882ba8753a012ba945a63a018b,402881882ba8753a012ba946a6f10193', '402881882ba8753a012ba945a63a018b'),
	('402881882ba8753a012ba946c48b0194', '2010-10-14 13:46:48', '2010-10-14 13:46:48', '安康市', '402881882ba8753a012ba945a63a018b,402881882ba8753a012ba946c48b0194', '402881882ba8753a012ba945a63a018b'),
	('402881882ba8753a012ba946de8c0195', '2010-10-14 13:46:55', '2010-10-14 13:46:55', '商洛市', '402881882ba8753a012ba945a63a018b,402881882ba8753a012ba946de8c0195', '402881882ba8753a012ba945a63a018b'),
	('402881882ba8753a012ba94704c10196', '2010-10-14 13:47:05', '2010-10-14 13:47:05', '甘肃省', '402881882ba8753a012ba94704c10196', NULL),
	('402881882ba8753a012ba94731dc0197', '2010-10-14 13:47:16', '2010-10-14 13:47:16', '兰州市', '402881882ba8753a012ba94704c10196,402881882ba8753a012ba94731dc0197', '402881882ba8753a012ba94704c10196'),
	('402881882ba8753a012ba9475b2e0198', '2010-10-14 13:47:27', '2010-10-14 13:47:27', '嘉峪关市', '402881882ba8753a012ba94704c10196,402881882ba8753a012ba9475b2e0198', '402881882ba8753a012ba94704c10196'),
	('402881882ba8753a012ba94777fd0199', '2010-10-14 13:47:34', '2010-10-14 13:47:34', '金昌市', '402881882ba8753a012ba94704c10196,402881882ba8753a012ba94777fd0199', '402881882ba8753a012ba94704c10196'),
	('402881882ba8753a012ba947b94c019a', '2010-10-14 13:47:51', '2010-10-14 13:47:51', '白银市', '402881882ba8753a012ba94704c10196,402881882ba8753a012ba947b94c019a', '402881882ba8753a012ba94704c10196'),
	('402881882ba8753a012ba947deb6019b', '2010-10-14 13:48:01', '2010-10-14 13:48:01', '天水市', '402881882ba8753a012ba94704c10196,402881882ba8753a012ba947deb6019b', '402881882ba8753a012ba94704c10196'),
	('402881882ba8753a012ba947fc8e019c', '2010-10-14 13:48:08', '2010-10-14 13:48:08', '武威市', '402881882ba8753a012ba94704c10196,402881882ba8753a012ba947fc8e019c', '402881882ba8753a012ba94704c10196'),
	('402881882ba8753a012ba9481825019d', '2010-10-14 13:48:15', '2010-10-14 13:48:15', '张掖市', '402881882ba8753a012ba94704c10196,402881882ba8753a012ba9481825019d', '402881882ba8753a012ba94704c10196'),
	('402881882ba8753a012ba9483726019e', '2010-10-14 13:48:23', '2010-10-14 13:48:23', '平凉市', '402881882ba8753a012ba94704c10196,402881882ba8753a012ba9483726019e', '402881882ba8753a012ba94704c10196'),
	('402881882ba8753a012ba94852ad019f', '2010-10-14 13:48:30', '2010-10-14 13:48:30', '酒泉市', '402881882ba8753a012ba94704c10196,402881882ba8753a012ba94852ad019f', '402881882ba8753a012ba94704c10196'),
	('402881882ba8753a012ba94872c801a0', '2010-10-14 13:48:38', '2010-10-14 13:48:38', '庆阳市', '402881882ba8753a012ba94704c10196,402881882ba8753a012ba94872c801a0', '402881882ba8753a012ba94704c10196'),
	('402881882ba8753a012ba9488fc601a1', '2010-10-14 13:48:46', '2010-10-14 13:48:46', '定西市', '402881882ba8753a012ba94704c10196,402881882ba8753a012ba9488fc601a1', '402881882ba8753a012ba94704c10196'),
	('402881882ba8753a012ba948ba7f01a2', '2010-10-14 13:48:57', '2010-10-14 13:48:57', '陇南市', '402881882ba8753a012ba94704c10196,402881882ba8753a012ba948ba7f01a2', '402881882ba8753a012ba94704c10196'),
	('402881882ba8753a012ba948f8ff01a3', '2010-10-14 13:49:13', '2010-10-14 13:49:13', '临夏回族自治州', '402881882ba8753a012ba94704c10196,402881882ba8753a012ba948f8ff01a3', '402881882ba8753a012ba94704c10196'),
	('402881882ba8753a012ba949336801a4', '2010-10-14 13:49:28', '2010-10-14 13:49:28', '青海省', '402881882ba8753a012ba949336801a4', NULL),
	('402881882ba8753a012ba9495b0501a5', '2010-10-14 13:49:38', '2010-10-14 13:49:38', '西宁市', '402881882ba8753a012ba949336801a4,402881882ba8753a012ba9495b0501a5', '402881882ba8753a012ba949336801a4'),
	('402881882ba8753a012ba94980ae01a6', '2010-10-14 13:49:48', '2010-10-14 13:49:48', '海东地区', '402881882ba8753a012ba949336801a4,402881882ba8753a012ba94980ae01a6', '402881882ba8753a012ba949336801a4'),
	('402881882ba8753a012ba949c59601a7', '2010-10-14 13:50:05', '2010-10-14 13:50:05', '海北藏族自治州', '402881882ba8753a012ba949336801a4,402881882ba8753a012ba949c59601a7', '402881882ba8753a012ba949336801a4'),
	('402881882ba8753a012ba949e5c101a8', '2010-10-14 13:50:13', '2010-10-14 13:50:13', '黄南藏族自治州', '402881882ba8753a012ba949336801a4,402881882ba8753a012ba949e5c101a8', '402881882ba8753a012ba949336801a4'),
	('402881882ba8753a012ba94a097501a9', '2010-10-14 13:50:23', '2010-10-14 13:50:23', '海南藏族自治州', '402881882ba8753a012ba949336801a4,402881882ba8753a012ba94a097501a9', '402881882ba8753a012ba949336801a4'),
	('402881882ba8753a012ba94a2df501aa', '2010-10-14 13:50:32', '2010-10-14 13:50:32', '果洛藏族自治州', '402881882ba8753a012ba949336801a4,402881882ba8753a012ba94a2df501aa', '402881882ba8753a012ba949336801a4'),
	('402881882ba8753a012ba94a52b301ab', '2010-10-14 13:50:41', '2010-10-14 13:50:41', '玉树藏族自治州', '402881882ba8753a012ba949336801a4,402881882ba8753a012ba94a52b301ab', '402881882ba8753a012ba949336801a4'),
	('402881882ba8753a012ba94a847201ac', '2010-10-14 13:50:54', '2010-10-14 13:50:54', '宁夏回族自治区', '402881882ba8753a012ba94a847201ac', NULL),
	('402881882ba8753a012ba94aaf2b01ad', '2010-10-14 13:51:05', '2010-10-14 13:51:05', '银川市', '402881882ba8753a012ba94a847201ac,402881882ba8753a012ba94aaf2b01ad', '402881882ba8753a012ba94a847201ac'),
	('402881882ba8753a012ba94ad22401ae', '2010-10-14 13:51:14', '2010-10-14 13:51:14', '石嘴山市', '402881882ba8753a012ba94a847201ac,402881882ba8753a012ba94ad22401ae', '402881882ba8753a012ba94a847201ac'),
	('402881882ba8753a012ba94af62701af', '2010-10-14 13:51:23', '2010-10-14 13:51:23', '吴忠市', '402881882ba8753a012ba94a847201ac,402881882ba8753a012ba94af62701af', '402881882ba8753a012ba94a847201ac'),
	('402881882ba8753a012ba94b13c101b0', '2010-10-14 13:51:31', '2010-10-14 13:51:31', '固原市', '402881882ba8753a012ba94a847201ac,402881882ba8753a012ba94b13c101b0', '402881882ba8753a012ba94a847201ac'),
	('402881882ba8753a012ba94b2f4801b1', '2010-10-14 13:51:38', '2010-10-14 13:51:38', '中卫市', '402881882ba8753a012ba94a847201ac,402881882ba8753a012ba94b2f4801b1', '402881882ba8753a012ba94a847201ac'),
	('402881882ba8753a012ba94b61c201b2', '2010-10-14 13:51:51', '2016-01-08 16:51:28', '新疆维吾尔自治区', '402881882ba8753a012ba94b61c201b2', NULL),
	('402881882ba8753a012ba94b8e5001b3', '2010-10-14 13:52:02', '2010-10-14 13:52:02', '乌鲁木齐市', '402881882ba8753a012ba94b61c201b2,402881882ba8753a012ba94b8e5001b3', '402881882ba8753a012ba94b61c201b2'),
	('402881882ba8753a012ba94bafb301b4', '2010-10-14 13:52:11', '2010-10-14 13:52:11', '克拉玛依市', '402881882ba8753a012ba94b61c201b2,402881882ba8753a012ba94bafb301b4', '402881882ba8753a012ba94b61c201b2'),
	('402881882ba8753a012ba94bced401b5', '2010-10-14 13:52:19', '2010-10-14 13:52:19', '吐鲁番地区', '402881882ba8753a012ba94b61c201b2,402881882ba8753a012ba94bced401b5', '402881882ba8753a012ba94b61c201b2'),
	('402881882ba8753a012ba94bf62201b6', '2010-10-14 13:52:29', '2010-10-14 13:52:29', '哈密地区', '402881882ba8753a012ba94b61c201b2,402881882ba8753a012ba94bf62201b6', '402881882ba8753a012ba94b61c201b2'),
	('402881882ba8753a012ba94c14b601b7', '2010-10-14 13:52:37', '2010-10-14 13:52:37', '昌吉回族自治州', '402881882ba8753a012ba94b61c201b2,402881882ba8753a012ba94c14b601b7', '402881882ba8753a012ba94b61c201b2'),
	('402881882ba8753a012ba94c3ffd01b8', '2010-10-14 13:52:48', '2010-10-14 13:52:48', '博尔塔拉蒙古自治州', '402881882ba8753a012ba94b61c201b2,402881882ba8753a012ba94c3ffd01b8', '402881882ba8753a012ba94b61c201b2'),
	('402881882ba8753a012ba94cfd4201b9', '2010-10-14 13:53:36', '2010-10-14 13:53:36', '喀什地区', '402881882ba8753a012ba94b61c201b2,402881882ba8753a012ba94cfd4201b9', '402881882ba8753a012ba94b61c201b2'),
	('402881882ba8753a012ba94d207901ba', '2010-10-14 13:53:45', '2010-10-14 13:53:45', '和田地区', '402881882ba8753a012ba94b61c201b2,402881882ba8753a012ba94d207901ba', '402881882ba8753a012ba94b61c201b2'),
	('402881882ba8753a012ba94d427801bb', '2010-10-14 13:53:54', '2010-10-14 13:53:54', '伊犁哈萨克自治州', '402881882ba8753a012ba94b61c201b2,402881882ba8753a012ba94d427801bb', '402881882ba8753a012ba94b61c201b2'),
	('402881882ba8753a012ba94d76b701bc', '2010-10-14 13:54:07', '2010-10-14 13:54:07', '克孜勒苏柯尔克孜自治州', '402881882ba8753a012ba94b61c201b2,402881882ba8753a012ba94d76b701bc', '402881882ba8753a012ba94b61c201b2'),
	('402881882ba8753a012ba94dc00501bd', '2010-10-14 13:54:26', '2010-10-14 13:54:26', '台湾省', '402881882ba8753a012ba94dc00501bd', NULL),
	('7972fe1570e84415ae26f503242cc2a3', '2014-11-19 15:30:16', '2014-11-19 15:42:47', '中办', '402881882ba8753a012ba8bf474d001c,7972fe1570e84415ae26f503242cc2a3', '402881882ba8753a012ba8bf474d001c'),
	('bdc94d4b5adc422597fe18d4c9164009', '2016-01-14 22:52:45', '2016-01-14 22:52:45', '和林', '402881882ba8753a012ba8cb1bbf005a,402881882ba8753a012ba8cb58c8005b,bdc94d4b5adc422597fe18d4c9164009', '402881882ba8753a012ba8cb58c8005b'),
	('cdd7a1dc13da4e50b8221cf936f59181', '2016-03-02 11:20:58', '2016-03-02 11:20:58', '天河区', '402881882ba8753a012ba9342b210124,402881882ba8753a012ba9345e950125,cdd7a1dc13da4e50b8221cf936f59181', '402881882ba8753a012ba9345e950125'),
	('f5c2d40dde824efab54f25c1a6f5a703', '2015-09-27 23:30:15', '2015-09-27 23:30:15', '未来营业部', '402881882ba8753a012ba92ba9c300f6,402881882ba8753a012ba92bd8a300f7,f5c2d40dde824efab54f25c1a6f5a703', '402881882ba8753a012ba92bd8a300f7');
/*!40000 ALTER TABLE `area` ENABLE KEYS */;


-- 导出  表 jfinalshop.article 结构
CREATE TABLE IF NOT EXISTS `article` (
  `id` varchar(32) NOT NULL,
  `createDate` datetime DEFAULT NULL,
  `modifyDate` datetime DEFAULT NULL,
  `author` varchar(255) DEFAULT NULL,
  `content` text NOT NULL,
  `hits` int(11) NOT NULL,
  `htmlFilePath` varchar(255) DEFAULT NULL,
  `isPublication` bit(1) NOT NULL,
  `isRecommend` bit(1) NOT NULL,
  `isTop` bit(1) NOT NULL,
  `metaDescription` text,
  `metaKeywords` text,
  `pageCount` int(11) NOT NULL,
  `title` varchar(255) NOT NULL,
  `articleCategory_id` varchar(32) NOT NULL,
  PRIMARY KEY (`id`),
  KEY `FK379164D65A9A516` (`articleCategory_id`),
  CONSTRAINT `FK379164D65A9A516` FOREIGN KEY (`articleCategory_id`) REFERENCES `articlecategory` (`id`)
) ENGINE=InnoDB DEFAULT CHARSET=utf8;

-- 正在导出表  jfinalshop.article 的数据：~5 rows (大约)
/*!40000 ALTER TABLE `article` DISABLE KEYS */;
INSERT INTO `article` (`id`, `createDate`, `modifyDate`, `author`, `content`, `hits`, `htmlFilePath`, `isPublication`, `isRecommend`, `isTop`, `metaDescription`, `metaKeywords`, `pageCount`, `title`, `articleCategory_id`) VALUES
	('402881882ba8753a012ba883e8b20002', '2010-10-14 10:13:58', '2015-01-04 14:21:24', 'admin', '<div>\r\n<table border="0" cellspacing="0" cellpadding="0" width="700">\r\n<tbody>\r\n<tr>\r\n<td>\r\n<p>&nbsp;</p>\r\n</td>\r\n</tr>\r\n<tr>\r\n<td>\r\n<div>\r\n<table border="0" cellspacing="0" cellpadding="0" width="680">\r\n<tbody>\r\n<tr>\r\n<td>\r\n<p>&nbsp;</p>\r\n</td>\r\n</tr>\r\n<tr>\r\n<td>\r\n<p>&nbsp;</p>\r\n</td>\r\n</tr>\r\n<tr>\r\n<td>\r\n<p><strong>一、挑选商品</strong><br /><br /><strong>二、放入购物车（立即购买）</strong><br /><br /><strong>三、提交订单（进入结算中心）</strong></p>\r\n<p>1、用户登录、注册<br />如果您未在商城注册登录过，可选择&ldquo;注册&rdquo;；<br />如果您已是商城注册会员，直接&ldquo;登录&rdquo;即可。<br />小贴士：注册只需花费您一分钟时间，并且注册用户享受更多优惠。</p>\r\n<p>2、填写收货人信息<br />为了保证您的商品顺利送达目的地，请准确填写收货人的姓名、地址、邮编、电话等有效信息；<br />需要发票的用户，请在备注里注明发票台头，商城所开发票均为正规发票，所开金额均为订单的实际金额（不包括运费），当月订单请在当月补开发票，过期不受理，如有退换货需将发票一起寄回。</p>\r\n<p>3、选择送货方式<br />根据您所在的地区填写送货方式。运费价格及范围请参见&ldquo;配送费用收取标准&rdquo;。</p>\r\n<p>4、选择支付方式<br />我们提供的支付方式有：支付宝、财付通、货到付款，网上银行支付，邮局汇款和邮局网汇通汇款等。</p>\r\n<p>5、确认订单，并提交<br />完成上述所有流程后，您可以点击&ldquo;确认无误 提交订单&rdquo;按钮，订单提交后页面会提示订单号，进入&ldquo;个人中心&rdquo;即可查询订单状态。</p>\r\n<p>&nbsp;</p>\r\n<p><strong>四、立即付款<br /></strong>订单提交成功后，请按照您所选择的付款方式立即支付；下单后，订单将保留三天，三天后若仍未付款将自动取消。</p>\r\n<p>&nbsp;</p>\r\n<p><strong>五、收货和评价<br /></strong>正常情况下，到货时间一般3-5天不等（除天气灾害等延误）。<br />收到货后，请对我们的商品进行评价哦！</p>\r\n</td>\r\n</tr>\r\n</tbody>\r\n</table>\r\n</div>\r\n</td>\r\n</tr>\r\n</tbody>\r\n</table>\r\n</div>', 481, '/html/article_content/201010/9102600e47b7401b843ad3722e1e9b70.html', b'1', b'1', b'0', '新手购物流程', '购物,流程', 1, '购物流程', '402881882ba8455f012ba86db8560006'),
	('402881882ba8753a012ba88eb79a0003', '2010-10-14 10:25:46', '2015-01-04 14:21:32', 'admin', '<p>会员定期巡检制度</p>\r\n<p>一、目的 <br />为确保网站注册会员资料和会员发布信息的真实可靠性，特制定本制度。</p>\r\n<p>二、人员安排及巡检职责&nbsp;&nbsp; <br />1. 内容主管对整个平台负全责，巡检人员负责整个网站注册会员资料和会员发布信息的检查、审核、激活。网络信息安全管理小组负责管理各信息审核员，并对经信息审核员审核通过的内容进行监管。<br />2. 如巡检人员缺勤，则部门主管须及时安排其他人员巡检。节假日，须安排值班人员巡检会员信息。&nbsp; <br />3. 巡检周期为：当天全面检查，一周抽查一次，一月普查一次。</p>\r\n<p>三、巡检细则&nbsp;&nbsp; <br />1. 会员注册资料检查&nbsp; <br />1.1. 每天下班前全面检查当天注册的会员资料，如果发现注册资料中包含有害、虚假、诽谤或中伤他人的信息，马上予以删除。<br />1.2. 每周五对一周的注册信息进行抽查，每个月底对一个月的注册信息抽查一次，主要以搜索特定关键字为主。</p>\r\n<p>2. 会员在网站上发布的信息检查&nbsp; <br />2.1. 会员发布的企业和产品信息：<br />2.1.1. 巡检人员当天检查，审核通过后才在网站前台显示。<br />2.1.2. 审核没有通过，如果原因是不够完善，及时告知会员补充完整；如果信息本身包含有害、虚假、诽谤或中伤他人的内容，直接予以删除。<br />2.2. 会员发布的供求等商业信息：<br />2.2.1. 巡检人员根据信息发布的频率，定期检查，一般15分钟检查一次。&nbsp; <br />2.3. 检查到会员发布的信息本身包含有害、虚假、诽谤或中伤他人等内容，直接予以删除。</p>\r\n<p>3. 纠错举报处理&nbsp; <br />网站上设置纠错举报用联系方式，该联系人每天查收相关邮件或接听相关电话，及时处理用户反映的会员信息问题，仔细求证，及时回复。</p>\r\n<p>四、巡检要点 <br />1. 关键时段检查：每日上午开始上班30分钟内完成会员注册资料和会员发布信息的第一遍检查。下午离下班前30分钟左右开始最后一遍检查。</p>\r\n<p>2. 按频率检查：部门主管根据需要，设置巡检频率。巡检人员根据巡检频率对会员发布的信息进行检查与维护。</p>\r\n<p>3. 巡检内容：包括所有注册会员资料和会员在网站上发布的各种信息。删除有害信息、虚假、重发、滥发等信息。<br />3.1. 有害信息：网站发布的各类信息必须严格遵守《中华人民共和国计算机信息网络国际联网管理暂行规定》、《互联网信息服务管理办法》等有关国家政策、法规规定。会员不得编辑和传播下列信息：</p>\r\n<p>（一）反对宪法所确定的基本原则的；</p>\r\n<p>（二）危害国家安全，泄露国家秘密，颠覆国家政权，破坏国家统一的；</p>\r\n<p>（三）损害国家荣誉和利益的；</p>\r\n<p>（四）煽动民族仇恨、民族歧视，破坏民族团结的；</p>\r\n<p>（五）破坏国家宗教政策，宣扬邪教和封建迷信的；</p>\r\n<p>（六）散布谣言，扰乱社会秩序，破坏社会稳定的；</p>\r\n<p>（七）散布淫秽、色情、赌博、暴力、凶杀、恐怖或者教唆犯罪的；</p>\r\n<p>（八）侮辱或者诽谤他人，侵害他人合法权益的；</p>\r\n<p>（九）含有法律、行政法规禁止的其他内容的。</p>\r\n<p><br />巡检人员可用关键字检索（必要时请用模糊检索方法检索栏目信息）。发现有害信息，请快速作好信息备份（保留原始记录：所发内容、用户IP、登陆时间、注册时间、最后访问时间），并且对该ID所有帖子进行逐个审核，然后立即删除有害信息，并上报部门主管。部门主管须通过技术手段：黑名单控制+定期的数据库检查（一周）, 处理此类信息。如情节严重者，部门主管须通过信息网络安全管理小组上报管理机关！</p>\r\n<p>3.2. 虚假信息：发布内容明显与事实不符的信息；&nbsp;</p>\r\n<p>3.3. 诽谤、中伤他人的信息：信息中出现恶意辱骂某公司或个人的字眼，此类信息常出现在论坛和专家等交互式栏目中。如有此类信息，巡检人员在活跃人气的同时须正确引导，若情节严重则立即删除；</p>\r\n<p>3.4. 与栏目不符的信息：信息内容与栏目主旨（即栏目名称或子栏目名称）不符或欠符合的信息。&nbsp;</p>\r\n<p>3.5. 重发、滥发的信息：同条信息一个栏目中只准发布一次，并且只准被发布到一个栏目或子栏目下，否则都视为重发；屡次重发且每次每一条被重发的信息数量都在5条以上的，或屡次长时间重发，每次一发就是5分钟以上的，都视为滥发。巡检人员只需保留最新一条，其余删除。必要时，加入黑名单屏蔽其发布功能；</p>\r\n<p>3.6 乱码信息：在页面上呈现为乱码的信息。在排除网站自身技术问题后，应立即删除或修正此类信息。&nbsp;</p>\r\n<p>本制度解释权归xxxx有限公司所有</p>\r\n<p>&nbsp;</p>\r\n<p>网上隐私保护制度</p>\r\n<p>第一条 为促进电子商务健康发展，加强信息共建共享，推进网上隐私权保护制度化、规范化，切实维护网民的权利，根据相关规定，制定本制度。</p>\r\n<p>第二条 鉴于网络的特性，为了使用户正确有效地使用网站的功能与服务，并便于向用户提供优质高效的服务，网站会提示用户进行注册、填写表单等方式提交其个人资料。<br />公司服务部门根据栏目要求，对信息进行审核。如发现用户提交的资料存在虚假、违法内容，相关工作人员可删除该资料并终止该用户的服务。<br />公司技术部须使用相应技术，对用户所提供的资料进行严格的管理和保护，防止个人资料丢失、被盗用或遭窜改。</p>\r\n<p>第三条 公司服务部门可通过技术手段实现用户自行阅览、补充、修改、删除其资料的功能，或根据用户要求，提供相关服务。</p>\r\n<p>第四条 在未经用户同意及确认之前，公司不得将用户所提供的个人资料提供给第三方。除非当政府机关依照法定程序要求本网站披露个人资料时，本网站将根据执法单位之要求或为公共安全之目的提供个人资料。</p>\r\n<p>第五条 公司服务部须在网站页面提示&ldquo;隐私权保护声明&rdquo;（如附件），说明网站对用户个人信息所采取的收集、使用和保护政策。</p>\r\n<p>本制度最终解释权属xxxx有限公司所有。</p>\r\n<p>&nbsp;</p>\r\n<p>附：xxx私权保护声明</p>\r\n<p>xxx隐私权保护声明</p>\r\n<p>xxx（以下称&ldquo;本网站&rdquo;）隐私权保护声明系本网站保护用户个人隐私的承诺。鉴于网络的特性，本网站将无可避免地与您产生直接或间接的互动关系，故特此说明本网站对用户个人信息所采取的收集、使用和保护政策，请您务必仔细阅读：</p>\r\n<p>一、搜集、分拣信息<br />当您浏览、阅读或下载本网站的信息时，网站会自动搜集和分拣到您的信息（互联网域名、用户使用的浏览器和操作系统类型、访问时间、访问页面），这些信息不会被用来确定您的身份。</p>\r\n<p>二、个人资料及披露 <br />当您在本网站进行用户注册登记、参加有关活动时，在您的同意并确认下，本网站会通过注册表格、订单等形式要求您提供一些个人资料。<br />个人资料包括但不限于姓名、性别、年龄、地址、邮编、电话、传真、电子邮件。您必须保证提供资料的准确、真实、有效和完整。我们保留随时删除虚假个人资料并终止服务的权利 。<br />收集个人资料是为了使您正确的使用xxx的功能与服务，并便于我们向您提供优质高效的服务。</p>\r\n<p>在未经您同意及确认之前，本网站不会将您所提供的个人资料利用于上述外的其它目的。除非当政府机关依照法定程序要求本网站披露个人资料时，本网站将根据执法单位之要求或为公共安全之目的提供个人资料。在此情况下之任何披露，本网站均得免责。</p>\r\n<p>三、信息安全&nbsp; <br />本网站将使用相应的技术，对您所提供的个人资料进行严格的管理和保护，防止个人资料丢失、被盗用或遭窜改。为保护个人信息，必要时本网站会委托专业技术人员对所述资料进行相应处理，并将处理安排及时通知您，若您未在通知规定的时间内主动明示反对，本网站将推定您已同意。但处理过后，您仍然有权请求停止电脑处理。</p>\r\n<p>四、用户权利<br />在本网站上，您对自己拥有的个人资料享有以下权利：<br />（一）随时查询及请求阅览；<br />（二）随时请求补充或更正；<br />（三）随时请求删除； <br />（四）请求停止电脑处理及利用。&nbsp; <br />您可通过联系电话（8888- 88888888）提出请求，本网站会为您提供相关服务。</p>\r\n<p>五、限制利用原则&nbsp; <br />本网站惟在符合下列条件之一，方对收集之个人资料进行必要范围以外之利用： <br />（一）已取得您的书面同意；<br />（二）为免除您在生命、身体或财产方面之急迫危险； <br />（三）为防止他人权益之重大危害； <br />（四）为增进公共利益，且无损于您的重大利益。</p>\r\n<p>六、披露个人资料&nbsp; <br />当政府机关依照法定程序要求本网站披露个人资料时，本网站将根据其要求或为了公共安全的目的提供个人资料；这种情况下的任何披露，本网站均得免责。</p>\r\n<p>七、公共论坛&nbsp; <br />本网站为您提论坛、咨询等服务。在这些区域内，您公布的任何信息都会成为公开的信息。因此，我们提醒并请您慎重考虑是否有必要在这些区域公开您的个人信息。</p>\r\n<p>八、Cookies使用原则 <br />Cookies是指一种技术，当使用者访问设有Cookies装置的本网站时，本网站之服务器会自动发送Cookies至阁下浏览器内，并储存到您的电脑硬盘内，此Cookies便负责记录日后您到访本网站的种种活动、个人资料、浏览习惯、消费习惯甚至信用记录。运用Cookies技术，本网站能够为您提供更加周到的个性化服务。本网站将会运用Cookies储存密码，以便您造访本网站时不必每次重复输入密码。</p>\r\n<p>九、免责 <br />除上述有关免责规定外，下列情况时本网站亦无需承担任何责任： <br />（一）由于您将用户密码告知他人或与他人共享注册帐户，由此导致的任何个人信息的泄露。<br />（二）任何由于黑客政击、计算机病毒侵入或发作、因政府管制而造成的暂时性关闭等影响网络正常经营之不可抗力而造成的个人信息泄露、丢失、被盗用或被窜改等。&nbsp; <br />（三）由于本网站不拥有或不控制的公司以及我们不雇佣或不管理的人员所造成的个人信息的泄露及由此而导致的任何法律争议和后果。<br />（四）由于与本网站链接的其它网站所造成之个人资料泄露及由此而导致的任何法律争议和后果。</p>\r\n<p>本网站隐私权保护申明的修改及更新权均属于xxx。</p>\r\n<p>&nbsp;</p>\r\n<p>网站投诉兴报咨询处制度</p>\r\n<p>第一条 为促进电子商务健康发展，加强信息共建共享，推进网上投诉举报制度化、规范化，切实维护网民的知情权、参与权、表达权，根据相关规定，制定本制度。</p>\r\n<p>第二条 网上投诉举报受理职能由嘉兴市麦包包皮具有限公司服务部承担，行政部门主管。<br />技术部负责网上投诉举报系统维护、更新和升级。</p>\r\n<p>第三条 各网站设客服人员负责投诉举报咨询受理工作，部门主管为监督员，并指定专人具体负责办理。</p>\r\n<p>第四条 对投诉举报信息的处理，坚持实事求是、公正公开和廉洁高效原则。</p>\r\n<p>第五条 处理咨询信息的时限为1个工作日，投诉举报信息时限为2个工作日。情况复杂的，经本部门负责人同意，可适当延长处理时限，但最多不超过5个工作日。</p>\r\n<p>第六条 受理人在对投诉举报信息汇总分类后，按照职责分工，及时分送相关负责人。 <br />对非本网站的投诉举报信息，受理人应转送相关部门，或退回投诉举报人并说明理由。</p>\r\n<p>第七条 相关责任人收到分送的投诉举报信息后，应及时组织核查。</p>\r\n<p>第八条 各部门或相关人员应当积极支持和配合核查工作，并如实提供相关材料。</p>\r\n<p>第九条 责任人根据核查情况，提出答复意见，并登记备案，同时通过电话、信函或电子邮件方式回复投诉举报人。</p>\r\n<p>第十条 客服人员定期将投诉举报咨询处理情况汇总上报部门领导，并通报有关部门及人员。</p>\r\n<p>本制度最终解释权属xxxx有限公司所有。</p>', 541, '/html/article_content/201010/90eb7634990341909027a5e20245b3e1.html', b'1', b'1', b'0', '会员应遵守的网站制度', '制度', 3, '网站制度', '402881882ba8455f012ba86db8560006'),
	('402881882ba8753a012ba891884e0004', '2010-10-14 10:28:51', '2015-01-04 14:21:39', 'admin', '<p>登陆后，进入&ldquo;个人中心&rdquo;可查询到订单状态。</p>\r\n<p>1、未确认/未付款：订单尚未获得确认，正常工作时间内，最迟2小时可以获得确认，如非正常工作时间，需要等到上班时间确认。</p>\r\n<p><br />2、已确认/未付款：订单已获得确认，请按照确认后的总金额付款，付款完毕后可返回&ldquo;个人中心&rdquo;查看订单状态，银行汇款的用户需要提交汇款信息，内容为：交易流水号、汇款时间、 汇入行、汇入卡号、汇款金额共５项。系统自动保留订单期限为3天，超过3天未付款的订单，系统会自动将订单取消。</p>\r\n<p>&nbsp;<br />3、已付款/待发货：这时订单已在我们工作人员的处理流程中。</p>\r\n<p><br />4、已发货/待收货：您的货物已经发出，请您稍后注意查收，订单详细中可查到快递公司和快递单号。</p>\r\n<p>&nbsp;<br />5、交易成功：订单已成功完成交易，请对我们的商品进行评论，如收到产品有质量问题，请直接与售后部门联系。</p>', 777, '/html/article_content/201010/50588403d9dd494c9035fa763e49e112.html', b'1', b'1', b'0', '订单的状态', '订单', 1, '订单查询', '402881882ba8455f012ba86db8560006'),
	('402881882ba8753a012ba892f6160005', '2010-10-14 10:30:25', '2015-01-04 14:21:49', 'admin', '<p>问：<strong>商城所售商品都是正品行货吗？有售后保修吗？</strong></p>\r\n<p>答：商城所售商品都是正品行货，均自带机打发票。凭商城发票，所有商品都可以享受生产厂家的全国联保服务。商城将严格按照国家三包政策，针对所售商品履行保修、换货和退货的义务。您也可以到商城任一分公司售后部享受售后服务。</p>\r\n<p>问：<strong>购买的商品能开发票？如果是公司购买，可以开增值税发票吗？</strong></p>\r\n<p>答：商城所售商品都是正品行货，每张订单均自带中文机打的&ldquo;商品专用发票&rdquo;，此发票可用作单位报销凭证。 发票会随包裹一同发出，发票金额含配送费金额。<br />企业客户在提供《一般纳税人证书》、《营业执照》、《税务登记证》、《开户许可证》四类证件复印件后，可向开取增值税发票，开好后，商城会以快递方式为您寄出。</p>\r\n<p>问：<strong>无货商品什么时候能到货？</strong></p>\r\n<p>答：无货商品的到货时间根据配货情况而不同，无法准确估计，但您可以使用&ldquo;到货通知&rdquo;功能，一旦商品有货，我们会通过电子邮件等方式通知您。</p>\r\n<p>问：<strong>下单后何时可以收到货？</strong></p>\r\n<p>答：在商品有现货的情况下，北京、上海、广州客户，下单后一般24小时内可收到货（郊区县配送时间可能会更长一些）；<br />其它地区用户，将根据您的收货地址及所选择的配送方式而不同，一般到货时间在1-7天（极偏远地区配送时间可能会更长一些）；<br />如果商品处于预订或在途状态，那么还应加上调配货时间。</p>\r\n<p>问：<strong>在线支付支持哪些银行卡？支持大额支付吗？</strong></p>\r\n<p>答：我们为您提供几乎全部银行的银行卡及信用卡在线支付，只要您开通了&ldquo;网上支付&rdquo;功能，即可进行在线支付，无需手续费，实时到帐，方便快捷。（如客户原因取消订单退款，则需要客户承担1%平台手续费）如您订单金额较大，可以使用快钱支付中的招行、工行、建行、农行、广发进行一次性大额支付（一万元以下）。</p>\r\n<p>问：<strong>下单时可以指定送货时间吗？</strong></p>\r\n<p>答：可以，您下单时可以选择&ldquo;只工作日送货(双休日、假日不用送)&rdquo;、&ldquo;工作日、双休日与假日均可送货&rdquo;、&ldquo;只双休日、假日送货(工作日不用送)&rdquo;等时间类型，并选择是否提前电话确认。<br />另外，您还可以在订单备注里填写更具体的需求，我们会尽量满足您的要求。</p>\r\n<p>问：<strong>收货时发现问题可以拒收吗？</strong></p>\r\n<p>答：在签收货物时如发现货物有损坏，请直接拒收退回我公司，相关人员将为您重新安排发货。</p>\r\n<p>问：<strong>如果我刚刚下单商品就降价了，能给我补偿吗？</strong></p>\r\n<p>答：商城的商品价格随市场价格的波动每日都会有涨价、降价或者优惠等变化。如果下完订单后价格发生了变化，可到&ldquo;我的商城&rdquo;自主申请价格保护。</p>\r\n<p>问：<strong>下单后，我能做什么？</strong></p>\r\n<p>答：如果是在线支付方式，请您尽快完成付款，待付款被确认后我们会立即为您发货，如果选择自提或货到付款，您可以进入&ldquo;个人中心&rdquo;，在&ldquo;订单列表&rdquo;中找到您的订单，然后可随时查看订单处理状态，做好收货或者上门自提的准备。<br />在您成功购物后，您还可以发表商品评价，向其他用户分享商品使用心得。</p>\r\n<p>问：<strong>为什么我无法登陆商城？</strong></p>\r\n<p>答：首先要检查您的用户名、密码是否正确，确认您的浏览器是否支持COOKIE。</p>\r\n<p>问：<strong>产品如何保修？</strong></p>\r\n<p>答：商城销售的商品都以商品说明中的保修承诺为准。</p>\r\n<p>问：<strong>订单得到确认后我该做什么？</strong></p>\r\n<p>答：按照订单所提示的实际应汇款金额，汇款至该订单所在的公司账号内，汇款交易成功后，登陆&ldquo;个人中心&rdquo;查看您的订单，在订单中的&ldquo;汇款备注&rdquo;中输入您的相关汇款信息(例如：汇入行、汇入我司银行账号的实际金额、汇款日期和汇入账号、订单号等），等待我司财务人员确认汇款。</p>\r\n<p>问：<strong>汇款确认后多久能够将货物发出？</strong></p>\r\n<p>答：正常情况下会在工作时间24-48小时内可以将您的货物发出。</p>\r\n<p>问：<strong>非商品自身质量问题是否可以退货？</strong></p>\r\n<p>答：部分商品在不影响二次销售的情况下，加收一定的退货手续费，是可以办理退货的，详情请查看&ldquo;退换货政策&rdquo;</p>\r\n<p>问：<strong>在哪进行在线支付？</strong></p>\r\n<p>答：在商城首页的&ldquo;会员登录&rdquo;中输入用户名和密码进行登陆，登陆后点击&ldquo;个人中心&rdquo;，进入 &ldquo;在线支付&rdquo;，点击进入后就可以进行在线支付了。</p>\r\n<p>问：<strong>工作时间？</strong></p>\r\n<p>答：客服中心受理热线电话及订单处理时间为周一至周日9：00&mdash;24：00。<br />注：如遇国家法定节假日，则以商城新闻发布放假时间为准，请大家届时关注。</p>\r\n<p>问：<strong>如何将退款打回银行卡？</strong></p>\r\n<p>答：在投诉中心留言相关信息，如银行卡的开户行(详细到支行）、开户姓名、卡号，相关人员会为您处理，退款周期视您的货物是否发出而定，如果货物未出库发出，退款会在三个工作日内完成；如果货物已发出，则需货物返回我司物流中心后为您办理退款。</p>\r\n<p>问：<strong>商品包装问题？</strong></p>\r\n<p>答：我公司所发送商品均由专人进行打包，商品在未签收前都由我公司负责，如在收到商品时发现包装有破损或是其它方面问题，请直接致电我公司客服，客服人员会帮您解决。</p>\r\n<p>问：<strong>订单付款后，如果长时间未收到货，我是否可以申请办理退款？</strong></p>\r\n<p>答：非商城快递覆盖区域内，由第三方快递公司负责直接送达的订单，如圆通快递，自发货时间算起超过10天仍未收到货或收货地址超出第三方快递覆盖的区域，由第三方快递转邮政，如圆通转EMS等，自发货时间算起超过20天仍未收到货，可致电客服中心，由客服人员为您申请办理退款事宜。</p>\r\n<p>问：<strong>如果我有问题或建议是否可以通过邮件向你们反馈？</strong></p>\r\n<p>答：可以。商城受理建议或投诉的邮箱是：*****@***.com。</p>', 621, '/html/article_content/201010/cb4b35cc2fd14ddbb20b49d7637fab2f.html', b'1', b'1', b'0', '常见的问题解决方法', '问题', 2, '常见问题', '402881882ba8455f012ba86db8560006');
/*!40000 ALTER TABLE `article` ENABLE KEYS */;


-- 导出  表 jfinalshop.articlecategory 结构
CREATE TABLE IF NOT EXISTS `articlecategory` (
  `id` varchar(32) NOT NULL,
  `createDate` datetime DEFAULT NULL,
  `modifyDate` datetime DEFAULT NULL,
  `metaDescription` text,
  `metaKeywords` text,
  `name` varchar(255) NOT NULL,
  `orderList` int(11) NOT NULL,
  `path` text,
  `parent_id` varchar(32) DEFAULT NULL,
  PRIMARY KEY (`id`),
  KEY `FKC9FF4FF4AC430CA0` (`parent_id`),
  CONSTRAINT `FKC9FF4FF4AC430CA0` FOREIGN KEY (`parent_id`) REFERENCES `articlecategory` (`id`)
) ENGINE=InnoDB DEFAULT CHARSET=utf8;

-- 正在导出表  jfinalshop.articlecategory 的数据：~6 rows (大约)
/*!40000 ALTER TABLE `articlecategory` DISABLE KEYS */;
INSERT INTO `articlecategory` (`id`, `createDate`, `modifyDate`, `metaDescription`, `metaKeywords`, `name`, `orderList`, `path`, `parent_id`) VALUES
	('329d466673e14690b9ddb34953673d41', '2015-09-20 10:37:58', NULL, '测试分类', NULL, '测试分类', 50, '402881882ba8455f012ba86aa5c60002,329d466673e14690b9ddb34953673d41', '402881882ba8455f012ba86aa5c60002'),
	('402881882ba8455f012ba86aa5c60002', '2010-10-14 09:46:23', '2010-10-27 22:33:15', '在线支付、网上转账、汇款等', '支付', '支付方式', 2, '402881882ba8455f012ba86aa5c60002', NULL),
	('402881882ba8455f012ba86db8560006', '2010-10-14 09:49:44', '2010-10-27 22:33:23', '解决一些常见问题', '帮助，解决', '帮助中心', 3, '402881882ba8455f012ba86db8560006', NULL),
	('402881882ba8753a012ba87a518e0001', '2010-10-14 10:03:30', '2010-10-27 22:33:07', '会员的享有的活动及需要了解相关制度', '会员', '关于会员', 1, '402881882ba8753a012ba87a518e0001', NULL),
	('6e5085a10ed049579f17d456094beb34', '2015-09-20 10:38:09', NULL, NULL, NULL, '测试分类2', 50, '402881882ba8753a012ba87a518e0001,6e5085a10ed049579f17d456094beb34', '402881882ba8753a012ba87a518e0001'),
	('e2e56146cf84477399cb3181e3c512d8', '2015-09-20 10:38:21', NULL, NULL, NULL, '测试分类3', 50, '402881882ba8753a012ba87a518e0001,6e5085a10ed049579f17d456094beb34,e2e56146cf84477399cb3181e3c512d8', '6e5085a10ed049579f17d456094beb34');
/*!40000 ALTER TABLE `articlecategory` ENABLE KEYS */;


-- 导出  表 jfinalshop.brand 结构
CREATE TABLE IF NOT EXISTS `brand` (
  `id` varchar(32) NOT NULL,
  `createDate` datetime DEFAULT NULL,
  `modifyDate` datetime DEFAULT NULL,
  `introduction` text,
  `logo` varchar(255) DEFAULT NULL,
  `name` varchar(255) NOT NULL,
  `orderList` int(11) NOT NULL,
  `url` varchar(255) DEFAULT NULL,
  PRIMARY KEY (`id`)
) ENGINE=InnoDB DEFAULT CHARSET=utf8;

-- 正在导出表  jfinalshop.brand 的数据：~5 rows (大约)
/*!40000 ALTER TABLE `brand` DISABLE KEYS */;
INSERT INTO `brand` (`id`, `createDate`, `modifyDate`, `introduction`, `logo`, `name`, `orderList`, `url`) VALUES
	('1', '2015-01-09 11:23:46', '2016-06-13 12:24:35', '<p>222</p>', '/upload/image/201501/c9ebc099983142198fdc8d3b3442b59b.jpg', '联想', 2, 'http://www.skg.com'),
	('2', '2015-01-09 11:23:46', '2016-06-13 12:24:52', '<p>333</p>', '/upload/image/201501/c9ebc099983142198fdc8d3b3442b59b.jpg', '魅族', 3, 'http://www.skg.com'),
	('5115080b00dc465fb31f3809b5e629d6', '2015-11-09 19:37:14', '2016-06-13 12:23:34', NULL, '/upload/image/201511/a192c157776b4e20be089f8665cdbc24.png', '苹果', 50, 'http://www.jfinalshop.com/admin/center'),
	('68568cd84c854bf39878f76399ebe38d', '2015-09-30 08:48:24', NULL, '<p><span style="color: rgb(51, 51, 51); font-family: Arial, 宋体, sans-serif; font-size: 14px; line-height: 25px; background-color: rgb(255, 255, 255);">乔丹体育是中国南方的一家体育用品生产商，前身为成立于1984年的“福建省晋江陈埭溪边日用品二厂”，2000年更名为乔丹体育。2012年2月，飞人乔丹起诉“乔丹体育”涉嫌侵犯其姓名权，引起悍然大波，公司称尚未收到法院应诉通知。2013年4月，乔丹体育方面表示，乔丹的起诉直接导致该公司上市受阻，宣布已起诉乔丹本人“错告侵权”，要求其恢复公司名誉，并索赔800万美金。在研发设计方面，乔丹体育200多人的专业设计团队根植于运动科学研究，以专业的设计研发能力为基础，紧随潮流动态，树立时尚坐标，为每一位热爱运动的人士打造出别具一格、卓然不群的时尚风范。</span></p>', '/upload/image/201509/67411a69a9de4211a9348a1316fceb0c.jpg', '乔丹', 50, 'http://www.qiaodan.com/'),
	('6dfed075066e43dcb355f9fa8d3a6837', '2016-01-15 23:32:13', '2016-06-13 12:22:57', NULL, '/upload/image/201606/eb59ef0a2aef4977843fe84f48a5c55c.jpg', '李宁', 50, 'http://test.com'),
	('85b85945d8ae4eceac44bc753e1b7a84', '2015-01-09 11:23:46', NULL, '<p><span style="color: #333333; font-family: arial, 宋体, sans-serif; font-size: 14px; font-style: normal; font-variant: normal; font-weight: normal; letter-spacing: normal; line-height: 24px; orphans: auto; text-align: start; text-indent: 28px; text-transform: none; white-space: normal; widows: auto; word-spacing: 0px; display: inline !important; float: none; background-color: #ffffff;">SKG是一家跨国经营的</span><a style="text-decoration: none; color: #136ec2; font-family: arial, 宋体, sans-serif; font-size: 14px; font-style: normal; font-variant: normal; font-weight: normal; letter-spacing: normal; line-height: 24px; orphans: auto; text-align: start; text-indent: 28px; text-transform: none; white-space: normal; widows: auto; word-spacing: 0px; background-color: #ffffff;" href="http://baike.baidu.com/view/6825.htm" target="_blank">互联网</a><span style="color: #333333; font-family: arial, 宋体, sans-serif; font-size: 14px; font-style: normal; font-variant: normal; font-weight: normal; letter-spacing: normal; line-height: 24px; orphans: auto; text-align: start; text-indent: 28px; text-transform: none; white-space: normal; widows: auto; word-spacing: 0px; display: inline !important; float: none; background-color: #ffffff;">家电公司。凭借锐意的改革创新，严苛的产品品质，一流的服务体验，成为中国互联网家电第一品牌；SKG销售网络遍及全球，产品畅销全世界各个国家和地区，为消费者带来健康、时尚的生活方式。</span></p>\r\n<h2 class="headline-1" style="margin: 35px 0px 15px -30px; padding: 0px; font-size: 24px; display: block; font-family: 微软雅黑, 黑体, Verdana; font-weight: 500; line-height: 22px; clear: both; zoom: 1; overflow: hidden; position: relative; color: #000000; font-style: normal; font-variant: normal; letter-spacing: normal; orphans: auto; text-align: start; text-indent: 0px; text-transform: none; white-space: normal; widows: auto; word-spacing: 0px; background: url(http://baike.bdimg.com/static/lemma/view/img/titleEditLine.png) #ffffff;"><span class="headline-content" style="line-height: 24px; display: block; float: left; padding: 0px 8px 0px 5px; background: #ffffff;">企业文化</span><span class="text_edit editable-title" style="display: block; float: right; padding: 6px 0px 0px 8px; margin-left: 10px; background: #ffffff;"><a class="nslog:1019" style="text-decoration: none; color: #888888; height: 15px; line-height: 16px; padding-left: 18px; font-size: 12px; font-family: 宋体; display: block; background: url(http://baike.bdimg.com/static/lemma/view3/img/icon-view_4b787901.gif) -85px 1px no-repeat transparent;" title="编辑本段" href="http://baike.baidu.com/link?url=5t8oWk7ey9-qStinWP6K2rNc1-8uWZmTRj5QYAY2N1it-bBd_hIWOiXpOSmrDNNE8vfzfmj8wq3GHwG_2J4Ysq">编辑</a></span></h2>\r\n<div class="para" style="color: #333333; margin: 15px 0px 5px; text-indent: 2em; line-height: 24px; font-family: arial, 宋体, sans-serif; font-size: 14px; font-style: normal; font-variant: normal; font-weight: normal; letter-spacing: normal; orphans: auto; text-align: start; text-transform: none; white-space: normal; widows: auto; word-spacing: 0px; background-color: #ffffff;">经营方针：品质、服务、速度</div>\r\n<div class="para" style="color: #333333; margin: 15px 0px 5px; text-indent: 2em; line-height: 24px; font-family: arial, 宋体, sans-serif; font-size: 14px; font-style: normal; font-variant: normal; font-weight: normal; letter-spacing: normal; orphans: auto; text-align: start; text-transform: none; white-space: normal; widows: auto; word-spacing: 0px; background-color: #ffffff;">SKG精神：开放、简单、包容</div>\r\n<div class="para" style="color: #333333; margin: 15px 0px 5px; text-indent: 2em; line-height: 24px; font-family: arial, 宋体, sans-serif; font-size: 14px; font-style: normal; font-variant: normal; font-weight: normal; letter-spacing: normal; orphans: auto; text-align: start; text-transform: none; white-space: normal; widows: auto; word-spacing: 0px; background-color: #ffffff;">SKG使命：感动顾客、成就员工</div>\r\n<div class="para" style="color: #333333; margin: 15px 0px 5px; text-indent: 2em; line-height: 24px; font-family: arial, 宋体, sans-serif; font-size: 14px; font-style: normal; font-variant: normal; font-weight: normal; letter-spacing: normal; orphans: auto; text-align: start; text-transform: none; white-space: normal; widows: auto; word-spacing: 0px; background-color: #ffffff;">SKG企业价值观：用户、改变、奋斗、贡献、伙伴</div>\r\n<div class="para" style="color: #333333; margin: 15px 0px 5px; text-indent: 2em; line-height: 24px; font-family: arial, 宋体, sans-serif; font-size: 14px; font-style: normal; font-variant: normal; font-weight: normal; letter-spacing: normal; orphans: auto; text-align: start; text-transform: none; white-space: normal; widows: auto; word-spacing: 0px; background-color: #ffffff;">SKG企业目标：成为全球互联网家电NO.1</div>\r\n<div class="para" style="color: #333333; margin: 15px 0px 5px; text-indent: 2em; line-height: 24px; font-family: arial, 宋体, sans-serif; font-size: 14px; font-style: normal; font-variant: normal; font-weight: normal; letter-spacing: normal; orphans: auto; text-align: start; text-transform: none; white-space: normal; widows: auto; word-spacing: 0px; background-color: #ffffff;">SKG人才观：结果导向，赛马不相马</div>\r\n<div class="para" style="color: #333333; margin: 15px 0px 5px; text-indent: 2em; line-height: 24px; font-family: arial, 宋体, sans-serif; font-size: 14px; font-style: normal; font-variant: normal; font-weight: normal; letter-spacing: normal; orphans: auto; text-align: start; text-transform: none; white-space: normal; widows: auto; word-spacing: 0px; background-color: #ffffff;">SKG核心竞争力：持续不断地变革创新<sup style="white-space: nowrap; margin-left: 2px; color: #3366cc; cursor: pointer; padding: 0px 2px; position: relative; vertical-align: baseline; top: -0.5em;">[2]</sup></div>\r\n<div class="para" style="color: #333333; margin: 15px 0px 5px; text-indent: 2em; line-height: 24px; font-family: arial, 宋体, sans-serif; font-size: 14px; font-style: normal; font-variant: normal; font-weight: normal; letter-spacing: normal; orphans: auto; text-align: start; text-transform: none; white-space: normal; widows: auto; word-spacing: 0px; background-color: #ffffff;">\r\n<h2 class="headline-1" style="margin: 35px 0px 15px -30px; padding: 0px; font-size: 24px; display: block; font-family: 微软雅黑, 黑体, Verdana; font-weight: 500; line-height: 22px; clear: both; zoom: 1; overflow: hidden; position: relative; color: #000000; font-style: normal; font-variant: normal; letter-spacing: normal; orphans: auto; text-align: start; text-indent: 0px; text-transform: none; white-space: normal; widows: auto; word-spacing: 0px; background: url(http://baike.bdimg.com/static/lemma/view/img/titleEditLine.png) #ffffff;"><span class="headline-content" style="line-height: 24px; display: block; float: left; padding: 0px 8px 0px 5px; background: #ffffff;">发展历程</span><span class="text_edit editable-title" style="display: block; float: right; padding: 6px 0px 0px 8px; margin-left: 10px; background: #ffffff;"><a class="nslog:1019" style="text-decoration: none; color: #888888; height: 15px; line-height: 16px; padding-left: 18px; font-size: 12px; font-family: 宋体; display: block; background: url(http://baike.bdimg.com/static/lemma/view3/img/icon-view_4b787901.gif) -85px 1px no-repeat transparent;" title="编辑本段" href="http://baike.baidu.com/link?url=5t8oWk7ey9-qStinWP6K2rNc1-8uWZmTRj5QYAY2N1it-bBd_hIWOiXpOSmrDNNE8vfzfmj8wq3GHwG_2J4Ysq">编辑</a></span></h2>\r\n<div class="para" style="color: #333333; margin: 15px 0px 5px; text-indent: 2em; line-height: 24px; font-family: arial, 宋体, sans-serif; font-size: 14px; font-style: normal; font-variant: normal; font-weight: normal; letter-spacing: normal; orphans: auto; text-align: start; text-transform: none; white-space: normal; widows: auto; word-spacing: 0px; background-color: #ffffff;">总部位于中国广东，曾先后在北京，德国，香港等地设立子公司。自进驻<a style="text-decoration: none; color: #136ec2;" href="http://baike.baidu.com/view/6825.htm" target="_blank">互联网</a>渠道以来，其坚持把用户体验(服务)作为第一要务，销售网络已经遍及全球，产品已远销欧美、东南亚等多个国家和地区。</div>\r\n<div class="para" style="color: #333333; margin: 15px 0px 5px; text-indent: 2em; line-height: 24px; font-family: arial, 宋体, sans-serif; font-size: 14px; font-style: normal; font-variant: normal; font-weight: normal; letter-spacing: normal; orphans: auto; text-align: start; text-transform: none; white-space: normal; widows: auto; word-spacing: 0px; background-color: #ffffff;">2014年1月，SKG建立广州分公司，杭州分公司，慈溪分公司。</div>\r\n<div class="para" style="color: #333333; margin: 15px 0px 5px; text-indent: 2em; line-height: 24px; font-family: arial, 宋体, sans-serif; font-size: 14px; font-style: normal; font-variant: normal; font-weight: normal; letter-spacing: normal; orphans: auto; text-align: start; text-transform: none; white-space: normal; widows: auto; word-spacing: 0px; background-color: #ffffff;">2013年12月，SKG全年销售额5.1亿。</div>\r\n<div class="para" style="color: #333333; margin: 15px 0px 5px; text-indent: 2em; line-height: 24px; font-family: arial, 宋体, sans-serif; font-size: 14px; font-style: normal; font-variant: normal; font-weight: normal; letter-spacing: normal; orphans: auto; text-align: start; text-transform: none; white-space: normal; widows: auto; word-spacing: 0px; background-color: #ffffff;">2013年11月，SKG官方论坛正式上线，建立北京分公司</div>\r\n<div class="para" style="color: #333333; margin: 15px 0px 5px; text-indent: 2em; line-height: 24px; font-family: arial, 宋体, sans-serif; font-size: 14px; font-style: normal; font-variant: normal; font-weight: normal; letter-spacing: normal; orphans: auto; text-align: start; text-transform: none; white-space: normal; widows: auto; word-spacing: 0px; background-color: #ffffff;">2013年11月，双十一当天累计成交金额达6206万，<a style="text-decoration: none; color: #136ec2;" href="http://baike.baidu.com/view/10610536.htm" target="_blank">SKG空气净化器</a>8小时突破4000台，获得双十一类目销量冠军，榨汁机开抢2小时，爆售1.5万台，稳居类目第一。</div>\r\n<div class="para" style="color: #333333; margin: 15px 0px 5px; text-indent: 2em; line-height: 24px; font-family: arial, 宋体, sans-serif; font-size: 14px; font-style: normal; font-variant: normal; font-weight: normal; letter-spacing: normal; orphans: auto; text-align: start; text-transform: none; white-space: normal; widows: auto; word-spacing: 0px; background-color: #ffffff;">2013年8月SKG与海尔集团旗下青岛日日顺家居服务有限公司正式签署了《全国家电售后服务战略合作协议》，携手打造SKG完美售后服务体系。27500家售后网点，全国联保，覆盖一二线城市，2606个县，20929个乡镇。</div>\r\n<div class="para" style="color: #333333; margin: 15px 0px 5px; text-indent: 2em; line-height: 24px; font-family: arial, 宋体, sans-serif; font-size: 14px; font-style: normal; font-variant: normal; font-weight: normal; letter-spacing: normal; orphans: auto; text-align: start; text-transform: none; white-space: normal; widows: auto; word-spacing: 0px; background-color: #ffffff;">2012年12月，SKG全年销售额超2.3亿。</div>\r\n<div class="para" style="color: #333333; margin: 15px 0px 5px; text-indent: 2em; line-height: 24px; font-family: arial, 宋体, sans-serif; font-size: 14px; font-style: normal; font-variant: normal; font-weight: normal; letter-spacing: normal; orphans: auto; text-align: start; text-transform: none; white-space: normal; widows: auto; word-spacing: 0px; background-color: #ffffff;">2012年11月，双十一单日，SKG销售突破1500万，<a style="text-decoration: none; color: #136ec2;" href="http://baike.baidu.com/view/10614976.htm" target="_blank">SKG榨汁机</a>、电水壶类目稳居电子商务小家电市场份额前三;</div>\r\n<div class="para" style="color: #333333; margin: 15px 0px 5px; text-indent: 2em; line-height: 24px; font-family: arial, 宋体, sans-serif; font-size: 14px; font-style: normal; font-variant: normal; font-weight: normal; letter-spacing: normal; orphans: auto; text-align: start; text-transform: none; white-space: normal; widows: auto; word-spacing: 0px; background-color: #ffffff;">2012年10月，入选&ldquo;百家商城&rdquo;和&ldquo;广货千家网店&rdquo;的广货网上行企业。同期，入选顺德区电子商务网上商城类示范企业、顺德区容桂总商会理事单位、顺德电子商务协会首届常务副会长单位;</div>\r\n<div class="para" style="color: #333333; margin: 15px 0px 5px; text-indent: 2em; line-height: 24px; font-family: arial, 宋体, sans-serif; font-size: 14px; font-style: normal; font-variant: normal; font-weight: normal; letter-spacing: normal; orphans: auto; text-align: start; text-transform: none; white-space: normal; widows: auto; word-spacing: 0px; background-color: #ffffff;">2011年10月，SKG与苏宁签订了&ldquo;SKG共享苏宁全国3C服务中心&rdquo;的协议;</div>\r\n<div class="para" style="color: #333333; margin: 15px 0px 5px; text-indent: 2em; line-height: 24px; font-family: arial, 宋体, sans-serif; font-size: 14px; font-style: normal; font-variant: normal; font-weight: normal; letter-spacing: normal; orphans: auto; text-align: start; text-transform: none; white-space: normal; widows: auto; word-spacing: 0px; background-color: #ffffff;">2011年12月，B2C平台年营业额超1.2亿;</div>\r\n<div class="para" style="color: #333333; margin: 15px 0px 5px; text-indent: 2em; line-height: 24px; font-family: arial, 宋体, sans-serif; font-size: 14px; font-style: normal; font-variant: normal; font-weight: normal; letter-spacing: normal; orphans: auto; text-align: start; text-transform: none; white-space: normal; widows: auto; word-spacing: 0px; background-color: #ffffff;">2011年2月，SKG成功实现营销体系转型，步入跨国网商;</div>\r\n<div class="para" style="color: #333333; margin: 15px 0px 5px; text-indent: 2em; line-height: 24px; font-family: arial, 宋体, sans-serif; font-size: 14px; font-style: normal; font-variant: normal; font-weight: normal; letter-spacing: normal; orphans: auto; text-align: start; text-transform: none; white-space: normal; widows: auto; word-spacing: 0px; background-color: #ffffff;">2010年11月，SKG与美团网，拉手网，24券等大型团购网站合作;</div>\r\n<div class="para" style="color: #333333; margin: 15px 0px 5px; text-indent: 2em; line-height: 24px; font-family: arial, 宋体, sans-serif; font-size: 14px; font-style: normal; font-variant: normal; font-weight: normal; letter-spacing: normal; orphans: auto; text-align: start; text-transform: none; white-space: normal; widows: auto; word-spacing: 0px; background-color: #ffffff;">2010年9月，SKG启动线下分销渠道，全面进驻国美、苏宁、家乐福、沃尔玛、易初莲花等全国大型家电卖场及商超;</div>\r\n<div class="para" style="color: #333333; margin: 15px 0px 5px; text-indent: 2em; line-height: 24px; font-family: arial, 宋体, sans-serif; font-size: 14px; font-style: normal; font-variant: normal; font-weight: normal; letter-spacing: normal; orphans: auto; text-align: start; text-transform: none; white-space: normal; widows: auto; word-spacing: 0px; background-color: #ffffff;">2010年8月，唯品会8月电器文化节SKG单日销售量过百万元;</div>\r\n<div class="para" style="color: #333333; margin: 15px 0px 5px; text-indent: 2em; line-height: 24px; font-family: arial, 宋体, sans-serif; font-size: 14px; font-style: normal; font-variant: normal; font-weight: normal; letter-spacing: normal; orphans: auto; text-align: start; text-transform: none; white-space: normal; widows: auto; word-spacing: 0px; background-color: #ffffff;">2010年4月，SKG进军国际电子商务平台，步入全球销售时代;</div>\r\n<div class="para" style="color: #333333; margin: 15px 0px 5px; text-indent: 2em; line-height: 24px; font-family: arial, 宋体, sans-serif; font-size: 14px; font-style: normal; font-variant: normal; font-weight: normal; letter-spacing: normal; orphans: auto; text-align: start; text-transform: none; white-space: normal; widows: auto; word-spacing: 0px; background-color: #ffffff;">2010年2月，SKG被赋予&ldquo;2010年中国电子商务年会&rdquo;最受消费者信赖品牌;</div>\r\n<div class="para" style="color: #333333; margin: 15px 0px 5px; text-indent: 2em; line-height: 24px; font-family: arial, 宋体, sans-serif; font-size: 14px; font-style: normal; font-variant: normal; font-weight: normal; letter-spacing: normal; orphans: auto; text-align: start; text-transform: none; white-space: normal; widows: auto; word-spacing: 0px; background-color: #ffffff;">2009年10月，SKG与京东商城达成&ldquo;战略合作伙伴&rdquo;关系;</div>\r\n<div class="para" style="color: #333333; margin: 15px 0px 5px; text-indent: 2em; line-height: 24px; font-family: arial, 宋体, sans-serif; font-size: 14px; font-style: normal; font-variant: normal; font-weight: normal; letter-spacing: normal; orphans: auto; text-align: start; text-transform: none; white-space: normal; widows: auto; word-spacing: 0px; background-color: #ffffff;">2008年10月，SKG开启淘宝分销，与淘宝散户共同分享市场;</div>\r\n<div class="para" style="color: #333333; margin: 15px 0px 5px; text-indent: 2em; line-height: 24px; font-family: arial, 宋体, sans-serif; font-size: 14px; font-style: normal; font-variant: normal; font-weight: normal; letter-spacing: normal; orphans: auto; text-align: start; text-transform: none; white-space: normal; widows: auto; word-spacing: 0px; background-color: #ffffff;">2008年2月，SKG品牌上线;</div>\r\n<div class="para" style="color: #333333; margin: 15px 0px 5px; text-indent: 2em; line-height: 24px; font-family: arial, 宋体, sans-serif; font-size: 14px; font-style: normal; font-variant: normal; font-weight: normal; letter-spacing: normal; orphans: auto; text-align: start; text-transform: none; white-space: normal; widows: auto; word-spacing: 0px; background-color: #ffffff;">2007年2月，SKG公司创立于小家电之都佛山顺德，进军海外电子商务平台，开展跨境电商业务。</div>\r\n</div>', '/upload/image/201501/c9ebc099983142198fdc8d3b3442b59b.jpg', 'SKG', 1, 'http://www.skg.com'),
	('d24bf080324d469e9d33de54699cce25', '2015-10-10 23:39:18', '2016-06-13 12:24:00', '<p><img src="/ueditor/jsp/upload/image/20151010/1444491529574067136.png" title="1444491529574067136.png" alt="屏幕快照 2015-10-10 22.55.53.png"/></p>', NULL, '无印良品', 50, 'http://www.baidu.com');
/*!40000 ALTER TABLE `brand` ENABLE KEYS */;


-- 导出  表 jfinalshop.cartitem 结构
CREATE TABLE IF NOT EXISTS `cartitem` (
  `id` varchar(32) NOT NULL,
  `createDate` datetime DEFAULT NULL,
  `modifyDate` datetime DEFAULT NULL,
  `quantity` int(11) NOT NULL,
  `product_id` varchar(32) NOT NULL,
  `member_id` varchar(32) NOT NULL,
  PRIMARY KEY (`id`),
  KEY `FK4393E73CA10C3E` (`member_id`),
  KEY `FK4393E73F4E7D716` (`product_id`),
  CONSTRAINT `FK4393E73CA10C3E` FOREIGN KEY (`member_id`) REFERENCES `member` (`id`),
  CONSTRAINT `FK4393E73F4E7D716` FOREIGN KEY (`product_id`) REFERENCES `product` (`id`)
) ENGINE=InnoDB DEFAULT CHARSET=utf8;

-- 正在导出表  jfinalshop.cartitem 的数据：~91 rows (大约)
/*!40000 ALTER TABLE `cartitem` DISABLE KEYS */;
INSERT INTO `cartitem` (`id`, `createDate`, `modifyDate`, `quantity`, `product_id`, `member_id`) VALUES
	('017a7982f91b4fdab5c04c41459fe222', '2016-05-04 20:17:04', NULL, 1, '6402339746e04840932a5d400dcc8654', '6dd509f2a2a74f0c95e6af222ff978fd'),
	('025a6f262111486eb5fdd9efa11ba960', '2016-06-14 09:01:54', NULL, 1, '6402339746e04840932a5d400dcc8654', '09e98a90ed4c40ab8e6fdae0f7c4cc61'),
	('0622f7e0a1764f2abbb7debc4ff8c3e9', '2015-11-15 14:22:58', NULL, 1, '4f5e5aa3e3e84bf4a89e0263cd12b081', '7c642308810041fba15e4774c1d14205'),
	('08a1b7d083c741ba97ba2ed1375d0600', '2016-06-14 17:33:34', NULL, 1, '80e1e02c67d642fb8e19cca211569d09', '76fa68f536f1430089294dcb17e70d12'),
	('0a68078265d3487d9a042c19a1f161b7', '2016-04-14 00:52:57', NULL, 1, 'd194eca0c5f44a7ab8d496ec922860a1', 'c101f68d2afe4ac9a931dbf5c985d90e'),
	('0f222923dce847a3926db2fbf056c4b8', '2016-03-17 10:07:21', NULL, 1, 'ab2fac1c534942b8b4c42666d3db68c8', '597da43d7dc046139b07347d5cb9254e'),
	('126ce44f657c4ac28ff8e7b247c3f35f', '2015-11-02 16:56:54', NULL, 1, '4f5e5aa3e3e84bf4a89e0263cd12b081', 'b98909c459854f1285357c29d5484ea9'),
	('14b027a8bbd14f6a9240323f811a0bf5', '2015-12-15 15:46:17', NULL, 1, '04130566133846128ef3f73e528a88b3', '40602ecd0982405c8bc6ecfd83944597'),
	('15e4736bc03143049ff5fa00523690e4', '2016-08-01 12:11:36', NULL, 1, 'e67d175a8c4d4d7b8d0bbe81fdded9aa', '9c91d5511a9a421fab729e577b9d65ce'),
	('166e318e03b14b29b23a4ea18773c2ba', '2015-11-08 16:12:27', NULL, 1, 'f00b604b04d749a78bb3c7f4ae0ea002', '31df4149250e461fa0d9bac3c860b644'),
	('17dafc00df734d44a9e7adbd29dcc23a', '2015-12-08 16:09:24', NULL, 1, 'd194eca0c5f44a7ab8d496ec922860a1', 'fb812ac0cc2a4da287cce1ba28fb35a2'),
	('1906e32a024645d7b71a13ea3cd9c1a7', '2016-01-18 15:52:23', NULL, 2, 'd194eca0c5f44a7ab8d496ec922860a1', '4ad9f387e305454e885edae9e0578ff0'),
	('19752c32744e456b97bb16d53db2c9f4', '2016-05-04 10:47:29', NULL, 1, '6402339746e04840932a5d400dcc8654', '7858cbe609504195b603545308d141e0'),
	('1a46e9f77f334dbc8b2cbb578f352d7b', '2015-11-05 10:50:23', NULL, 8, 'f00b604b04d749a78bb3c7f4ae0ea002', '9163f1be24cf4df6a0a00f6b0b8b20e4'),
	('1d1375ccf737412aaefd461c67fabfab', '2016-05-17 11:10:28', NULL, 1, 'ab2fac1c534942b8b4c42666d3db68c8', '5653d93719de4c0fb1ade6f4f644e3c7'),
	('218299711ea8426eacd133216f57fd68', '2016-01-09 18:28:37', NULL, 1, 'f00b604b04d749a78bb3c7f4ae0ea002', '65cde7ac52d54f0aa1ddd68e09641ec8'),
	('22d2d8b249134df89e947d2f652ac6cb', '2015-12-14 14:08:05', NULL, 1, 'd194eca0c5f44a7ab8d496ec922860a1', '402881862bf08f18012bf0a16b7c0010'),
	('26bd8dcfe88b4b8e88d1e6802600523b', '2015-11-29 11:34:17', NULL, 1, 'f00b604b04d749a78bb3c7f4ae0ea002', '592f554e9f634eca90dda13c99cb2c53'),
	('29b701c77e924998be9e736cb79b371e', '2016-07-31 01:17:19', NULL, 1, '8ebf669b23f84699bab4f1d0d4f85adf', '0e35ccf8bdbe42c1a34f0d05c105c99f'),
	('350884afa0974e21b718eebc186aa1a2', '2015-12-14 09:11:56', NULL, 1, 'd194eca0c5f44a7ab8d496ec922860a1', 'a6586468238e49a491853c064ad3f3ac'),
	('3585fb2ff6af420ab7d1ba4ab251b32d', '2016-09-19 16:20:22', NULL, 2, '8ebf669b23f84699bab4f1d0d4f85adf', '331e20e0484f4ee8b4b30b987672c25b'),
	('38788e06212c4f12a4542f365a0d7d50', '2016-09-07 15:31:25', NULL, 1, '822dacb55ec248fbbd0f4cc11b5ae212', 'a623945b4c6e44e0a1e4feaa8a34b519'),
	('3bc2256e46824861805e43d23da8ae50', '2015-10-09 18:05:51', NULL, 1, '04130566133846128ef3f73e528a88b3', '398f122f665441ad9d14d1bda32acca9'),
	('416f3f5bdada413bbeb888755312b8e0', '2015-12-16 17:20:54', NULL, 1, '6402339746e04840932a5d400dcc8654', 'd793881cdf8545d6af7fa23e3012239c'),
	('453830b6d8c6407c8e74cdd16b01c328', '2015-11-05 10:50:20', NULL, 4, 'd194eca0c5f44a7ab8d496ec922860a1', '9163f1be24cf4df6a0a00f6b0b8b20e4'),
	('4971ab763e6f4fd2a1d8e7ed8783fe6e', '2016-08-01 12:11:46', NULL, 1, '350fd248fd0e4ec88de3c5413084097a', '9c91d5511a9a421fab729e577b9d65ce'),
	('4b897c671c0b49ec88bd987f2f902e7c', '2015-10-14 22:26:09', NULL, 1, 'f00b604b04d749a78bb3c7f4ae0ea002', 'b6d8ba9d74304c3ea363f5b5caeb0711'),
	('4cf03c081e44424e9fe40a6536cbf01c', '2016-05-06 09:29:07', NULL, 1, '04130566133846128ef3f73e528a88b3', '1ad197e502444e9fb721f7c8f2914881'),
	('4d6ebba98bd746c0b3b430a311e31a8b', '2016-04-28 16:42:20', NULL, 1, 'f00b604b04d749a78bb3c7f4ae0ea002', '30d2bfcbef8143e695bb0208ed6d5a15'),
	('4df9a3b75eeb486eafde15197c272fab', '2015-11-08 16:12:20', NULL, 2, 'd194eca0c5f44a7ab8d496ec922860a1', '31df4149250e461fa0d9bac3c860b644'),
	('574dc336d55c4802b933c25a1e0be3ef', '2015-11-12 09:17:44', NULL, 1, '90a7c694b536492e9e51db72e90c1fe4', 'f867a3a1818f4e0dbc14f7500c374f6d'),
	('578e4dd1528e427195e59af0daa06fd7', '2016-05-17 11:10:38', NULL, 1, 'b29942699240466cb7a50f597118bf48', '5653d93719de4c0fb1ade6f4f644e3c7'),
	('5e83dd9dfed543e682fc0eeb11a46950', '2016-05-08 18:13:48', NULL, 1, '80e1e02c67d642fb8e19cca211569d09', '93eedb03167b40b3834949968149da58'),
	('5ec253d21d344f82abcf8891f4d4a207', '2016-01-11 10:18:29', NULL, 1, '04130566133846128ef3f73e528a88b3', '88501e14350d43468ac6ed008f615377'),
	('5f63125fba794e6d9d6e07611d9825e3', '2016-04-21 08:49:28', NULL, 5, '7fce9b1083054c32afeb57d4cab3f3ae', 'f6afcd4ade6e4457b4f3edc2371e9327'),
	('616990686cfa40759cf5bbb447915d35', '2016-04-19 15:14:09', NULL, 1, 'b29942699240466cb7a50f597118bf48', '438c7d1eea56412c85b0fc80021ac3ef'),
	('61b7b2e0ab114a348597b71b35c645ee', '2015-12-15 15:46:17', NULL, 1, '4f5e5aa3e3e84bf4a89e0263cd12b081', '40602ecd0982405c8bc6ecfd83944597'),
	('624e1915317f45b9830ccf9123178ae3', '2016-04-19 15:14:06', NULL, 1, '3d82df4cbd7b491ebecf226e19f2e847', '438c7d1eea56412c85b0fc80021ac3ef'),
	('6896ab3fe6b84a0581fd5510c5f5c04d', '2016-07-26 17:51:40', NULL, 1, '6402339746e04840932a5d400dcc8654', 'd8dd74b80014449ba03c5695e08d258c'),
	('6b87d3daee5146629a294d787a6bc923', '2015-11-25 16:25:56', NULL, 2, '04130566133846128ef3f73e528a88b3', '332cfecc652d4f60906d99bbe2d406e9'),
	('6f46498280f740ea82552b00f9aa4d92', '2015-11-04 16:22:50', NULL, 1, 'd194eca0c5f44a7ab8d496ec922860a1', '2eec6d45dfed4ba1825dc078d00134fd'),
	('715f206bbfd346a192f11c42df8ca7bd', '2016-05-08 18:14:22', NULL, 1, 'f00b604b04d749a78bb3c7f4ae0ea002', '93eedb03167b40b3834949968149da58'),
	('7323f8701d3142919d968060bc9cfef8', '2016-04-12 00:41:22', NULL, 1, '14a71d88fc11461881294757c7c430b4', '9479e9969cdd4b9f9232d3b6ee4cacb5'),
	('737bcfb28d844c0ca858086ffca87992', '2016-05-23 20:15:16', NULL, 1, '6402339746e04840932a5d400dcc8654', 'b96e198732074d28a368ab91de5ca72b'),
	('771faa370a6f4f84b9a79245c5ea38d2', '2016-05-23 09:52:47', NULL, 4, '04130566133846128ef3f73e528a88b3', 'c9cbcde145634d819e4c765508d077fd'),
	('796a2221a1714c829bd0f5f98ede9973', '2016-04-25 11:26:46', NULL, 1, '4f5e5aa3e3e84bf4a89e0263cd12b081', '7532b728a6fc4838975be66d4d4516f7'),
	('7a3d249ad7bf470f9a2f57f8eb594f43', '2015-10-13 11:27:52', NULL, 1, 'f00b604b04d749a78bb3c7f4ae0ea002', '28a7555ac7e54cc28d5f14bcc575c4b9'),
	('7ae9b36e99b74a72ad587411b97aa89f', '2015-12-16 17:13:26', NULL, 1, 'd194eca0c5f44a7ab8d496ec922860a1', 'd793881cdf8545d6af7fa23e3012239c'),
	('7bce4e9fcb1e45368da346963693076d', '2016-01-08 13:14:45', NULL, 2, 'e7d2538a11ab43149f144aa0f6d2f1d9', 'ee37cf8a7cb647ebb85ae10d8d06ec37'),
	('8513a31206054247ba10aec0b5fb6af8', '2016-04-26 23:12:17', NULL, 1, 'f00b604b04d749a78bb3c7f4ae0ea002', '6af6e908b18744b7b426bb574bab8043'),
	('8751d6bcdc2b4627929527cfaad52769', '2016-09-19 16:20:15', NULL, 1, 'e67d175a8c4d4d7b8d0bbe81fdded9aa', '331e20e0484f4ee8b4b30b987672c25b'),
	('899578e0b54b4e78a43d5ffa1bbab441', '2015-11-02 14:10:54', NULL, 1, '75f0cf2253974031a2ab4a53dc75c14c', '048ffc621a624541a9dae466b33a360e'),
	('8aee33b321c64a6989e27ae4d2acba7f', '2016-05-17 11:10:33', NULL, 1, '7fce9b1083054c32afeb57d4cab3f3ae', '5653d93719de4c0fb1ade6f4f644e3c7'),
	('8b63e4a340bc445db5b7d5a54dc1fe5e', '2015-12-26 15:44:45', NULL, 1, '4f5e5aa3e3e84bf4a89e0263cd12b081', '4d2301885380438586572f1c7f23e435'),
	('8bf83ec1781042d9b67fbf693ee47363', '2015-12-29 16:53:10', NULL, 1, 'f00b604b04d749a78bb3c7f4ae0ea002', '8606010132f746eb95bba89533927ea1'),
	('8e59343fd32043faaa414d95f601c932', '2016-03-30 18:27:40', NULL, 1, '4f5e5aa3e3e84bf4a89e0263cd12b081', '3f16520df7ab4266b514c1c30a246c6f'),
	('9126414b38ea4e98ac2a7357aed04ee6', '2015-12-24 10:21:34', NULL, 2, 'd194eca0c5f44a7ab8d496ec922860a1', '2b53ab6d1ec84f14bc38335e4a4bd56f'),
	('971c8033cb1a41029063fff7caca839d', '2015-11-05 10:50:25', NULL, 1, '75f0cf2253974031a2ab4a53dc75c14c', '9163f1be24cf4df6a0a00f6b0b8b20e4'),
	('98e32f519d0b427384694c697e9e87df', '2016-04-08 15:30:05', NULL, 1, '14a71d88fc11461881294757c7c430b4', '613cc5b81e954c33a5e9dc20311d7f8b'),
	('9afd20cf6b154be48935aa1bdd6a86c7', '2016-01-08 13:14:32', NULL, 1, '822dacb55ec248fbbd0f4cc11b5ae212', 'ee37cf8a7cb647ebb85ae10d8d06ec37'),
	('a521d396b48244bbb68b35156d60495b', '2015-10-15 15:51:25', NULL, 1, 'f00b604b04d749a78bb3c7f4ae0ea002', '045d773726bd43d0ae81dd1de42a2652'),
	('b13ebacd072d4f9eb350df5b8f5c97b9', '2015-11-17 09:16:59', NULL, 1, 'f00b604b04d749a78bb3c7f4ae0ea002', 'eb9e72fd24b74511b91437e74b7effbd'),
	('b2279c82add54f419a6315153fb9cd3f', '2016-01-20 15:23:50', NULL, 1, '04130566133846128ef3f73e528a88b3', 'cb2b1c7b1414484493f7d8666fe8e541'),
	('b6ca99160a15448c8707ea1e5803b3a6', '2016-04-08 15:30:08', NULL, 1, 'ab2fac1c534942b8b4c42666d3db68c8', '613cc5b81e954c33a5e9dc20311d7f8b'),
	('b75838294f68430e80eda5062f865e6e', '2016-03-17 10:07:18', NULL, 1, '14a71d88fc11461881294757c7c430b4', '597da43d7dc046139b07347d5cb9254e'),
	('b86a5d79bf354ebe8dfea903d97a1cc6', '2016-03-31 13:45:49', NULL, 1, 'f00b604b04d749a78bb3c7f4ae0ea002', '402350a08e9b4e54a3fff547c796bb0f'),
	('c4184c62ad8e4a7d8b5861a0081d7cf0', '2015-11-07 13:39:58', NULL, 1, 'd194eca0c5f44a7ab8d496ec922860a1', 'ce6ebe8a60a64894997d544fa7d5370f'),
	('c42bf29099d748d5b58a092b671e539a', '2016-05-08 18:14:15', NULL, 1, 'd194eca0c5f44a7ab8d496ec922860a1', '93eedb03167b40b3834949968149da58'),
	('c46406b9ef3a421796556cb28493a693', '2016-01-08 15:35:13', NULL, 1, '6402339746e04840932a5d400dcc8654', 'be2a45b4f7ec4248b87ad22fe9a653a2'),
	('c625a2c6e2564571844805486ddd0af1', '2015-10-19 16:27:04', NULL, 1, '4f5e5aa3e3e84bf4a89e0263cd12b081', '633652eaedc14a6894ce083da37eb41a'),
	('cb63d2df427143b7ad6ac3a71c93b8fe', '2016-08-01 12:11:41', NULL, 1, '4ca488921b714c3bbdf332fe31ba50f7', '9c91d5511a9a421fab729e577b9d65ce'),
	('ce92312649af4903a89853d4a5516e3d', '2015-11-25 16:25:30', NULL, 1, 'd194eca0c5f44a7ab8d496ec922860a1', '332cfecc652d4f60906d99bbe2d406e9'),
	('d716e6b8555341e9930126d1cc18469c', '2016-03-30 17:27:28', NULL, 1, '14a71d88fc11461881294757c7c430b4', 'e71d4d1b0eff4384aaaefc24f0d6fdfc'),
	('d8707543c64041cd936905158e1d49bb', '2016-03-08 21:48:04', NULL, 1, 'd194eca0c5f44a7ab8d496ec922860a1', '30c94b4c76304aa38b6aecbfc4a4a244'),
	('dcdec5f556a94d1687992671025d3d6a', '2016-06-13 15:27:15', NULL, 1, '6402339746e04840932a5d400dcc8654', '76fa68f536f1430089294dcb17e70d12'),
	('dd546a0b27ce492f9edd0256388fb275', '2016-01-25 17:16:41', NULL, 1, '04130566133846128ef3f73e528a88b3', 'e4b913c4b1a34ab9a4544056cfaa3501'),
	('ddf2c8f866d84621b6cbdbf813eea60e', '2016-01-07 12:14:52', NULL, 1, '04130566133846128ef3f73e528a88b3', '3ef9fc4a91d949dbbae5f7f2a877a10b'),
	('e31f9bd4481a475aa021293387cd075b', '2016-06-06 10:29:04', NULL, 1, '7fce9b1083054c32afeb57d4cab3f3ae', '752d755c7c1740ca953b7cf4095561bf'),
	('e6acc7abd8e7453d8e55573f17d55c19', '2016-01-27 15:52:15', NULL, 1, '4f5e5aa3e3e84bf4a89e0263cd12b081', '75393c23f66349719425dfef62dc746b'),
	('e79f949ea61c466bb86eec8635a38974', '2015-10-23 09:42:38', NULL, 1, 'f00b604b04d749a78bb3c7f4ae0ea002', 'e4b913c4b1a34ab9a4544056cfaa3501'),
	('e7aa43f3ccca406796eeca88b797db06', '2016-09-19 16:20:42', NULL, 1, 'd194eca0c5f44a7ab8d496ec922860a1', '331e20e0484f4ee8b4b30b987672c25b'),
	('e7cc2ac9a79744d693f09e5ce804c862', '2016-04-21 08:49:24', NULL, 2, 'b29942699240466cb7a50f597118bf48', 'f6afcd4ade6e4457b4f3edc2371e9327'),
	('ed4f2299216a40e487dd4cc4e07d4a07', '2016-02-29 14:20:10', NULL, 1, '14a71d88fc11461881294757c7c430b4', '9a97633cfc444942bafaa84ff968e1af'),
	('ef1bd0edf9e04717af876d7695bffcba', '2016-01-18 15:52:11', NULL, 14, 'f00b604b04d749a78bb3c7f4ae0ea002', '4ad9f387e305454e885edae9e0578ff0'),
	('f1ba1792b601472292430f064425429d', '2015-12-18 15:23:26', NULL, 1, '6402339746e04840932a5d400dcc8654', 'b16333b508e64c65b14e2b1cc2d1abf2'),
	('f23d438a574041999875c105c5afd884', '2016-04-19 10:31:52', NULL, 1, '14a71d88fc11461881294757c7c430b4', '438c7d1eea56412c85b0fc80021ac3ef'),
	('f864b657cf8a43c486645fe301b20e5b', '2016-04-21 08:49:22', NULL, 1, 'ab2fac1c534942b8b4c42666d3db68c8', 'f6afcd4ade6e4457b4f3edc2371e9327'),
	('f87e4f80463e4b98a2cbcb123b4aff69', '2016-05-11 08:13:27', NULL, 2, 'd194eca0c5f44a7ab8d496ec922860a1', '3932553edf6348ce8030cf85cc2a14f8'),
	('f8c0dd15d93b49ad9f3adc232a144bf8', '2015-12-20 15:02:21', NULL, 1, 'd194eca0c5f44a7ab8d496ec922860a1', 'e07f82879b434f75be6724e8b9732f19'),
	('fde96a7e9c5e4492a1f6c7789092e441', '2016-05-06 09:29:11', NULL, 1, '4f5e5aa3e3e84bf4a89e0263cd12b081', '1ad197e502444e9fb721f7c8f2914881'),
	('ff1d765fa8d443c7a83a9f98e4ea2184', '2016-07-04 14:35:33', NULL, 1, 'b7e611937e6949009202bd7de7c42739', '28d507f1434b4bc5906646f1b2398a0b');
/*!40000 ALTER TABLE `cartitem` ENABLE KEYS */;


-- 导出  表 jfinalshop.deliverycorp 结构
CREATE TABLE IF NOT EXISTS `deliverycorp` (
  `id` varchar(32) NOT NULL,
  `createDate` datetime DEFAULT NULL,
  `modifyDate` datetime DEFAULT NULL,
  `name` varchar(255) NOT NULL,
  `orderList` int(11) NOT NULL,
  `url` varchar(255) DEFAULT NULL,
  PRIMARY KEY (`id`),
  UNIQUE KEY `name` (`name`)
) ENGINE=InnoDB DEFAULT CHARSET=utf8;

-- 正在导出表  jfinalshop.deliverycorp 的数据：~8 rows (大约)
/*!40000 ALTER TABLE `deliverycorp` DISABLE KEYS */;
INSERT INTO `deliverycorp` (`id`, `createDate`, `modifyDate`, `name`, `orderList`, `url`) VALUES
	('402881862b9e7507012b9e7d64fc0007', '2010-10-12 11:30:39', '2016-01-14 22:55:21', '圆通快递', 1, 'http://www.yto.net.cn'),
	('402881882ba8753a012ba8b49033000f', '2010-10-14 11:07:07', '2010-10-28 01:07:27', '全球邮政快递', 0, 'http://www.ems.com.cn'),
	('402881882ba8753a012ba8b5a82b0010', '2010-10-14 11:08:18', '2016-01-08 16:51:22', '顺丰速运', 0, 'http://www.sf-express.com'),
	('402881882ba8753a012ba8b603990011', '2010-10-14 11:08:42', '2010-10-28 01:07:37', '韵达快递', 0, 'http://www.yundaex.com'),
	('402881882ba8753a012ba8b64d060012', '2010-10-14 11:09:01', '2010-10-28 01:07:42', '申通快递', 0, 'http://www.sto.cn'),
	('402881882ba8753a012ba8b68a2e0013', '2010-10-14 11:09:16', '2010-10-28 01:07:47', '中通速递', 0, 'http://www.zto.cn'),
	('402881882ba8753a012ba8b6cc480014', '2010-10-14 11:09:33', '2010-10-28 01:07:52', '天天快递', 0, 'http://www.ttkdex.com'),
	('402881882ba8753a012ba8b7502e0016', '2010-10-14 11:10:07', '2016-06-13 20:30:08', '宅急送', 2, 'http://www.zjs.com.cn');
/*!40000 ALTER TABLE `deliverycorp` ENABLE KEYS */;


-- 导出  表 jfinalshop.deliveryitem 结构
CREATE TABLE IF NOT EXISTS `deliveryitem` (
  `id` varchar(32) NOT NULL,
  `createDate` datetime DEFAULT NULL,
  `modifyDate` datetime DEFAULT NULL,
  `deliveryQuantity` int(11) NOT NULL,
  `productHtmlFilePath` varchar(255) NOT NULL,
  `productName` varchar(255) NOT NULL,
  `productSn` varchar(255) NOT NULL,
  `shipping_id` varchar(32) DEFAULT NULL,
  `product_id` varchar(32) DEFAULT NULL,
  `reship_id` varchar(32) DEFAULT NULL,
  PRIMARY KEY (`id`),
  KEY `FK326C45475F5222BE` (`shipping_id`),
  KEY `FK326C4547425C301E` (`reship_id`),
  KEY `FK326C4547F4E7D716` (`product_id`),
  CONSTRAINT `FK326C4547425C301E` FOREIGN KEY (`reship_id`) REFERENCES `reship` (`id`),
  CONSTRAINT `FK326C45475F5222BE` FOREIGN KEY (`shipping_id`) REFERENCES `shipping` (`id`),
  CONSTRAINT `FK326C4547F4E7D716` FOREIGN KEY (`product_id`) REFERENCES `product` (`id`)
) ENGINE=InnoDB DEFAULT CHARSET=utf8;

-- 正在导出表  jfinalshop.deliveryitem 的数据：~33 rows (大约)
/*!40000 ALTER TABLE `deliveryitem` DISABLE KEYS */;
INSERT INTO `deliveryitem` (`id`, `createDate`, `modifyDate`, `deliveryQuantity`, `productHtmlFilePath`, `productName`, `productSn`, `shipping_id`, `product_id`, `reship_id`) VALUES
	('1c409f7edf7d433385186b9baf361ab9', '2015-10-09 17:46:02', NULL, 1, '/html/product_content/201501/709936434ae64444b52dd29edda6618a.html', '新款SKG GW3315榨汁机 不锈钢 婴儿榨汁机 出汁率高 特价ZZ1318', 'SN_E322127BDD6A', 'da4b60d214d6455b96a6af0aa1b5cdbc', '4f5e5aa3e3e84bf4a89e0263cd12b081', NULL),
	('208612f172e64ef692273c7efd9cc1d6', '2015-09-13 19:46:23', NULL, 1, '/html/product_content/201501/7bb5a5692a164d6d93af2ff318808185.html', 'SKG 1638 家用静音电陶炉 不锈钢 包邮特价 无辐射黑晶炉', 'SN_EB60E254149C', '820f3bace3e04279bf8a096d256cd99f', '6402339746e04840932a5d400dcc8654', NULL),
	('27206dd78d844d67a4e8f5a1ffa1233d', '2016-06-20 11:50:30', NULL, 1, '/html/product_content/201601/1b45d43d1a164a7183c768b6b071c397.html', '测试商品', '测试商品', 'd4d44fa50cad4a9093957ffa2b43a0ee', '80e1e02c67d642fb8e19cca211569d09', NULL),
	('3ddeeba3e72e43719a50419efc217c51', '2015-10-20 19:18:13', NULL, 1, '/html/product_content/201509/51fe089a98784684b4b1d6fdf839aadb.html', '1', '2', 'b6dd948dfaba47f987bec32f0dc1ef1a', 'f00b604b04d749a78bb3c7f4ae0ea002', NULL),
	('409c7eef620d495388fb647fa2ab6607', '2016-06-21 14:52:40', NULL, 2, '/html/product_content/201601/ef704dd23c774dffb7330e72674f1a07.html', 'xcdsf', 'asdf', '08865b75fd8a4207804baf24beb73408', '822dacb55ec248fbbd0f4cc11b5ae212', NULL),
	('4388487425084e3489c8987e4f7e8fc6', '2015-10-20 17:23:25', NULL, 2, '/html/product_content/201509/51fe089a98784684b4b1d6fdf839aadb.html', '1', '2', '2947589b17bb48b382a5b8ec9849e8dc', 'f00b604b04d749a78bb3c7f4ae0ea002', NULL),
	('4859ec1972a54771bc51b4692f60fe85', '2015-10-26 15:45:53', NULL, 2, '/html/product_content/201509/51fe089a98784684b4b1d6fdf839aadb.html', '1', '2', '94e6c777549c46bc94898f00d7fbb823', 'f00b604b04d749a78bb3c7f4ae0ea002', NULL),
	('56481b16c9fc41638b1a114e42c63214', '2015-11-17 09:09:08', NULL, 1, '/html/product_content/201509/51fe089a98784684b4b1d6fdf839aadb.html', '1', '2', '76e319db8ff9401a8aafcc178fe56ae4', 'f00b604b04d749a78bb3c7f4ae0ea002', NULL),
	('63e7e3a1bb164ec5aff1e66b65fa34c7', '2015-10-26 15:43:18', NULL, 1, '/html/product_content/201509/51fe089a98784684b4b1d6fdf839aadb.html', '1', '2', '16f6e400051e4db4bdd1f4b730396bfe', 'f00b604b04d749a78bb3c7f4ae0ea002', NULL),
	('6846dca854064063accea0c643156695', '2015-12-17 18:09:42', NULL, 1, '/html/product_content/201511/2e2713bfbebf427080bdf044e706858c.html', 'test', 'SN_E07B66B41255', 'b418976ccce8407d97e70d39aba2157d', 'd194eca0c5f44a7ab8d496ec922860a1', NULL),
	('6982e8a72b774a899c8dadbc146d241d', '2015-10-26 15:48:36', NULL, 1, '/html/product_content/201509/51fe089a98784684b4b1d6fdf839aadb.html', '1', '2', '04ef80ce6e0c409fa7b7b8be2b9054f8', 'f00b604b04d749a78bb3c7f4ae0ea002', NULL),
	('6bf7a0e374c14e3bbd8439b4c17fdb9d', '2015-11-20 00:25:49', NULL, 1, '/html/product_content/201509/51fe089a98784684b4b1d6fdf839aadb.html', '1', '2', 'f852597b42ca4e37a4fc78ce7160e534', 'f00b604b04d749a78bb3c7f4ae0ea002', NULL),
	('731ac3b09cd2446b8a5ee934e9f54b0c', '2015-12-21 18:14:54', NULL, 1, '/html/product_content/201511/2e2713bfbebf427080bdf044e706858c.html', 'test', 'SN_E07B66B41255', '6574ec7b6aa94aa0ba3817c012b94a28', 'd194eca0c5f44a7ab8d496ec922860a1', NULL),
	('75eddf3ae3554aeba01ad2e58a41a9f7', '2015-10-23 15:56:01', NULL, 2, '/html/product_content/201509/51fe089a98784684b4b1d6fdf839aadb.html', '1', '2', '6de03f1dcceb42ea98e4c583e8d758a2', 'f00b604b04d749a78bb3c7f4ae0ea002', NULL),
	('7ada726d48b245b39ccd294f5823d5eb', '2016-01-06 15:29:58', NULL, 1, '/html/product_content/201511/2e2713bfbebf427080bdf044e706858c.html', 'test', 'SN_E07B66B41255', 'c265811e1dd74a8d8b3563b231504a18', 'd194eca0c5f44a7ab8d496ec922860a1', NULL),
	('8871f45b31f74784b3032ffeab818fe3', '2015-11-17 09:09:08', NULL, 1, '/html/product_content/201511/2e2713bfbebf427080bdf044e706858c.html', 'test', 'SN_E07B66B41255', '76e319db8ff9401a8aafcc178fe56ae4', 'd194eca0c5f44a7ab8d496ec922860a1', NULL),
	('889adba7510641d6a8bfe99b936dd755', '2016-01-09 18:40:25', NULL, 1, '/html/product_content/201509/272c07966a984c8095c64d4b5f0a49bd.html', 'test', '1345', '8df053bc9ffc4fb0a2d2ed52016e5520', '04130566133846128ef3f73e528a88b3', NULL),
	('8d1322304a7641aaa414929f87a1f065', '2016-01-20 15:57:57', NULL, 1, '/html/product_content/201511/2e2713bfbebf427080bdf044e706858c.html', 'test', 'SN_E07B66B41255', '3fa2672cbadd41d4ada75c24be1478a6', 'd194eca0c5f44a7ab8d496ec922860a1', NULL),
	('9427aba074274ee88e8c70eae14366af', '2015-12-31 18:57:11', NULL, 1, '/html/product_content/201509/272c07966a984c8095c64d4b5f0a49bd.html', 'test', '1345', '652da7cda2a44aaab4b3530a310476d9', '04130566133846128ef3f73e528a88b3', NULL),
	('95ac22a1773340d3a32b3cbb60c91da2', '2015-10-13 17:09:31', NULL, 1, '/html/product_content/201509/86a1e7ef4c894d73a0a98c7da14e9e1c.html', '1', '1', 'e42e1d1e40e64c938ac30bc8b5284e5e', 'd49107a6a41141b0abc4f750a1db0306', NULL),
	('a1cbe9e55e8245398c968ba834f3f178', '2016-01-08 16:56:42', NULL, 1, '/html/product_content/201509/51fe089a98784684b4b1d6fdf839aadb.html', '1', '2', '1c21d4abda724c88865b86d92737da4d', 'f00b604b04d749a78bb3c7f4ae0ea002', NULL),
	('acd11001e2e44d008d7605058dde22d6', '2016-06-06 09:18:25', NULL, 9, '/html/product_content/201501/7bb5a5692a164d6d93af2ff318808185.html', 'SKG 1638 家用静音电陶炉 不锈钢 包邮特价 无辐射黑晶炉', 'SN_EB60E254149C', 'aab5174056584a34946b55851db9f6e3', '6402339746e04840932a5d400dcc8654', NULL),
	('ae35c6c7437947d4ab26bdfb7d3580c4', '2016-01-08 13:21:17', NULL, 7, '/html/product_content/201601/ef704dd23c774dffb7330e72674f1a07.html', 'xcdsf', 'asdf', '747b0cf0fee34294bb18daa3af4f9872', '822dacb55ec248fbbd0f4cc11b5ae212', NULL),
	('af397a769216485f86e9612bbd03f742', '2015-10-28 23:10:18', NULL, 3, '/html/product_content/201509/51fe089a98784684b4b1d6fdf839aadb.html', '1', '2', 'd0b974791a7f4f7896e0bee492827287', 'f00b604b04d749a78bb3c7f4ae0ea002', NULL),
	('b7f0f4e1509b4774b048a1bd039626c1', '2016-01-06 15:29:58', NULL, 4, '/html/product_content/201509/51fe089a98784684b4b1d6fdf839aadb.html', '1', '2', 'c265811e1dd74a8d8b3563b231504a18', 'f00b604b04d749a78bb3c7f4ae0ea002', NULL),
	('bfc1a7c6f4434c7699180853ff1a793c', '2016-01-09 18:40:25', NULL, 2, '/html/product_content/201501/709936434ae64444b52dd29edda6618a.html', '新款SKG GW3315榨汁机 不锈钢 婴儿榨汁机 出汁率高 特价ZZ1318', 'SN_E322127BDD6A', '8df053bc9ffc4fb0a2d2ed52016e5520', '4f5e5aa3e3e84bf4a89e0263cd12b081', NULL),
	('d0410774f0b547f8aac5d605b42cda3a', '2015-12-15 10:06:42', NULL, 1, '/html/product_content/201511/2e2713bfbebf427080bdf044e706858c.html', 'test', 'SN_E07B66B41255', '73e463f1a1af4a9092a1355fb6bfefbb', 'd194eca0c5f44a7ab8d496ec922860a1', NULL),
	('dda7b1ac2f61410095cc739f03e9e6f0', '2016-01-07 18:00:10', NULL, 1, '/html/product_content/201501/709936434ae64444b52dd29edda6618a.html', '新款SKG GW3315榨汁机 不锈钢 婴儿榨汁机 出汁率高 特价ZZ1318', 'SN_E322127BDD6A', '8897bea73d794827a1f1c7d1060873e9', '4f5e5aa3e3e84bf4a89e0263cd12b081', NULL),
	('e26d9f9963f94cf0908ce6d463be4ab7', '2015-11-20 00:28:20', NULL, 1, '/html/product_content/201511/2e2713bfbebf427080bdf044e706858c.html', 'test', 'SN_E07B66B41255', '5f3eb095abd242a3a20daa0b62b8b691', 'd194eca0c5f44a7ab8d496ec922860a1', NULL),
	('e5683ebdc8464b7aa25c2250dcdd2065', '2015-12-24 10:44:27', NULL, 1, '/html/product_content/201511/2e2713bfbebf427080bdf044e706858c.html', 'test', 'SN_E07B66B41255', '007fd718f68f41918e372aed1d9b40cd', 'd194eca0c5f44a7ab8d496ec922860a1', NULL),
	('f2d375125821452ba809fa2dfeea2b68', '2016-01-07 10:15:56', NULL, 2, '/html/product_content/201509/51fe089a98784684b4b1d6fdf839aadb.html', '1', '2', 'b745c7a5fcd3474ca4726827c78035fe', 'f00b604b04d749a78bb3c7f4ae0ea002', NULL),
	('f78e215764e74d8fb860f125fc66c14b', '2016-01-22 20:59:05', NULL, 1, '/html/product_content/201601/077108d6b9264901a3e3ffe24447eb5a.html', '100000090', '100000090', '75ac99bfab7d462eb2d17bf18ba25282', '7fce9b1083054c32afeb57d4cab3f3ae', NULL),
	('fb68ff8a91db4aecb64c0d03c648793b', '2016-01-20 15:57:57', NULL, 1, '/html/product_content/201509/51fe089a98784684b4b1d6fdf839aadb.html', '1', '2', '3fa2672cbadd41d4ada75c24be1478a6', 'f00b604b04d749a78bb3c7f4ae0ea002', NULL);
/*!40000 ALTER TABLE `deliveryitem` ENABLE KEYS */;


-- 导出  表 jfinalshop.deliverytype 结构
CREATE TABLE IF NOT EXISTS `deliverytype` (
  `id` varchar(32) NOT NULL,
  `createDate` datetime DEFAULT NULL,
  `modifyDate` datetime DEFAULT NULL,
  `continueWeight` double NOT NULL,
  `continueWeightPrice` decimal(15,5) NOT NULL,
  `continueWeightUnit` int(11) NOT NULL,
  `deliveryMethod` int(11) NOT NULL,
  `description` text,
  `firstWeight` double NOT NULL,
  `firstWeightPrice` decimal(15,5) NOT NULL,
  `firstWeightUnit` int(11) NOT NULL,
  `name` varchar(255) NOT NULL,
  `orderList` int(11) NOT NULL,
  `defaultDeliveryCorp_id` varchar(32) DEFAULT NULL,
  PRIMARY KEY (`id`),
  UNIQUE KEY `name` (`name`),
  KEY `FK3271596E37A10E7D` (`defaultDeliveryCorp_id`),
  CONSTRAINT `FK3271596E37A10E7D` FOREIGN KEY (`defaultDeliveryCorp_id`) REFERENCES `deliverycorp` (`id`)
) ENGINE=InnoDB DEFAULT CHARSET=utf8;

-- 正在导出表  jfinalshop.deliverytype 的数据：~3 rows (大约)
/*!40000 ALTER TABLE `deliverytype` DISABLE KEYS */;
INSERT INTO `deliverytype` (`id`, `createDate`, `modifyDate`, `continueWeight`, `continueWeightPrice`, `continueWeightUnit`, `deliveryMethod`, `description`, `firstWeight`, `firstWeightPrice`, `firstWeightUnit`, `name`, `orderList`, `defaultDeliveryCorp_id`) VALUES
	('402881862b9e7507012b9e7e24540008', '2010-10-12 11:31:28', '2015-11-04 16:10:58', 1, 5.00000, 1, 1, '<p>配送时间：3-5天（配送时间自发货之日算起，实际送达时间，以投递方通知为准。）</p>\r\n<p>配送范围： 全国范围（除港澳台）</p>', 1, 10.00000, 1, 'EMS1', 0, '402881882ba8753a012ba8b49033000f'),
	('402881862b9f9e78012b9f9fe5a30001', '2010-10-12 16:47:57', '2015-01-07 16:16:01', 1, 5.00000, 1, 0, '<p>配送时间：1-4天（配送时间自发货之日算起，实际送达时间以投递方通知为准。）</p>\r\n<p>配送范围：只可投递到您所选择城市的市区范围内，周边及下属县市、乡镇将无法投递。</p>\r\n<p>&nbsp;</p>\r\n<p>qq</p>', 1, 15.00000, 1, '快递公司', 1, '402881862b9e7507012b9e7d64fc0007'),
	('402881882ba8753a012ba8bc6582001a', '2010-10-14 11:15:40', '2015-10-09 18:00:14', 1, 0.00000, 1, 0, '<p>配送时间：10-15天（配送时间自发货之日算起，实际送达时间以投递方通知为准。）</p>\r\n<p>配送范围： 全国范围（除港澳台）qq</p>', 1, 0.00000, 1, '普通快速（免费）', 2, '402881882ba8753a012ba8b5a82b0010');
/*!40000 ALTER TABLE `deliverytype` ENABLE KEYS */;


-- 导出  表 jfinalshop.deposit 结构
CREATE TABLE IF NOT EXISTS `deposit` (
  `id` varchar(32) NOT NULL,
  `createDate` datetime DEFAULT NULL,
  `modifyDate` datetime DEFAULT NULL,
  `balance` decimal(19,2) NOT NULL COMMENT '当前余额',
  `credit` decimal(19,2) NOT NULL COMMENT '存入金额',
  `debit` decimal(19,2) NOT NULL COMMENT '支出金额',
  `depositType` int(11) NOT NULL COMMENT '预存款操作类型（会员充值、会员支付、后台代支付、后台代扣费、后台代充值、后台退款）',
  `member_id` varchar(32) DEFAULT NULL,
  PRIMARY KEY (`id`),
  KEY `FKBFDFAE7ECA10C3E` (`member_id`),
  CONSTRAINT `FKBFDFAE7ECA10C3E` FOREIGN KEY (`member_id`) REFERENCES `member` (`id`)
) ENGINE=InnoDB DEFAULT CHARSET=utf8;

-- 正在导出表  jfinalshop.deposit 的数据：~21 rows (大约)
/*!40000 ALTER TABLE `deposit` DISABLE KEYS */;
INSERT INTO `deposit` (`id`, `createDate`, `modifyDate`, `balance`, `credit`, `debit`, `depositType`, `member_id`) VALUES
	('19ce420124424da4afc63efa8f3323a2', '2014-12-12 16:05:51', NULL, 9919.00, 0.00, 81.00, 4, '402881862bf08f18012bf0a16b7c0010'),
	('1a11edb8aa6e4581990af82318ed91d8', '2014-12-12 11:24:12', NULL, 100.00, 100.00, 0.00, 2, '60a825648b30481b80d010c1d96c1dac'),
	('3f22fb32824c4b959143ba9148020837', '2014-12-12 14:43:15', NULL, 500.00, 400.00, 0.00, 2, '150c791333b24223b4e12bf0fe1730e6'),
	('4021bac587fd4be1ad19d45a2fcc95d0', '2014-12-15 10:48:20', NULL, 623.00, 0.00, 17.00, 4, '150c791333b24223b4e12bf0fe1730e6'),
	('49d96d31246546afa061733204860f92', '2014-12-12 16:05:34', NULL, 10000.00, 10000.00, 0.00, 2, '402881862bf08f18012bf0a16b7c0010'),
	('5399c19c283f4664af6985b96a5bf8d8', '2014-12-15 14:23:20', NULL, 618.00, 0.00, 81.00, 4, '150c791333b24223b4e12bf0fe1730e6'),
	('631c2f029a1a45328e14e22b4a4970cb', '2014-12-12 15:48:42', NULL, 652.00, 0.00, 148.00, 4, '150c791333b24223b4e12bf0fe1730e6'),
	('8624fe20895a43c28cd044dbd5a81950', '2014-12-15 14:17:09', NULL, 699.00, 76.00, 0.00, 2, '150c791333b24223b4e12bf0fe1730e6'),
	('8a4031fd0de044658570f4ce8569c79f', '2014-12-12 15:40:46', NULL, 204.00, 0.00, 148.00, 4, '150c791333b24223b4e12bf0fe1730e6'),
	('8e9356539e1f40e58ee4fa1acaa7c82e', '2014-12-12 14:42:01', NULL, 100.00, 100.00, 0.00, 2, '150c791333b24223b4e12bf0fe1730e6'),
	('8fb347a98f01446eafaad592c5518a0b', '2014-12-12 16:10:08', NULL, 9762.00, 0.00, 76.00, 4, '402881862bf08f18012bf0a16b7c0010'),
	('9f24d1e15ead4578a7c3566e582e626d', '2014-12-12 11:35:06', NULL, 100.00, 0.00, 100.00, 2, '60a825648b30481b80d010c1d96c1dac'),
	('a1a701faae684ff48e77dba6a1dd887d', '2014-12-12 11:35:44', NULL, 300.00, 200.00, 0.00, 2, '60a825648b30481b80d010c1d96c1dac'),
	('a36dfb0619e74aeebd28b064efa7434c', '2014-12-12 16:02:19', NULL, 640.00, 0.00, 12.00, 4, '150c791333b24223b4e12bf0fe1730e6'),
	('afdf2243a2f14d6c9da57a4964099823', '2014-12-12 16:07:21', NULL, 9838.00, 0.00, 81.00, 4, '402881862bf08f18012bf0a16b7c0010'),
	('b6eeaffe45524e139d5590d1fdf4eae5', '2014-12-15 14:15:00', NULL, 623.00, 76.00, 0.00, 2, '150c791333b24223b4e12bf0fe1730e6'),
	('bf8af5fac0914fc283dea8fdcb1760d7', '2014-12-12 14:43:56', NULL, 352.00, 0.00, 148.00, 4, '150c791333b24223b4e12bf0fe1730e6'),
	('c673e5391d774e7499027576da06317a', '2014-12-12 15:47:05', NULL, 800.00, 744.00, 0.00, 2, '150c791333b24223b4e12bf0fe1730e6'),
	('d38d7f9b1f774a1f9c568f0caddc8662', '2014-12-12 15:42:42', NULL, 56.00, 0.00, 148.00, 4, '150c791333b24223b4e12bf0fe1730e6'),
	('e3f72e1ce4e243f9aa82704c459d8c8d', '2014-12-15 13:46:22', NULL, 547.00, 0.00, 76.00, 4, '150c791333b24223b4e12bf0fe1730e6'),
	('ef7b7e80f6fd48dcadeb27792eb1d93f', '2014-12-12 11:24:39', NULL, 200.00, 100.00, 0.00, 2, '60a825648b30481b80d010c1d96c1dac');
/*!40000 ALTER TABLE `deposit` ENABLE KEYS */;


-- 导出  表 jfinalshop.footer 结构
CREATE TABLE IF NOT EXISTS `footer` (
  `id` varchar(32) NOT NULL,
  `createDate` datetime DEFAULT NULL,
  `modifyDate` datetime DEFAULT NULL,
  `content` text,
  PRIMARY KEY (`id`)
) ENGINE=InnoDB DEFAULT CHARSET=utf8;

-- 正在导出表  jfinalshop.footer 的数据：~1 rows (大约)
/*!40000 ALTER TABLE `footer` DISABLE KEYS */;
INSERT INTO `footer` (`id`, `createDate`, `modifyDate`, `content`) VALUES
	('1', '1899-12-30 01:00:00', '2010-10-28 00:17:27', '<ul class=" list-paddingleft-2"><li><p style="text-align: left;"><a>关于商城</a>|<a>帮助中心</a>|<a>网站地图</a>|<a>诚聘英才</a>|<a>联系我们</a>|<a>版权说明</a></p></li></ul><ul class=" list-paddingleft-2"><p style="text-align: right;">Copyright &amp;copy; 2016 JFinalShop. All rights reserved. <a title="开源中国" href="http://www.oschina.net" target="_blank">开源中国</a></p><p style="text-align: left;">Powered by JFinalShop V5.01</p></ul>');
/*!40000 ALTER TABLE `footer` ENABLE KEYS */;


-- 导出  表 jfinalshop.friendlink 结构
CREATE TABLE IF NOT EXISTS `friendlink` (
  `id` varchar(32) NOT NULL,
  `createDate` datetime DEFAULT NULL,
  `modifyDate` datetime DEFAULT NULL,
  `logo` varchar(255) DEFAULT NULL,
  `name` varchar(255) NOT NULL,
  `orderList` int(11) NOT NULL,
  `url` varchar(255) NOT NULL,
  PRIMARY KEY (`id`)
) ENGINE=InnoDB DEFAULT CHARSET=utf8;

-- 正在导出表  jfinalshop.friendlink 的数据：~1 rows (大约)
/*!40000 ALTER TABLE `friendlink` DISABLE KEYS */;
INSERT INTO `friendlink` (`id`, `createDate`, `modifyDate`, `logo`, `name`, `orderList`, `url`) VALUES
	('8c4a41f234784391809216e2ea7fb84d', '2014-12-24 14:46:04', NULL, '/upload/image/1e31632cf9214b4191bd0adb50b4ed3e.png', '开源中国', 50, 'http://www.oschina.net/');
/*!40000 ALTER TABLE `friendlink` ENABLE KEYS */;


-- 导出  表 jfinalshop.log 结构
CREATE TABLE IF NOT EXISTS `log` (
  `id` varchar(32) NOT NULL,
  `createDate` datetime DEFAULT NULL,
  `modifyDate` datetime DEFAULT NULL,
  `actionClassName` varchar(255) NOT NULL,
  `actionMethodName` varchar(255) NOT NULL,
  `info` text,
  `ip` varchar(255) NOT NULL,
  `operationName` varchar(255) NOT NULL,
  `operator` varchar(255) NOT NULL,
  PRIMARY KEY (`id`)
) ENGINE=InnoDB DEFAULT CHARSET=utf8;

-- 正在导出表  jfinalshop.log 的数据：~0 rows (大约)
/*!40000 ALTER TABLE `log` DISABLE KEYS */;
/*!40000 ALTER TABLE `log` ENABLE KEYS */;


-- 导出  表 jfinalshop.logconfig 结构
CREATE TABLE IF NOT EXISTS `logconfig` (
  `id` varchar(32) NOT NULL,
  `createDate` datetime DEFAULT NULL,
  `modifyDate` datetime DEFAULT NULL,
  `actionClassName` varchar(255) NOT NULL COMMENT '需要进行日志记录的Action名称',
  `actionMethodName` varchar(255) NOT NULL COMMENT '需要进行日志记录的方法名称',
  `description` text,
  `operationName` varchar(255) NOT NULL COMMENT '操作名称',
  PRIMARY KEY (`id`),
  UNIQUE KEY `operationName` (`operationName`),
  UNIQUE KEY `actionClassName` (`actionClassName`,`actionMethodName`)
) ENGINE=InnoDB DEFAULT CHARSET=utf8;

-- 正在导出表  jfinalshop.logconfig 的数据：~0 rows (大约)
/*!40000 ALTER TABLE `logconfig` DISABLE KEYS */;
/*!40000 ALTER TABLE `logconfig` ENABLE KEYS */;


-- 导出  表 jfinalshop.member 结构
CREATE TABLE IF NOT EXISTS `member` (
  `id` varchar(32) NOT NULL,
  `createDate` datetime DEFAULT NULL,
  `modifyDate` datetime DEFAULT NULL,
  `deposit` decimal(15,5) NOT NULL,
  `email` varchar(255) NOT NULL,
  `isAccountEnabled` bit(1) NOT NULL,
  `isAccountLocked` bit(1) NOT NULL,
  `lockedDate` datetime DEFAULT NULL,
  `loginDate` datetime DEFAULT NULL,
  `loginFailureCount` int(11) NOT NULL,
  `loginIp` varchar(255) DEFAULT NULL,
  `password` varchar(255) NOT NULL,
  `passwordRecoverKey` varchar(255) DEFAULT NULL,
  `point` int(11) NOT NULL,
  `registerIp` varchar(255) NOT NULL,
  `safeAnswer` varchar(255) DEFAULT NULL,
  `safeQuestion` varchar(255) DEFAULT NULL,
  `username` varchar(255) NOT NULL,
  `memberRank_id` varchar(32) NOT NULL,
  PRIMARY KEY (`id`),
  UNIQUE KEY `username` (`username`),
  KEY `FK892776BA60FA1EDE` (`memberRank_id`),
  CONSTRAINT `FK892776BA60FA1EDE` FOREIGN KEY (`memberRank_id`) REFERENCES `memberrank` (`id`)
) ENGINE=InnoDB DEFAULT CHARSET=utf8;

-- 正在导出表  jfinalshop.member 的数据：~255 rows (大约)
/*!40000 ALTER TABLE `member` DISABLE KEYS */;
INSERT INTO `member` (`id`, `createDate`, `modifyDate`, `deposit`, `email`, `isAccountEnabled`, `isAccountLocked`, `lockedDate`, `loginDate`, `loginFailureCount`, `loginIp`, `password`, `passwordRecoverKey`, `point`, `registerIp`, `safeAnswer`, `safeQuestion`, `username`, `memberRank_id`) VALUES
	('0011bd5ba3cd4a34a85eb1e55e9b1d53', '2016-04-10 19:23:20', NULL, 0.00000, '1033595921@qq.com', b'1', b'0', NULL, '2016-04-11 10:07:19', 0, '27.17.29.170', 'e10adc3949ba59abbe56e057f20f883e', NULL, 0, '27.17.29.173', NULL, NULL, 'fenghuixue', '402881862be164ae012be16ab6fd0004'),
	('00499dbb4fd34befb399aa122f120da8', '2016-02-02 12:01:24', NULL, 0.00000, 'sunbosky@163.com', b'1', b'0', NULL, '2016-02-02 12:01:24', 0, '222.80.110.241', '00223b6750e82dae146883e097f9dcb4', NULL, 0, '222.80.110.241', NULL, NULL, 'sunbosky', '402881862be164ae012be16ab6fd0004'),
	('02279255e5bb43559473ed422dc07315', '2015-10-19 13:04:46', NULL, 0.00000, '12921539@qq.com', b'1', b'0', NULL, '2015-10-19 13:04:46', 0, '218.17.116.130', 'd98d747762033885fe1c4ce5ca9fe5f3', NULL, 0, '218.17.116.130', NULL, NULL, 'petterla', '402881862be164ae012be16ab6fd0004'),
	('02e267985410492ca266984205a200e9', '2016-06-13 16:10:05', NULL, 0.00000, 'sjsanlang@qq.com', b'1', b'0', NULL, '2016-06-13 16:10:05', 0, '222.99.120.92', '80d578692c0d4a78a4c10bbb6ac32ab7', NULL, 0, '222.99.120.92', NULL, NULL, 'sjsanlang', '402881862be164ae012be16ab6fd0004'),
	('03dd20e6a8d04aa5af5c3b3b348150f2', '2016-05-20 14:34:01', NULL, 0.00000, '34419964@qq.com', b'1', b'0', NULL, '2016-05-20 14:34:01', 0, '182.132.69.205', '8526ef6792e08462d3c5dda704ac39f7', NULL, 0, '182.132.69.205', NULL, NULL, 'jukzhang', '402881862be164ae012be16ab6fd0004'),
	('045d773726bd43d0ae81dd1de42a2652', '2015-10-15 15:51:12', NULL, 0.00000, 'stjdydayou@163.com', b'1', b'0', NULL, '2015-10-15 15:51:12', 0, '101.95.113.22', 'c01ea4dc0ca03894655a133fc80d4150', NULL, 0, '101.95.113.22', NULL, NULL, 'stjdydayou', '402881862be164ae012be16ab6fd0004'),
	('048ffc621a624541a9dae466b33a360e', '2015-11-02 14:09:52', NULL, 0.00000, '29278017@qq.com', b'1', b'0', NULL, '2015-11-02 14:09:52', 0, '124.160.66.178', 'e10adc3949ba59abbe56e057f20f883e', NULL, 0, '124.160.66.178', NULL, NULL, 'shoptest', '402881862be164ae012be16ab6fd0004'),
	('04da45fa695a4fcdb59fadf2cc8149eb', '2016-01-15 23:19:55', NULL, 0.00000, '43@22.cn', b'1', b'0', NULL, '2016-01-15 23:19:55', 0, '116.26.22.164', 'e10adc3949ba59abbe56e057f20f883e', NULL, 0, '116.26.22.164', NULL, NULL, '天天', '402881862be164ae012be16ab6fd0004'),
	('06b81f1ef9434a57b0bf24c76920a851', '2016-06-01 13:10:30', NULL, 0.00000, '446073615@qq.com', b'1', b'0', NULL, '2016-06-01 13:10:30', 0, '222.94.181.214', 'd7aa68e2a81987bea1f5587fc6a1bebe', NULL, 0, '222.94.181.214', NULL, NULL, 'zfzfzf', '402881862be164ae012be16ab6fd0004'),
	('07bfd34791f14142a9cbe55f09500880', '2016-04-01 11:09:05', NULL, 0.00000, 'asf2@fwe.com', b'1', b'0', NULL, '2016-04-01 11:09:05', 0, '222.240.7.223', 'ddd1df26b40f4c5662f624895f5c9cf1', NULL, 0, '222.240.7.223', NULL, NULL, 'caoyu', '402881862be164ae012be16ab6fd0004'),
	('09e98a90ed4c40ab8e6fdae0f7c4cc61', '2016-06-14 09:01:12', NULL, 0.00000, '111@qq.com', b'1', b'0', NULL, '2016-06-14 09:01:12', 0, '220.189.212.133', 'e10adc3949ba59abbe56e057f20f883e', NULL, 0, '220.189.212.133', NULL, NULL, 'city222', '402881862be164ae012be16ab6fd0004'),
	('0abf791ef4244f30a76256d59f642fa5', '2016-01-26 08:45:46', NULL, 0.00000, '619319978@qq.com', b'1', b'0', NULL, '2016-01-26 08:45:46', 0, '61.53.69.76', 'e10adc3949ba59abbe56e057f20f883e', NULL, 0, '61.53.69.76', NULL, NULL, 'testzero', '402881862be164ae012be16ab6fd0004'),
	('0ceefd7a3f9446d5891d23d65bac5945', '2016-01-24 22:10:25', NULL, 0.00000, 'ces@123.com', b'1', b'0', NULL, '2016-01-24 22:10:25', 0, '119.39.102.202', 'e10adc3949ba59abbe56e057f20f883e', NULL, 0, '119.39.102.202', NULL, NULL, 'ceshi', '402881862be164ae012be16ab6fd0004'),
	('0d01e19dd1d7499ca85097e70c42afdb', '2016-07-06 17:25:13', NULL, 0.00000, 'test@test.com', b'1', b'0', NULL, '2016-07-06 17:25:13', 0, '116.25.83.60', '098f6bcd4621d373cade4e832627b4f6', NULL, 0, '116.25.83.60', NULL, NULL, 'test007', '402881862be164ae012be16ab6fd0004'),
	('0d6e9585dacc4e8c9f5999494c47a98e', '2015-12-09 19:34:40', NULL, 0.00000, 'jack@163.com', b'1', b'0', NULL, '2015-12-09 19:34:40', 1, '115.230.143.159', '4ff9fc6e4e5d5f590c4f2134a8cc96d1', NULL, 0, '115.230.143.159', NULL, NULL, 'jack', '402881862be164ae012be16ab6fd0004'),
	('0d7903abb677425f82298f94a6cd98a1', '2016-05-03 16:27:16', NULL, 0.00000, 'xingxing@163.com', b'1', b'0', NULL, '2016-05-04 08:41:41', 0, '223.71.208.114', '96e79218965eb72c92a549dd5a330112', NULL, 0, '223.71.208.114', NULL, NULL, 'xing', '402881862be164ae012be16ab6fd0004'),
	('0e35ccf8bdbe42c1a34f0d05c105c99f', '2016-07-31 00:30:50', NULL, 0.00000, 'jidaqiana@163.com', b'1', b'0', NULL, '2016-07-31 03:17:08', 0, '49.221.233.23', 'e10adc3949ba59abbe56e057f20f883e', NULL, 0, '49.221.233.23', NULL, NULL, 'jidaqian', '402881862be164ae012be16ab6fd0004'),
	('0e6bf6230b8d4e84929b081a0194ab1c', '2016-09-23 10:35:38', NULL, 0.00000, '303629685@qq.com', b'1', b'0', NULL, '2016-09-23 10:35:38', 0, '58.16.236.11', 'ae44bdc3aed34b63da6f3359675fd016', NULL, 0, '58.16.236.11', NULL, NULL, 'lionkas', '402881862be164ae012be16ab6fd0004'),
	('0e922f00ffc74fbe9c7e5bf9e20348a5', '2016-05-11 11:20:33', NULL, 0.00000, 'zhsaijie@163.com', b'1', b'0', NULL, '2016-05-11 11:20:33', 0, '113.247.226.18', 'e10adc3949ba59abbe56e057f20f883e', NULL, 0, '113.247.226.18', NULL, NULL, 'cofay', '402881862be164ae012be16ab6fd0004'),
	('10152e94d8774fbba1393ece36abd9a5', '2016-04-28 09:02:51', NULL, 0.00000, '464281868@qq.com', b'1', b'0', NULL, '2016-04-28 09:02:51', 0, '58.51.65.245', 'f136523a259c3ca9aed3e34f67d24b34', NULL, 0, '58.51.65.245', NULL, NULL, 'soft', '402881862be164ae012be16ab6fd0004'),
	('11acf294d3fe4ceea6dd96f698b7e19b', '2016-01-08 11:40:17', NULL, 0.00000, 'ghoest1@163.com', b'1', b'0', NULL, '2016-01-08 11:40:17', 0, '58.132.173.7', '3fee2a86e9e7efa2a8845f84b3ca6599', NULL, 0, '58.132.173.7', NULL, NULL, 'ghoest1', '402881862be164ae012be16ab6fd0004'),
	('150c791333b24223b4e12bf0fe1730e6', '2014-10-13 10:34:38', '2016-04-13 15:37:09', 618.00000, 'hycx1983@163.com', b'1', b'1', '2016-04-14 14:28:21', '2016-04-14 14:28:21', 5, '171.214.138.234', '7adeaf546b7726c8a40fd4c9c2e96653', NULL, 68, '127.0.0.1', '222', '111', 'hycx', '402881862be164ae012be16ab6fd0004'),
	('15407d714c764b2695626b2b4bf62e89', '2015-09-08 09:13:59', '2015-11-04 22:46:36', 0.00000, '281907117@qq.com', b'1', b'0', NULL, '2016-10-08 14:15:07', 0, '218.7.123.210', 'e10adc3949ba59abbe56e057f20f883e', NULL, 2200, '61.177.78.34', NULL, NULL, 'admin', '402881862be164ae012be16ab6fd0004'),
	('15563f6ed84640ea8319163f112e7ac5', '2016-05-16 09:35:03', NULL, 0.00000, '2113916347@qq.com', b'1', b'0', NULL, '2016-05-16 09:35:03', 0, '202.111.182.28', 'b0baee9d279d34fa1dfd71aadb908c3f', NULL, 0, '202.111.182.28', NULL, NULL, 'qiuyinbing', '402881862be164ae012be16ab6fd0004'),
	('15ee25399a9742cb9eda930ca211e4c6', '2015-09-02 14:02:18', NULL, 0.00000, '123@163.com', b'1', b'0', NULL, '2015-09-02 14:02:18', 1, '58.38.202.91', '25d55ad283aa400af464c76d713c07ad', NULL, 0, '58.38.202.91', NULL, NULL, 'test1', '402881862be164ae012be16ab6fd0004'),
	('163b8aaa35354ac9a6563fdc4433e987', '2016-06-18 10:25:32', NULL, 0.00000, '348727112@qq.com', b'1', b'0', NULL, '2016-06-18 10:25:32', 0, '61.140.48.92', 'e10adc3949ba59abbe56e057f20f883e', NULL, 0, '61.140.48.92', NULL, NULL, 'tyk1994', '402881862be164ae012be16ab6fd0004'),
	('186874e673ff48d0b084208498056e23', '2016-05-25 09:28:43', NULL, 0.00000, '4463333073615@qq.com', b'1', b'0', NULL, '2016-05-25 09:28:43', 0, '60.174.248.21', 'd164d424d35682738dad76843c3ac6b0', NULL, 0, '60.174.248.21', NULL, NULL, 'zf', '402881862be164ae012be16ab6fd0004'),
	('189ee7eff47e4e6796fc03cedaf0f373', '2015-12-03 20:20:15', NULL, 0.00000, '242342dswfs@qq.vvx', b'1', b'0', NULL, '2015-12-03 20:20:15', 0, '220.115.176.4', 'e10adc3949ba59abbe56e057f20f883e', NULL, 0, '220.115.176.4', NULL, NULL, 'amao', '402881862be164ae012be16ab6fd0004'),
	('1ad197e502444e9fb721f7c8f2914881', '2016-05-06 09:26:29', NULL, 0.00000, '176223390@qq.com', b'1', b'0', NULL, '2016-05-06 09:26:29', 0, '115.218.57.45', '2407b4bf1a2819ee35ea4327640d5329', NULL, 0, '115.218.57.45', NULL, NULL, 'liuxianwei', '402881862be164ae012be16ab6fd0004'),
	('1fc251a19e1845a080afdb6ca7f4bda5', '2015-11-02 09:40:36', NULL, 0.00000, 'leilufeng@qq.com', b'1', b'0', NULL, '2015-11-02 09:40:36', 0, '113.246.187.7', '879d9cc43321d93e8d321eb3521f396a', NULL, 0, '113.246.187.7', NULL, NULL, 'leilufeng', '402881862be164ae012be16ab6fd0004'),
	('1fe43c452c0549898b3d01003cb0e357', '2015-11-19 17:19:55', NULL, 0.00000, 'testlee@qq.com', b'1', b'0', NULL, '2015-11-19 17:19:55', 0, '59.60.9.2', '00b9218a35bbe99200ae578bf5f94707', NULL, 0, '59.60.9.2', NULL, NULL, 'testlee', '402881862be164ae012be16ab6fd0004'),
	('1ff7a943a2bd4576ac2f31aa7c6b7a44', '2015-09-14 09:43:10', NULL, 0.00000, '2739402390@qq.com', b'1', b'0', NULL, '2015-09-14 09:43:10', 0, '61.157.97.83', '6e2411f9434d4f8ffc6ebb8c74cfa702', NULL, 0, '61.157.97.83', NULL, NULL, 'jzq', '402881862be164ae012be16ab6fd0004'),
	('205abf99d0544c06b1fbd761b62bb9ce', '2016-06-24 20:23:00', NULL, 0.00000, 'songweiren@hotmail.com', b'1', b'0', NULL, '2016-06-24 20:23:51', 0, '182.201.84.119', 'e10adc3949ba59abbe56e057f20f883e', NULL, 0, '182.201.84.119', NULL, NULL, 'songweiren', '402881862be164ae012be16ab6fd0004'),
	('21496ddcdadb4e3c954b5964cb138bad', '2016-04-28 13:21:54', NULL, 0.00000, '523894408@qq.com', b'1', b'0', NULL, '2016-04-28 22:33:17', 3, '118.112.162.22', 'ff4c2c7d8cab827cb9c84ed7e62dfc23', NULL, 0, '118.112.56.148', NULL, NULL, 'liangxp', '402881862be164ae012be16ab6fd0004'),
	('21ca887c8675474ca4865a6532a077a4', '2016-03-31 17:40:34', NULL, 0.00000, 'sos.blue@gmail.com', b'1', b'0', NULL, '2016-04-06 23:28:10', 0, '117.139.14.22', 'c08051a3a29ea0898887f2a9acf0ab36', NULL, 0, '182.139.182.88', NULL, NULL, '46614161', '402881862be164ae012be16ab6fd0004'),
	('229bdf15f1c242159a214acc00e4d4c2', '2015-12-16 19:05:10', NULL, 0.00000, '12@qq.com', b'1', b'0', NULL, '2015-12-16 19:05:10', 0, '218.16.63.124', 'c8837b23ff8aaa8a2dde915473ce0991', NULL, 0, '218.16.63.124', NULL, NULL, '123321', '402881862be164ae012be16ab6fd0004'),
	('26cb1cb6b541472aadefbcd762cc6feb', '2016-04-26 10:02:13', '2016-04-26 10:02:27', 0.00000, 'khw_xiang@163.com', b'1', b'0', NULL, '2016-04-26 10:02:13', 0, '112.225.34.177', 'e3ceb5881a0a1fdaad01296d7554868d', '1461636147578_bd4ca32177214cbf84d3d394c9913dae338ccf66eaa0ab30b2ca26b899868eff', 0, '112.225.34.177', NULL, NULL, 'king', '402881862be164ae012be16ab6fd0004'),
	('27f3a9bef1294b40989d95e4c0e69164', '2016-04-14 13:07:49', NULL, 0.00000, '94@qq.com', b'1', b'0', NULL, '2016-04-14 13:07:49', 0, '175.169.254.94', 'e10adc3949ba59abbe56e057f20f883e', NULL, 0, '175.169.254.94', NULL, NULL, 'zhw', '402881862be164ae012be16ab6fd0004'),
	('284e700c871a4a86897c734dc9551332', '2016-01-15 23:16:12', NULL, 0.00000, 'test@test.com', b'1', b'0', NULL, '2016-01-15 23:16:12', 0, '117.80.169.68', '098f6bcd4621d373cade4e832627b4f6', NULL, 0, '117.80.169.68', NULL, NULL, 'test1111', '402881862be164ae012be16ab6fd0004'),
	('28a7555ac7e54cc28d5f14bcc575c4b9', '2015-10-13 11:27:02', NULL, 0.00000, 'hello@qq.com', b'1', b'0', NULL, '2015-10-13 11:27:02', 0, '183.247.166.179', '5d41402abc4b2a76b9719d911017c592', NULL, 0, '183.247.166.179', NULL, NULL, 'hello', '402881862be164ae012be16ab6fd0004'),
	('28d507f1434b4bc5906646f1b2398a0b', '2016-07-04 14:35:12', NULL, 0.00000, '123123@wer.com', b'1', b'0', NULL, '2016-07-04 14:35:12', 0, '222.169.198.94', '96e79218965eb72c92a549dd5a330112', NULL, 0, '222.169.198.94', NULL, NULL, 'testwl', '402881862be164ae012be16ab6fd0004'),
	('28d5d21a49d14b2695cc2ac79d466c54', '2016-05-23 12:21:37', NULL, 0.00000, '1111@qq.com', b'1', b'0', NULL, '2016-05-23 12:21:37', 0, '113.66.142.110', 'b59c67bf196a4758191e42f76670ceba', NULL, 0, '113.66.142.110', NULL, NULL, '11rw', '402881862be164ae012be16ab6fd0004'),
	('2b53ab6d1ec84f14bc38335e4a4bd56f', '2015-12-24 10:21:17', NULL, 0.00000, '10000@qq.com', b'1', b'0', NULL, '2015-12-24 10:21:17', 0, '59.40.52.100', '300bfbc759e9bcfcacf0bdfc88a6a9b3', NULL, 0, '59.40.52.100', NULL, NULL, 'bai123', '402881862be164ae012be16ab6fd0004'),
	('2cba0118a4624fa8adbb4211b6223c7b', '2016-06-16 15:31:41', NULL, 0.00000, 'zzee203@163.com', b'1', b'0', NULL, '2016-06-16 15:31:41', 0, '115.236.13.90', 'ad30fa197934afd15eb2f531357ac007', NULL, 0, '115.236.13.90', NULL, NULL, 'zzee203', '402881862be164ae012be16ab6fd0004'),
	('2ed32e1a1a994aa48c1c3d3da4a1c256', '2016-01-05 09:16:46', NULL, 0.00000, 'hsongjiang1982@qq.com', b'1', b'0', NULL, '2016-01-05 09:16:46', 0, '61.157.97.83', '80ba70b370c23d303a87821716f66a07', NULL, 0, '61.157.97.83', NULL, NULL, 'hsongjiang', '402881862be164ae012be16ab6fd0004'),
	('2eec6d45dfed4ba1825dc078d00134fd', '2015-11-04 15:40:11', NULL, 0.00000, '250593105@qq.com', b'1', b'0', NULL, '2015-11-04 16:11:38', 0, '106.120.122.132', 'e10adc3949ba59abbe56e057f20f883e', NULL, 0, '106.120.122.132', NULL, NULL, 'test111', '402881862be164ae012be16ab6fd0004'),
	('2f79ea3038ce4af294e6678d3b8c7d91', '2016-05-06 15:28:03', NULL, 0.00000, '151343389@qq.com', b'1', b'0', NULL, '2016-05-06 15:28:03', 0, '124.128.244.162', '4c7d7497fa2cfbf2e59b17d753fb82e1', NULL, 0, '124.128.244.162', NULL, NULL, '18560037393', '402881862be164ae012be16ab6fd0004'),
	('2fb179e44ad14151aa1641f431e3529d', '2016-01-04 17:53:25', NULL, 0.00000, '78964569@qq.com', b'1', b'0', NULL, '2016-01-04 17:53:25', 0, '14.131.97.39', 'e10adc3949ba59abbe56e057f20f883e', NULL, 0, '14.131.97.39', NULL, NULL, 'kaka', '402881862be164ae012be16ab6fd0004'),
	('30c94b4c76304aa38b6aecbfc4a4a244', '2016-03-08 21:47:48', NULL, 0.00000, '283729@yahoo.co.jp', b'1', b'0', NULL, '2016-03-08 21:47:48', 0, '27.38.4.30', 'd2bf7126723ea8f6005ba141ea3c3e2c', NULL, 0, '27.38.4.30', NULL, NULL, 'xiao', '402881862be164ae012be16ab6fd0004'),
	('30d0eaf0328d4a7ea1e14ab0449ddaec', '2016-01-21 17:55:09', NULL, 0.00000, '553697297@qq.com', b'1', b'0', NULL, '2016-01-21 17:55:09', 0, '115.236.188.99', 'e10adc3949ba59abbe56e057f20f883e', NULL, 0, '115.236.188.99', NULL, NULL, 'xladykiller', '402881862be164ae012be16ab6fd0004'),
	('30d2bfcbef8143e695bb0208ed6d5a15', '2016-04-28 16:31:26', NULL, 0.00000, '61606619@qq.com', b'1', b'0', NULL, '2016-04-28 16:31:26', 0, '116.31.80.11', 'e3798cedd56de01caaa3ce86e2e2c32b', NULL, 0, '116.31.80.11', NULL, NULL, '18675541161', '402881862be164ae012be16ab6fd0004'),
	('31df4149250e461fa0d9bac3c860b644', '2015-11-08 16:11:54', NULL, 0.00000, '847859662@qq.com', b'1', b'0', NULL, '2015-11-08 16:11:54', 0, '108.186.21.113', '487418cd2712e1abfc24a176b920233b', NULL, 0, '108.186.21.113', NULL, NULL, 'maomao', '402881862be164ae012be16ab6fd0004'),
	('331e20e0484f4ee8b4b30b987672c25b', '2016-09-19 16:19:47', NULL, 0.00000, 'admin@163.com', b'1', b'0', NULL, '2016-09-19 16:19:47', 0, '61.153.20.162', 'e10adc3949ba59abbe56e057f20f883e', NULL, 0, '61.153.20.162', NULL, NULL, 'adminamdin', '402881862be164ae012be16ab6fd0004'),
	('332cfecc652d4f60906d99bbe2d406e9', '2015-11-25 16:25:11', NULL, 0.00000, '45321234@qq.com', b'1', b'0', NULL, '2015-11-25 16:25:11', 0, '117.88.224.22', '47ec2dd791e31e2ef2076caf64ed9b3d', NULL, 0, '117.88.224.22', NULL, NULL, 'niuniu', '402881862be164ae012be16ab6fd0004'),
	('336072c8f2c14268a5e0bf3667082d16', '2016-04-23 16:33:53', NULL, 0.00000, '317430624@qq.com', b'1', b'0', NULL, '2016-04-23 16:33:53', 0, '218.83.28.235', '196dc2902eae6b30e920854a156af85f', NULL, 0, '218.83.28.235', NULL, NULL, 'zhangle', '402881862be164ae012be16ab6fd0004'),
	('33b0bd55117c417cbf53541b64602f1f', '2015-12-14 13:24:48', NULL, 0.00000, 'aaa@163.com', b'1', b'0', NULL, '2015-12-14 13:24:48', 0, '222.76.241.234', 'e10adc3949ba59abbe56e057f20f883e', NULL, 0, '222.76.241.234', NULL, NULL, 'aaaaa', '402881862be164ae012be16ab6fd0004'),
	('346f67abe3c246138a693f81fbb38692', '2016-05-27 17:15:08', NULL, 0.00000, 'test@test.com', b'1', b'0', NULL, '2016-05-27 17:15:08', 0, '114.221.124.97', '098f6bcd4621d373cade4e832627b4f6', NULL, 0, '114.221.124.97', NULL, NULL, 'testfuck', '402881862be164ae012be16ab6fd0004'),
	('34a6be0cc1384927949d90506d7be09b', '2015-09-13 17:21:45', NULL, 0.00000, '898141159@qq.com', b'1', b'0', NULL, '2015-09-13 17:21:45', 0, '163.125.16.237', '4fe721d1d9ae69018bbd0e08d395d1c2', NULL, 0, '163.125.16.237', NULL, NULL, 'jerry', '402881862be164ae012be16ab6fd0004'),
	('36e15ec41f124799b61bc6f37adf9ba5', '2016-03-29 15:03:55', NULL, 0.00000, '2276395932@qq.com', b'1', b'0', NULL, '2016-03-29 15:03:55', 0, '183.206.168.92', 'e10adc3949ba59abbe56e057f20f883e', NULL, 0, '183.206.168.92', NULL, NULL, '范德萨范德萨', '402881862be164ae012be16ab6fd0004'),
	('36e5cdb51ec24ad79215a89bf8d72130', '2016-04-26 11:21:26', NULL, 0.00000, 'aazz@com.cc', b'1', b'0', NULL, '2016-04-26 11:21:26', 1, '222.90.66.134', 'e10adc3949ba59abbe56e057f20f883e', NULL, 0, '222.90.66.134', NULL, NULL, 'aazz', '402881862be164ae012be16ab6fd0004'),
	('3932553edf6348ce8030cf85cc2a14f8', '2016-05-04 16:38:54', NULL, 0.00000, 'oaksoft@126.com', b'1', b'0', NULL, '2016-05-11 08:13:00', 0, '123.132.252.42', 'e10adc3949ba59abbe56e057f20f883e', NULL, 0, '123.132.252.42', NULL, NULL, 'guolt', '402881862be164ae012be16ab6fd0004'),
	('3967c63104544e10be012397e66259d7', '2015-09-11 09:08:58', NULL, 0.00000, 'aaaa@163.com', b'1', b'0', NULL, '2015-09-11 13:26:35', 0, '124.15.170.188', 'e10adc3949ba59abbe56e057f20f883e', NULL, 0, '124.15.170.188', NULL, NULL, 'yinftt', '402881862be164ae012be16ab6fd0004'),
	('398f122f665441ad9d14d1bda32acca9', '2015-10-09 18:03:32', NULL, 0.00000, '1111@qq.com', b'1', b'0', NULL, '2016-03-11 06:02:06', 2, '61.185.255.162', '81dc9bdb52d04dc20036dbd8313ed055', NULL, 0, '125.85.76.114', NULL, NULL, '123', '402881862be164ae012be16ab6fd0004'),
	('3a30fa3e59dd4ac895c8d85c076aeda7', '2016-01-30 17:38:56', NULL, 0.00000, '123@qq.com', b'1', b'0', NULL, '2016-01-30 17:38:56', 0, '221.11.5.37', '25d55ad283aa400af464c76d713c07ad', NULL, 0, '221.11.5.37', NULL, NULL, 'ningdi', '402881862be164ae012be16ab6fd0004'),
	('3d678b56c05e4523bb31a627426063f5', '2015-12-16 20:30:20', NULL, 0.00000, 'aa@qq.cc', b'1', b'0', NULL, '2015-12-16 20:30:20', 0, '116.25.34.100', 'b59c67bf196a4758191e42f76670ceba', NULL, 0, '116.25.34.100', NULL, NULL, 'lee', '402881862be164ae012be16ab6fd0004'),
	('3e5a0d36230e4466a7cf7c5d09ed7aa1', '2016-05-09 14:05:16', NULL, 0.00000, 'ssdd@126.com', b'1', b'0', NULL, '2016-05-09 23:36:34', 0, '220.248.44.150', 'e10adc3949ba59abbe56e057f20f883e', NULL, 0, '140.207.23.181', NULL, NULL, 'testtoms', '402881862be164ae012be16ab6fd0004'),
	('3edc6389d7d745109a13a2f8b04153d0', '2015-09-06 11:29:58', NULL, 0.00000, '123@qq.com', b'1', b'0', NULL, '2015-09-06 18:03:36', 0, '122.71.219.75', '46f94c8de14fb36680850768ff1b7f2a', NULL, 0, '122.71.219.75', NULL, NULL, 'qwe', '402881862be164ae012be16ab6fd0004'),
	('3ef9fc4a91d949dbbae5f7f2a877a10b', '2016-01-07 12:14:34', NULL, 0.00000, '1000@qq.com', b'1', b'0', NULL, '2016-01-07 12:14:34', 0, '113.108.134.210', '4297f44b13955235245b2497399d7a93', NULL, 0, '113.108.134.210', NULL, NULL, 'aaab', '402881862be164ae012be16ab6fd0004'),
	('3f16520df7ab4266b514c1c30a246c6f', '2016-03-30 18:27:09', NULL, 0.00000, 'zibeen@foxmail.com', b'1', b'0', NULL, '2016-04-19 14:24:44', 1, '61.175.197.205', '0d3bc8eda2e2abf4710e02151018665f', NULL, 0, '115.236.91.15', NULL, NULL, 'zibenn', '402881862be164ae012be16ab6fd0004'),
	('3f2ad58932254f448558dbdb77e47013', '2016-06-19 20:22:59', NULL, 0.00000, '1234234@qq.com', b'1', b'0', NULL, '2016-06-19 20:22:59', 0, '1.95.140.52', 'e10adc3949ba59abbe56e057f20f883e', NULL, 1, '1.95.140.52', NULL, NULL, 'test12341234', '402881862be164ae012be16ab6fd0004'),
	('3f758780d496456eb63c5ce28cc467e6', '2015-09-07 09:22:49', NULL, 0.00000, 'yuanhongqian123@163.com', b'1', b'0', NULL, '2015-09-07 09:22:49', 0, '121.225.152.123', 'e10adc3949ba59abbe56e057f20f883e', NULL, 179, '121.225.152.123', NULL, NULL, 'yuanhongqian', '402881862be164ae012be16ab6fd0004'),
	('3f9fa521dca141d5bd8119d34e728bdc', '2016-01-14 20:42:11', NULL, 0.00000, 'joy@joy.com', b'1', b'0', NULL, '2016-05-12 15:04:36', 0, '58.58.46.30', 'b63799ef5a037abfb1df94c33be7287d', NULL, 0, '111.202.61.244', NULL, NULL, 'joy', '402881862be164ae012be16ab6fd0004'),
	('4001e67493154fb9a1dd6736b904ff6c', '2015-10-14 16:52:18', NULL, 0.00000, 'test123@1.com', b'1', b'0', NULL, '2015-10-14 16:52:18', 0, '61.132.72.58', 'cc03e747a6afbbcbf8be7668acfebee5', NULL, 0, '61.132.72.58', NULL, NULL, 'test123', '402881862be164ae012be16ab6fd0004'),
	('402350a08e9b4e54a3fff547c796bb0f', '2016-03-31 13:44:40', NULL, 0.00000, '827035311@qq.com', b'1', b'0', NULL, '2016-03-31 13:44:40', 0, '115.197.191.106', 'e10adc3949ba59abbe56e057f20f883e', NULL, 0, '115.197.191.106', NULL, NULL, 'flysoft', '402881862be164ae012be16ab6fd0004'),
	('402881862bf08f18012bf0a16b7c0010', '2010-10-28 10:18:52', '2014-12-12 16:10:08', 9762.00000, 'test2@shopxx.net', b'1', b'0', NULL, '2015-12-14 15:46:48', 0, '1.15.67.97', 'b59c67bf196a4758191e42f76670ceba', NULL, 0, '192.168.1.3', '111', '111', 'test2', '402881862be164ae012be16ab6fd0004'),
	('404b6d8485684a9a865b146facf9174d', '2016-01-05 16:19:28', NULL, 0.00000, '2454802509@qq.com', b'1', b'0', NULL, '2016-01-05 16:20:06', 0, '123.182.241.59', 'e10adc3949ba59abbe56e057f20f883e', NULL, 0, '123.182.241.59', NULL, NULL, 'ming1', '402881862be164ae012be16ab6fd0004'),
	('40602ecd0982405c8bc6ecfd83944597', '2015-12-15 15:46:17', NULL, 0.00000, '626419634@qq.com', b'1', b'0', NULL, '2015-12-18 11:20:15', 0, '125.88.161.85', 'e10adc3949ba59abbe56e057f20f883e', NULL, 0, '125.88.161.85', NULL, NULL, 'xm9406', '402881862be164ae012be16ab6fd0004'),
	('41f64d8885234cdeb77eea74e2ef4f03', '2016-03-16 10:28:59', NULL, 0.00000, 'laoren899@sohu.com', b'1', b'0', NULL, '2016-03-16 10:28:59', 0, '221.221.146.244', 'e10adc3949ba59abbe56e057f20f883e', NULL, 0, '221.221.146.244', NULL, NULL, 'macqi', '402881862be164ae012be16ab6fd0004'),
	('438c7d1eea56412c85b0fc80021ac3ef', '2016-04-19 09:27:02', NULL, 0.00000, '25593@qq.com', b'1', b'0', NULL, '2016-04-19 15:14:01', 0, '115.213.73.12', '81dc9bdb52d04dc20036dbd8313ed055', NULL, 0, '115.213.73.12', NULL, NULL, 'er', '402881862be164ae012be16ab6fd0004'),
	('442639dcb7c6476c8a127d1dfbdd7a30', '2016-01-22 20:45:33', NULL, 0.00000, 'test@sina.com', b'1', b'0', NULL, '2016-01-22 20:45:33', 0, '42.49.143.197', 'e10adc3949ba59abbe56e057f20f883e', NULL, 100, '42.49.143.197', NULL, NULL, 'abc123', '402881862be164ae012be16ab6fd0004'),
	('467af879ef4c41439c845bdc3b4e94cf', '2016-01-07 20:11:39', NULL, 0.00000, '1123@qq.com', b'1', b'0', NULL, '2016-01-07 20:11:39', 0, '61.175.197.202', '4297f44b13955235245b2497399d7a93', NULL, 7, '61.175.197.202', NULL, NULL, '321', '402881862be164ae012be16ab6fd0004'),
	('47408022513e4162835aa991cbbbfe86', '2016-03-01 00:00:46', NULL, 0.00000, '1212@qq.com', b'1', b'0', NULL, '2016-03-01 00:00:46', 0, '14.130.112.63', 'e10adc3949ba59abbe56e057f20f883e', NULL, 0, '14.130.112.63', NULL, NULL, 'zhangxianwei', '402881862be164ae012be16ab6fd0004'),
	('481d88c99850449098b248860b2797c0', '2016-06-13 00:25:57', NULL, 0.00000, 'qq@qq.com', b'1', b'0', NULL, '2016-06-13 00:25:57', 0, '219.130.243.98', '1c395a8dce135849bd73c6dba3b54809', NULL, 0, '219.130.243.98', NULL, NULL, '441317618', '402881862be164ae012be16ab6fd0004'),
	('48aa0eaf02bd4d00b523e9670b186a7a', '2016-02-03 00:39:20', NULL, 0.00000, 'maoyangou@gmail.com', b'1', b'0', NULL, '2016-02-04 00:45:24', 0, '123.118.169.41', '487418cd2712e1abfc24a176b920233b', NULL, 0, '123.118.169.41', NULL, NULL, 'yuyunmiao', '402881862be164ae012be16ab6fd0004'),
	('48de8f05a96d488d8deef2fbb70d4eb0', '2016-01-07 08:47:21', NULL, 0.00000, '1579198098@qq.com', b'1', b'0', NULL, '2016-01-07 08:47:21', 0, '113.234.201.97', '93b2489395dc262842c4093c3a76642b', NULL, 0, '113.234.201.97', NULL, NULL, 'mrm200x', '402881862be164ae012be16ab6fd0004'),
	('49547828415e434dbd18cd12e5123e54', '2016-02-01 16:02:10', NULL, 0.00000, '187029320@qq.com', b'1', b'0', NULL, '2016-02-01 16:02:10', 0, '182.18.6.246', 'e10adc3949ba59abbe56e057f20f883e', NULL, 0, '182.18.6.246', NULL, NULL, 'iloong', '402881862be164ae012be16ab6fd0004'),
	('49c60218c02342aea066610b51de614c', '2016-05-01 20:57:02', NULL, 0.00000, 'xiaocuixxx@qq.com', b'1', b'0', NULL, '2016-05-01 20:57:02', 0, '223.73.70.151', 'e1793c03996a4c15fa08c2c863b429f8', NULL, 0, '223.73.70.151', NULL, NULL, 'xiaocuixxx', '402881862be164ae012be16ab6fd0004'),
	('4ac8a920c5fa4626b76a0dc64f7e08f3', '2015-10-19 14:27:30', NULL, 0.00000, '111111@sohu.com', b'1', b'0', NULL, '2015-10-19 14:27:30', 0, '123.126.20.66', '96e79218965eb72c92a549dd5a330112', NULL, 0, '123.126.20.66', NULL, NULL, '111111', '402881862be164ae012be16ab6fd0004'),
	('4ad9f387e305454e885edae9e0578ff0', '2016-01-18 15:47:28', NULL, 0.00000, 'dafa@qq.com', b'1', b'0', NULL, '2016-01-18 15:47:28', 0, '61.49.178.2', 'e10adc3949ba59abbe56e057f20f883e', NULL, 0, '61.49.178.2', NULL, NULL, 'adfadf', '402881862be164ae012be16ab6fd0004'),
	('4d2301885380438586572f1c7f23e435', '2015-12-26 15:44:04', NULL, 0.00000, '1805516986@qq.com', b'1', b'0', NULL, '2015-12-26 15:44:04', 0, '183.16.149.46', 'e10adc3949ba59abbe56e057f20f883e', NULL, 0, '183.16.149.46', NULL, NULL, 'yangjun', '402881862be164ae012be16ab6fd0004'),
	('4da8c619c7c04e0c8b14b18c3407af7f', '2016-08-04 20:27:12', NULL, 0.00000, '123@13.cn', b'1', b'0', NULL, '2016-08-04 20:27:12', 0, '202.43.145.108', '96e79218965eb72c92a549dd5a330112', NULL, 0, '202.43.145.108', NULL, NULL, '111', '402881862be164ae012be16ab6fd0004'),
	('4e3f088449684880be49c84b863ecccc', '2016-05-16 11:41:12', NULL, 0.00000, '645884692@qq.com', b'1', b'0', NULL, '2016-05-16 11:41:12', 0, '42.243.108.226', 'be0c93d9ef28e9fb38842188caa38c31', NULL, 0, '42.243.108.226', NULL, NULL, '645884692', '402881862be164ae012be16ab6fd0004'),
	('4e3f7a71444a485c95ac4b58bff77eb0', '2016-05-21 22:05:45', NULL, 0.00000, 'test@163.com', b'1', b'0', NULL, '2016-05-21 22:05:45', 0, '101.106.73.158', '827ccb0eea8a706c4c34a16891f84e7b', NULL, 0, '101.106.73.158', NULL, NULL, 'test222', '402881862be164ae012be16ab6fd0004'),
	('4f0767b79cdb44efa46815bcd400779d', '2015-09-24 10:37:16', NULL, 0.00000, 'hotbain@126.com', b'1', b'0', NULL, '2015-09-24 10:37:16', 0, '118.26.73.2', 'e10adc3949ba59abbe56e057f20f883e', NULL, 0, '118.26.73.2', NULL, NULL, 'hotbain', '402881862be164ae012be16ab6fd0004'),
	('533034d4cec64fd388d86618eb24fcf4', '2016-06-14 17:41:27', NULL, 0.00000, '20208060@qq.com', b'1', b'0', NULL, '2016-06-14 17:41:27', 0, '116.24.137.60', 'bc791209bd90ea3963a4e0a2f57a10f3', NULL, 0, '116.24.137.60', NULL, NULL, 'xiamimi', '402881862be164ae012be16ab6fd0004'),
	('535af5c60a0046c5a6e42e87e8cc56f2', '2015-12-22 10:00:14', NULL, 0.00000, '181385543@qq.com', b'1', b'0', NULL, '2015-12-22 10:00:14', 0, '218.207.196.29', '7f517729db6538abf17594328b21c346', NULL, 0, '218.207.196.29', NULL, NULL, 'qq181385543', '402881862be164ae012be16ab6fd0004'),
	('54d6247e0ba9457bbc19fe38ebbad299', '2016-06-15 14:29:03', NULL, 0.00000, 'adsf@qq.cc', b'1', b'0', NULL, '2016-06-15 14:29:03', 0, '118.114.116.7', '912ec803b2ce49e4a541068d495ab570', NULL, 0, '118.114.116.7', NULL, NULL, 'sadf', '402881862be164ae012be16ab6fd0004'),
	('5653d93719de4c0fb1ade6f4f644e3c7', '2016-05-17 11:09:07', NULL, 0.00000, 'btjyc@163.com', b'1', b'0', NULL, '2016-05-17 11:09:07', 0, '123.118.214.171', 'e10adc3949ba59abbe56e057f20f883e', NULL, 0, '123.118.214.171', NULL, NULL, 'jiayuanchun', '402881862be164ae012be16ab6fd0004'),
	('575d4dd119824d47ac3629b9968c04db', '2015-09-22 17:59:22', NULL, 0.00000, '16081092@qq.com', b'1', b'0', NULL, '2015-09-22 17:59:22', 0, '101.231.188.116', 'e10adc3949ba59abbe56e057f20f883e', NULL, 0, '101.231.188.116', NULL, NULL, 'pahill', '402881862be164ae012be16ab6fd0004'),
	('592f554e9f634eca90dda13c99cb2c53', '2015-11-29 11:32:38', NULL, 0.00000, 't1111@sohu.com', b'1', b'0', NULL, '2015-11-29 11:35:34', 0, '211.100.51.69', '96e79218965eb72c92a549dd5a330112', NULL, 0, '211.100.51.69', NULL, NULL, 't1111', '402881862be164ae012be16ab6fd0004'),
	('597da43d7dc046139b07347d5cb9254e', '2016-03-17 10:04:57', NULL, 0.00000, 'dfs@dsfsd.com', b'1', b'0', NULL, '2016-03-17 10:04:57', 0, '49.113.212.224', '96e79218965eb72c92a549dd5a330112', NULL, 0, '49.113.212.224', NULL, NULL, 'dark1', '402881862be164ae012be16ab6fd0004'),
	('5e3948a3091c44609598cf5f52f92ee3', '2016-05-24 10:15:40', NULL, 0.00000, 'lgw2003@126.com', b'1', b'0', NULL, '2016-05-24 10:15:40', 0, '120.6.248.225', 'ac80ca5b9160719a2c3114d8ded5d225', NULL, 0, '120.6.248.225', NULL, NULL, 'lgw2003', '402881862be164ae012be16ab6fd0004'),
	('5ef727405b23429181d7e8dd5c0e5191', '2016-10-09 18:08:38', NULL, 0.00000, 'cxz@123.com', b'1', b'0', NULL, '2016-10-09 18:08:38', 0, '183.59.158.196', '200820e3227815ed1756a6b531e7e0d2', NULL, 0, '183.59.158.196', NULL, NULL, 'cxz', '402881862be164ae012be16ab6fd0004'),
	('60a825648b30481b80d010c1d96c1dac', '2014-12-11 17:36:39', NULL, 300.00000, 'aaa@33.com', b'1', b'0', NULL, '2015-11-26 23:26:55', 0, '218.66.139.166', '2be9bd7a3434f7038ca27d1918de58bd', NULL, 33, '127.0.0.1', NULL, NULL, '3333', '402881862bedd9fc012bee0b65170005'),
	('613cc5b81e954c33a5e9dc20311d7f8b', '2016-04-08 15:28:45', NULL, 0.00000, '2768898@qq.com', b'1', b'0', NULL, '2016-04-08 15:28:45', 0, '115.213.73.38', 'e10adc3949ba59abbe56e057f20f883e', NULL, 0, '115.213.73.38', NULL, NULL, 'admina', '402881862be164ae012be16ab6fd0004'),
	('633652eaedc14a6894ce083da37eb41a', '2015-10-19 16:26:56', NULL, 0.00000, 'ddd@qq.com', b'1', b'0', NULL, '2015-10-19 16:26:56', 0, '61.130.0.179', 'e10adc3949ba59abbe56e057f20f883e', NULL, 0, '61.130.0.179', NULL, NULL, '123456', '402881862be164ae012be16ab6fd0004'),
	('650af84fe9cb4b2a91ff9ae776669fb0', '2016-05-17 14:10:03', NULL, 0.00000, '284285597@qq.com', b'1', b'0', NULL, '2016-05-17 14:10:03', 0, '27.155.149.112', 'e10adc3949ba59abbe56e057f20f883e', NULL, 0, '27.155.149.112', NULL, NULL, 'ken', '402881862be164ae012be16ab6fd0004'),
	('659bd9f7a45f4ba38e9a07c851bb53c0', '2016-01-02 14:26:58', NULL, 0.00000, 'ppboyhai@163.com', b'1', b'0', NULL, '2016-01-02 14:26:58', 0, '122.81.34.184', 'b63799ef5a037abfb1df94c33be7287d', NULL, 0, '122.81.34.184', NULL, NULL, 'ppboyhai', '402881862be164ae012be16ab6fd0004'),
	('65cde7ac52d54f0aa1ddd68e09641ec8', '2016-01-09 18:21:53', NULL, 0.00000, 'zzz@163.com', b'1', b'0', NULL, '2016-01-09 18:21:53', 0, '220.161.111.73', 'e10adc3949ba59abbe56e057f20f883e', NULL, 598, '220.161.111.73', NULL, NULL, 'yzj', '402881862be164ae012be16ab6fd0004'),
	('660a7a93fe4d47f28f1a832e2e192330', '2016-05-17 09:34:44', NULL, 0.00000, 'leoxyk123@163.com', b'1', b'0', NULL, '2016-05-17 09:34:44', 0, '106.6.163.32', 'ef73781effc5774100f87fe2f437a435', NULL, 0, '106.6.163.32', NULL, NULL, 'zorroxu', '402881862be164ae012be16ab6fd0004'),
	('6699448ab33642618434ca2a210bc96d', '2016-05-09 09:09:35', NULL, 0.00000, '1554526749@qq.com', b'1', b'0', NULL, '2016-05-09 09:09:35', 0, '121.238.99.55', '4495d3383536adabd79f9c570f46da08', NULL, 0, '121.238.99.55', NULL, NULL, '溯源jzg', '402881862be164ae012be16ab6fd0004'),
	('67be4dcd77884176b9c2318522e3789b', '2016-01-07 13:21:17', NULL, 0.00000, '111111111@qq.com', b'1', b'0', NULL, '2016-01-07 13:21:17', 1, '218.107.220.235', 'd47eac8c4650f75f1a1a8a6f60e58590', NULL, 0, '218.107.220.235', NULL, NULL, '11', '402881862be164ae012be16ab6fd0004'),
	('6af6e908b18744b7b426bb574bab8043', '2016-04-26 23:10:14', NULL, 0.00000, 'niuliang2005@163.com', b'1', b'0', NULL, '2016-04-26 23:10:14', 0, '1.12.126.43', '621242cfce487bc07e9a53b5f1599972', NULL, 0, '1.12.126.43', NULL, NULL, 'haicw', '402881862be164ae012be16ab6fd0004'),
	('6aff4b7971e34826aa55c1f5e122052d', '2016-03-30 13:13:22', NULL, 0.00000, 'zxx@163.com', b'1', b'0', NULL, '2016-03-30 13:13:22', 0, '211.103.214.140', '8fb19153f75c502166ece5c61177df61', NULL, 0, '211.103.214.140', NULL, NULL, 'zxx1173', '402881862be164ae012be16ab6fd0004'),
	('6b08b11383924ce9b00c2b6f6489184d', '2016-01-07 17:09:55', NULL, 0.00000, '77047624@qq.com', b'1', b'0', NULL, '2016-01-07 17:09:55', 0, '113.96.8.18', 'fb488628d6591a7971fb1cb7a5aa04d5', NULL, 0, '113.96.8.18', NULL, NULL, '77047624', '402881862be164ae012be16ab6fd0004'),
	('6c19a03bbc994605811b1ad9e01fc67f', '2016-06-14 13:56:26', NULL, 0.00000, '1234@qwe.cc', b'1', b'0', NULL, '2016-06-20 11:59:15', 0, '118.114.84.6', '62c8ad0a15d9d1ca38d5dee762a16e01', NULL, 0, '118.114.116.7', NULL, NULL, '1234qwer', '402881862be164ae012be16ab6fd0004'),
	('6c9140e70d954387bf29c9f96b4d3873', '2015-09-10 09:43:52', NULL, 0.00000, 'aaa@qq.cc', b'1', b'0', NULL, '2015-09-10 09:43:52', 0, '125.119.226.106', '96e79218965eb72c92a549dd5a330112', NULL, 0, '125.119.226.106', NULL, NULL, 'aaa', '402881862be164ae012be16ab6fd0004'),
	('6dd509f2a2a74f0c95e6af222ff978fd', '2016-05-04 20:16:47', NULL, 0.00000, '22222@qq.com', b'1', b'0', NULL, '2016-05-04 20:16:47', 0, '121.236.145.124', 'e10adc3949ba59abbe56e057f20f883e', NULL, 0, '121.236.145.124', NULL, NULL, 'xuejike', '402881862be164ae012be16ab6fd0004'),
	('72d3e9185a0543f693506a10ac1d4ff5', '2015-11-05 12:47:54', NULL, 0.00000, '56123@qq.com', b'1', b'0', NULL, '2015-11-05 12:47:54', 0, '221.195.48.150', '81dc9bdb52d04dc20036dbd8313ed055', NULL, 0, '221.195.48.150', NULL, NULL, '123444', '402881862be164ae012be16ab6fd0004'),
	('73b48224b39b4b92941172aea8fb3ab9', '2015-09-15 19:55:08', NULL, 0.00000, '281907117@qq.cm', b'1', b'0', NULL, '2015-09-15 19:55:38', 0, '114.226.7.224', '7d4386ef369538fe29cdb5f96cd0a966', NULL, 0, '114.226.7.224', NULL, NULL, 'a281907117', '402881862be164ae012be16ab6fd0004'),
	('748324c4f85748918dfcfa0ef5c87fb8', '2015-08-24 16:11:14', NULL, 0.00000, 'hycx1983@163.com', b'1', b'0', NULL, '2015-08-24 16:11:14', 1, '0:0:0:0:0:0:0:1', '7adeaf546b7726c8a40fd4c9c2e96653', NULL, 0, '0:0:0:0:0:0:0:1', NULL, NULL, 'hycx2', '402881862be164ae012be16ab6fd0004'),
	('74a5f9ab2932482a973b813c9af48c37', '2016-01-28 20:34:43', NULL, 0.00000, 'lxf9501@gmail.com', b'1', b'0', NULL, '2016-01-28 20:34:43', 0, '39.159.243.231', '7a22f84c9735af365587e38e92a6a75d', NULL, 0, '39.159.243.231', NULL, NULL, 'lxf9501', '402881862be164ae012be16ab6fd0004'),
	('752d755c7c1740ca953b7cf4095561bf', '2016-06-06 10:28:44', NULL, 0.00000, '12as@sina.com', b'1', b'0', NULL, '2016-06-06 10:28:44', 0, '115.213.72.243', '93279e3308bdbbeed946fc965017f67a', NULL, 0, '115.213.72.243', NULL, NULL, 'erq', '402881862be164ae012be16ab6fd0004'),
	('7532b728a6fc4838975be66d4d4516f7', '2016-04-25 11:26:26', NULL, 0.00000, '564772399@qq.com', b'1', b'0', NULL, '2016-04-25 11:26:26', 0, '183.37.134.3', 'e10adc3949ba59abbe56e057f20f883e', NULL, 0, '183.37.134.3', NULL, NULL, 'zal123', '402881862be164ae012be16ab6fd0004'),
	('75393c23f66349719425dfef62dc746b', '2016-01-27 15:51:55', NULL, 0.00000, '619319978@qq.com', b'1', b'0', NULL, '2016-01-27 15:51:55', 0, '61.53.69.76', 'e10adc3949ba59abbe56e057f20f883e', NULL, 0, '61.53.69.76', NULL, NULL, 'likun', '402881862be164ae012be16ab6fd0004'),
	('75718d7bbcf140a7a785dab8bbf4b6ae', '2016-09-26 16:11:56', NULL, 0.00000, 'yaoqingqing@sina.com', b'1', b'0', NULL, '2016-09-26 16:11:56', 0, '115.151.191.178', 'e7101548bfff7d7ebbc83db8cb17584e', NULL, 0, '115.151.191.178', NULL, NULL, 'agmyao', '402881862be164ae012be16ab6fd0004'),
	('76fa68f536f1430089294dcb17e70d12', '2016-06-13 15:25:19', NULL, 0.00000, '1@123.ss', b'1', b'0', NULL, '2016-07-14 22:10:28', 3, '27.226.193.42', '96e79218965eb72c92a549dd5a330112', NULL, 0, '171.213.4.205', NULL, NULL, '123sadf', '402881862be164ae012be16ab6fd0004'),
	('77db41ab5c8e4bedbd788273ef913baf', '2015-12-29 02:11:38', NULL, 0.00000, 'dfdf@q23.com', b'1', b'0', NULL, '2015-12-29 02:11:38', 0, '223.72.68.67', 'e10adc3949ba59abbe56e057f20f883e', NULL, 0, '223.72.68.67', NULL, NULL, 'fs', '402881862be164ae012be16ab6fd0004'),
	('7858cbe609504195b603545308d141e0', '2016-05-04 10:45:54', NULL, 0.00000, '111@11.com', b'1', b'0', NULL, '2016-05-04 10:45:54', 0, '183.129.145.2', '96e79218965eb72c92a549dd5a330112', NULL, 0, '183.129.145.2', NULL, NULL, 'dabing', '402881862be164ae012be16ab6fd0004'),
	('78c8ec0f96d94405bc934da99c9d3559', '2016-03-04 20:58:03', NULL, 0.00000, 'jjj@a.com', b'1', b'0', NULL, '2016-03-04 20:58:03', 0, '123.172.75.74', '3b6281fa2ce2b6c20669490ef4b026a4', NULL, 0, '123.172.75.74', NULL, NULL, 'jjj', '402881862be164ae012be16ab6fd0004'),
	('7ae36e75b0ad413d8c1eaf08da49fc2c', '2016-04-09 00:26:59', NULL, 0.00000, 'shaozhou2008@163.com', b'1', b'0', NULL, '2016-04-09 00:26:59', 0, '113.66.190.46', '96e79218965eb72c92a549dd5a330112', NULL, 0, '113.66.190.46', NULL, NULL, 'leobamb', '402881862be164ae012be16ab6fd0004'),
	('7c2d461372d54a97bde893384c7fdc15', '2016-04-02 22:13:31', '2016-05-12 05:07:15', 0.00000, 'ddy10086@163.com', b'1', b'0', NULL, '2016-05-15 19:32:16', 1, '106.37.223.181', '284e561c00e7874e42349a206772beff', NULL, 0, '106.37.223.179', NULL, NULL, 'ddy10086', '402881862be164ae012be16ab6fd0004'),
	('7c642308810041fba15e4774c1d14205', '2015-11-15 14:18:55', NULL, 0.00000, '381938993@qq.com', b'1', b'0', NULL, '2015-11-15 14:18:55', 0, '49.118.203.150', '6c44e5cd17f0019c64b042e4a745412a', NULL, 0, '49.118.203.150', NULL, NULL, 'allen', '402881862be164ae012be16ab6fd0004'),
	('7d06feb7e45246bf8ccd8fab5f0838a0', '2016-01-16 12:00:48', NULL, 0.00000, 'zgfyxc@163.com', b'1', b'0', NULL, '2016-01-16 12:00:48', 0, '112.10.50.147', '974ec6ac32c80266a477a18497929a0f', NULL, 0, '112.10.50.147', NULL, NULL, 'zhouguofeng', '402881862be164ae012be16ab6fd0004'),
	('7e2b465231d44610ae6699c7d7ea8e61', '2015-11-01 10:40:30', NULL, 0.00000, '878232433@qq.com', b'1', b'0', NULL, '2015-11-01 10:40:30', 0, '221.199.14.118', 'f1ff486327ddf75af7bc43d13768379c', NULL, 0, '221.199.14.118', NULL, NULL, 'mumu', '402881862be164ae012be16ab6fd0004'),
	('7fe2063e419a4ed6a958510fb6b197f1', '2016-04-05 10:16:58', NULL, 0.00000, '123@qq.com', b'1', b'0', NULL, '2016-04-05 10:16:58', 0, '219.82.159.242', '81dc9bdb52d04dc20036dbd8313ed055', NULL, 0, '219.82.159.242', NULL, NULL, '123123', '402881862be164ae012be16ab6fd0004'),
	('80377b8e830f4e87b50cdfa5becf3772', '2016-10-04 07:40:38', NULL, 0.00000, '18611664842@163.com', b'1', b'0', NULL, '2016-10-04 07:40:38', 0, '101.40.236.146', 'e10adc3949ba59abbe56e057f20f883e', NULL, 0, '101.40.236.146', NULL, NULL, 'tiger', '402881862be164ae012be16ab6fd0004'),
	('8052267c08554f878cd7ff8740a71b5b', '2016-04-17 19:19:38', NULL, 0.00000, '604501693@qq.com', b'1', b'0', NULL, '2016-04-18 17:45:24', 0, '123.139.20.115', '3146c01d4054ef8a3467b7d155e05d25', NULL, 0, '113.139.209.244', NULL, NULL, 'zhangbo', '402881862be164ae012be16ab6fd0004'),
	('808583e7d40d49e3a08e7343fb232e79', '2015-12-13 17:02:12', '2015-12-13 17:04:35', 0.00000, '1232@qq.com', b'1', b'0', NULL, '2015-12-13 17:02:12', 0, '110.182.24.245', 'dcddb75469b4b4875094e14561e573d8', NULL, 0, '110.182.24.245', NULL, NULL, '56456', '402881862be164ae012be16ab6fd0004'),
	('811f6a5b799f45a5922f060a601528f2', '2016-01-05 11:16:14', NULL, 0.00000, '2454802509@qq.com', b'1', b'0', NULL, '2016-01-05 11:16:14', 1, '123.182.241.59', 'e10adc3949ba59abbe56e057f20f883e', NULL, 0, '123.182.241.59', NULL, NULL, 'zhang1', '402881862be164ae012be16ab6fd0004'),
	('821352f2c5264eb799d35dd1077aa26c', '2016-04-03 01:08:36', NULL, 0.00000, 'test1@163.com', b'1', b'0', NULL, '2016-04-03 01:08:36', 0, '183.2.218.50', '96e79218965eb72c92a549dd5a330112', NULL, 0, '183.2.218.50', NULL, NULL, 'mytest1', '402881862be164ae012be16ab6fd0004'),
	('855d229b7b5b4fc6a2556cf111fb2626', '2016-04-22 09:39:03', NULL, 0.00000, '407922583@qq.com', b'1', b'0', NULL, '2016-04-22 16:45:29', 0, '218.201.101.9', 'df97b19def9823be9fd510692e3d2c5d', NULL, 0, '218.201.101.8', NULL, NULL, 'xms', '402881862be164ae012be16ab6fd0004'),
	('8606010132f746eb95bba89533927ea1', '2015-12-29 16:49:55', NULL, 0.00000, '361796242@qq.com', b'1', b'0', NULL, '2015-12-29 16:49:55', 0, '60.168.155.14', 'e10adc3949ba59abbe56e057f20f883e', NULL, 0, '60.168.155.14', NULL, NULL, 'zhuxlfansen', '402881862be164ae012be16ab6fd0004'),
	('861c821a2f0044768d9f3025aed0fb28', '2016-03-03 23:06:39', NULL, 0.00000, 'liliang911@sohu.com', b'1', b'0', NULL, '2016-03-03 23:06:39', 0, '58.48.0.170', '334930f6237bf19668609cf3673fe3f5', NULL, 0, '58.48.0.170', NULL, NULL, 'liliang', '402881862be164ae012be16ab6fd0004'),
	('869eebfade574f21b85890ac0aadb653', '2015-10-16 14:23:48', NULL, 0.00000, 'xxx@xx.xx', b'1', b'0', NULL, '2015-10-16 14:23:48', 0, '159.226.142.251', 'ea416ed0759d46a8de58f63a59077499', NULL, 0, '159.226.142.251', NULL, NULL, 'xxx', '402881862be164ae012be16ab6fd0004'),
	('872103f0c6484dfcad0864d9e8491338', '2015-10-07 00:38:27', NULL, 0.00000, '466933597@qq.com', b'1', b'0', NULL, '2015-10-07 00:38:27', 0, '112.66.20.89', '00b7691d86d96aebd21dd9e138f90840', NULL, 0, '112.66.20.89', NULL, NULL, '111222', '402881862be164ae012be16ab6fd0004'),
	('88501e14350d43468ac6ed008f615377', '2016-01-11 10:13:11', NULL, 0.00000, 'lixiang@bfcorp.cn', b'1', b'0', NULL, '2016-01-11 10:13:11', 0, '117.158.194.200', 'eee75e60fba5f2aed4094d641f990d88', NULL, 0, '117.158.194.200', NULL, NULL, 'xbird', '402881862be164ae012be16ab6fd0004'),
	('88ab64c71ba84a7d80342723b70a0b22', '2016-09-05 23:02:26', NULL, 0.00000, 'wrw.mj@qq.com', b'1', b'0', NULL, '2016-09-13 14:11:45', 3, '180.108.167.164', '90017e9dcbfe0800927cf7ee5af1aa0e', NULL, 0, '117.136.67.215', NULL, NULL, 'wurongwei', '402881862be164ae012be16ab6fd0004'),
	('88d0e09d223e4c8ea4ef0c21ac0c378f', '2015-12-12 22:33:19', NULL, 0.00000, '2521320014@qq.com', b'1', b'0', NULL, '2015-12-12 22:33:19', 0, '183.156.79.142', 'c99f7db7a846953cfe98c6e16a09696d', NULL, 0, '183.156.79.142', NULL, NULL, 'wenxl123', '402881862be164ae012be16ab6fd0004'),
	('8ee5f45b5e88446ea55b467bb372f30f', '2016-01-09 00:10:37', NULL, 0.00000, '1114207539@qq.com', b'1', b'0', NULL, '2016-01-09 00:10:37', 0, '183.49.12.210', 'e10adc3949ba59abbe56e057f20f883e', NULL, 0, '183.49.12.210', NULL, NULL, 'wxd', '402881862be164ae012be16ab6fd0004'),
	('8f24cc613feb48d48a9e3d7562b72eae', '2015-12-24 10:22:18', NULL, 0.00000, '12345678@123.com', b'1', b'0', NULL, '2015-12-24 10:22:18', 0, '59.40.52.100', '6ea9163a8b6c7f9f03551c93141fb605', NULL, 0, '59.40.52.100', NULL, NULL, 'pankai12345', '402881862be164ae012be16ab6fd0004'),
	('8fc3ae7fd89e40c780bc115dfbdc4a81', '2016-04-09 15:40:09', '2016-04-10 12:22:38', 0.00000, '454527576@qq.com', b'1', b'0', NULL, '2016-04-09 16:14:17', 0, '27.17.29.186', 'e10adc3949ba59abbe56e057f20f883e', '1460262158200_f40f4e95cb904bb993ee4a5b1606310f621f7fd02ce9e7cce36ed967437f6304', 0, '27.17.29.186', NULL, NULL, 'mizi', '402881862be164ae012be16ab6fd0004'),
	('9163f1be24cf4df6a0a00f6b0b8b20e4', '2015-11-05 10:50:00', NULL, 0.00000, '1040931782@qq.com', b'1', b'0', NULL, '2015-11-05 10:50:00', 0, '220.115.176.4', 'e10adc3949ba59abbe56e057f20f883e', NULL, 0, '220.115.176.4', NULL, NULL, 'a123', '402881862be164ae012be16ab6fd0004'),
	('91b0da666bc341caae0df0c2f628f104', '2016-01-19 10:37:43', NULL, 0.00000, '1111116@sohu.com', b'1', b'0', NULL, '2016-01-19 10:37:43', 0, '123.126.20.66', '52c69e3a57331081823331c4e69d3f2e', NULL, 0, '123.126.20.66', NULL, NULL, '999999', '402881862be164ae012be16ab6fd0004'),
	('93eedb03167b40b3834949968149da58', '2016-05-08 13:42:29', NULL, 0.00000, '111@11.com', b'1', b'0', NULL, '2016-05-09 14:07:17', 1, '183.129.145.2', 'b59c67bf196a4758191e42f76670ceba', NULL, 0, '112.10.108.106', NULL, NULL, 'dabing1', '402881862be164ae012be16ab6fd0004'),
	('9479e9969cdd4b9f9232d3b6ee4cacb5', '2016-04-12 00:40:55', NULL, 0.00000, 'fsadfsf@qq.com', b'1', b'0', NULL, '2016-04-12 00:40:55', 0, '112.66.71.1', '96e79218965eb72c92a549dd5a330112', NULL, 0, '112.66.71.1', NULL, NULL, 'seeksought', '402881862be164ae012be16ab6fd0004'),
	('9604f3dbffe84cda81f64288467d69a1', '2016-03-17 12:55:42', NULL, 0.00000, 'fuxueliang@139.com', b'1', b'0', NULL, '2016-03-17 12:55:42', 0, '124.207.84.210', '1c1e763c72f2a5be909b683bebaf6296', NULL, 0, '124.207.84.210', NULL, NULL, 'fuxueliang', '402881862be164ae012be16ab6fd0004'),
	('979dca18599b4a8db00008ff49d761fb', '2016-03-30 10:26:54', NULL, 0.00000, 'lwf19931128@163.com', b'1', b'0', NULL, '2016-03-30 10:26:54', 0, '183.62.134.20', 'e10adc3949ba59abbe56e057f20f883e', NULL, 0, '183.62.134.20', NULL, NULL, 'lwf364985617', '402881862be164ae012be16ab6fd0004'),
	('99609448d4784936815222cfd7ef1040', '2016-03-24 22:04:31', NULL, 0.00000, '123456@123.com', b'1', b'0', NULL, '2016-03-24 22:04:31', 0, '123.119.4.216', 'e10adc3949ba59abbe56e057f20f883e', NULL, 0, '123.119.4.216', NULL, NULL, 'annie', '402881862be164ae012be16ab6fd0004'),
	('9a97633cfc444942bafaa84ff968e1af', '2016-02-29 14:19:53', NULL, 0.00000, 'zhaoyuyang2006@aliyun.com', b'1', b'0', NULL, '2016-02-29 14:19:53', 0, '59.108.45.66', '3ec16d2b05189dd2bb63a78f87fbb3ce', NULL, 0, '59.108.45.66', NULL, NULL, 'zyy2006', '402881862be164ae012be16ab6fd0004'),
	('9b6fd8d60d0246a38cef71f85840e165', '2016-01-12 09:37:46', NULL, 0.00000, '1@1.com', b'1', b'0', NULL, '2016-01-12 09:37:46', 0, '111.202.203.208', 'e10adc3949ba59abbe56e057f20f883e', NULL, 0, '111.202.203.208', NULL, NULL, 'test3', '402881862be164ae012be16ab6fd0004'),
	('9b8a1c7bc6614e63b4fc64f2921140a1', '2015-08-24 16:11:40', NULL, 0.00000, 'hycx1983@163.com', b'1', b'0', NULL, '2015-08-24 16:11:40', 0, '0:0:0:0:0:0:0:1', '7adeaf546b7726c8a40fd4c9c2e96653', NULL, 0, '0:0:0:0:0:0:0:1', NULL, NULL, 'hycx3', '402881862be164ae012be16ab6fd0004'),
	('9bab1599fa674b62aa618075655e4e9a', '2016-06-05 08:08:07', NULL, 0.00000, '3301126@qq.com', b'1', b'0', NULL, '2016-06-05 08:08:07', 0, '121.23.88.90', '59da8bd04473ac6711d74cd91dbe903d', NULL, 0, '121.23.88.90', NULL, NULL, 'goods', '402881862be164ae012be16ab6fd0004'),
	('9c91d5511a9a421fab729e577b9d65ce', '2016-08-01 10:07:54', NULL, 0.00000, 'aa@test.cn', b'1', b'0', NULL, '2016-08-01 10:07:54', 0, '125.89.64.234', '81dc9bdb52d04dc20036dbd8313ed055', NULL, 0, '125.89.64.234', NULL, NULL, 'test32', '402881862be164ae012be16ab6fd0004'),
	('9e5e50f972654c83a3339a7fdad64bc4', '2015-09-26 18:36:53', NULL, 0.00000, 'aa@eee.com', b'1', b'0', NULL, '2015-09-26 18:36:53', 0, '113.111.217.180', 'e10adc3949ba59abbe56e057f20f883e', NULL, 0, '113.111.217.180', NULL, NULL, 'qqq', '402881862be164ae012be16ab6fd0004'),
	('a038966b08cb40b88ddd4db2baee2f75', '2016-01-27 15:13:21', NULL, 0.00000, '11@11.com', b'1', b'0', NULL, '2016-01-27 15:13:21', 0, '112.14.153.42', 'e10adc3949ba59abbe56e057f20f883e', NULL, 0, '112.14.153.42', NULL, NULL, 'yang1707', '402881862be164ae012be16ab6fd0004'),
	('a064706605664dbf8694e0dd0b5f0c31', '2015-10-14 15:35:23', NULL, 0.00000, '17214321@qq.com', b'1', b'0', NULL, '2015-10-14 15:35:23', 0, '218.19.226.25', '4b7eb42263fb2b4af74acae3072d62e4', NULL, 0, '218.19.226.25', NULL, NULL, 'oop', '402881862be164ae012be16ab6fd0004'),
	('a0b75adb1e174b7bb89e0dbd42845aa8', '2016-05-06 14:44:34', '2016-05-06 14:45:05', 0.00000, 'justso@qq.com', b'1', b'0', NULL, '2016-05-06 14:45:23', 2, '112.5.236.26', '6a665681dcde967b22d667da04602c7a', NULL, 0, '112.5.236.26', NULL, NULL, 'justskier', '402881862be164ae012be16ab6fd0004'),
	('a167fed62bb0459081bc4127d2d28d7f', '2016-09-27 12:04:16', NULL, 0.00000, '358849686@qq.com', b'1', b'0', NULL, '2016-09-27 12:04:16', 0, '113.206.99.254', 'c3657b129e4621702c0cf695dc51ab0c', NULL, 0, '113.206.99.254', NULL, NULL, 'xianrenlail', '402881862be164ae012be16ab6fd0004'),
	('a17653caf93b408893a9656df838a266', '2016-05-13 22:00:50', NULL, 0.00000, '123@qq.com', b'1', b'0', NULL, '2016-05-13 22:00:50', 0, '117.32.235.4', 'e10adc3949ba59abbe56e057f20f883e', NULL, 0, '117.32.235.4', NULL, NULL, '123456q', '402881862be164ae012be16ab6fd0004'),
	('a2e7d0e4bbfe497ea807c2b99da5a0ae', '2016-05-22 22:56:12', NULL, 0.00000, '592864998@126.com', b'1', b'0', NULL, '2016-05-22 22:56:12', 0, '113.66.190.129', 'e10adc3949ba59abbe56e057f20f883e', NULL, 0, '113.66.190.129', NULL, NULL, 'musilincode', '402881862be164ae012be16ab6fd0004'),
	('a416d28d7adb409abbf07122088e5496', '2016-04-26 10:00:41', '2016-04-26 10:01:33', 0.00000, '394108722@qq.com', b'1', b'0', NULL, '2016-04-26 10:00:41', 0, '112.225.34.177', '96e79218965eb72c92a549dd5a330112', '1461636093960_888e0ad7586a476a993cee3241808d74447fa4bd8d72232968c10658f63a0ae4', 0, '112.225.34.177', NULL, NULL, 'xking', '402881862be164ae012be16ab6fd0004'),
	('a623945b4c6e44e0a1e4feaa8a34b519', '2016-09-07 15:30:46', NULL, 0.00000, 'dfs@126.com', b'1', b'0', NULL, '2016-09-07 15:30:46', 0, '116.226.224.110', '81dc9bdb52d04dc20036dbd8313ed055', NULL, 0, '116.226.224.110', NULL, NULL, 'dsf', '402881862be164ae012be16ab6fd0004'),
	('a6586468238e49a491853c064ad3f3ac', '2015-12-14 09:11:08', NULL, 0.00000, 'wangyiywc@126.com', b'1', b'0', NULL, '2015-12-14 09:11:08', 0, '121.79.130.135', '4e53db02bb781679e2a7c3694b2e1fc9', NULL, 0, '121.79.130.135', NULL, NULL, '花无影', '402881862be164ae012be16ab6fd0004'),
	('a7a09f2ce42040eca7494ad62f7d6615', '2016-04-29 12:56:53', NULL, 0.00000, 'sss@163.com', b'1', b'0', NULL, '2016-04-29 12:56:53', 0, '222.211.138.181', '81dc9bdb52d04dc20036dbd8313ed055', NULL, 0, '222.211.138.181', NULL, NULL, '12_12', '402881862be164ae012be16ab6fd0004'),
	('a8170b1c3cf94279af5851f0cffe8eb6', '2015-12-22 15:21:27', NULL, 0.00000, '2121@a.com', b'1', b'0', NULL, '2015-12-22 15:21:27', 0, '114.254.10.110', '21232f297a57a5a743894a0e4a801fc3', NULL, 0, '114.254.10.110', NULL, NULL, 'admin120120', '402881862be164ae012be16ab6fd0004'),
	('a970831cf5384568b02578ab30b72a1c', '2016-03-29 15:34:43', NULL, 0.00000, '11@33.com', b'1', b'0', NULL, '2016-03-29 15:34:43', 0, '58.100.159.134', 'b59c67bf196a4758191e42f76670ceba', NULL, 0, '58.100.159.134', NULL, NULL, 'asd111', '402881862be164ae012be16ab6fd0004'),
	('ac1f13b4faa14efcbca74f21f87b9f2a', '2016-04-19 10:36:48', NULL, 0.00000, 'redjini@sina.com', b'1', b'0', NULL, '2016-04-19 10:36:48', 0, '223.73.2.71', '26985169b0a1b11a20e7a881d98a6782', NULL, 0, '223.73.2.71', NULL, NULL, 'redjini', '402881862be164ae012be16ab6fd0004'),
	('ac63ce38e29340288f48dffc3078e5e3', '2015-09-21 08:43:02', NULL, 0.00000, '1213068618@qq.com', b'1', b'0', NULL, '2015-09-21 08:43:02', 0, '171.8.251.17', 'e8966c1c4af3018712a355e36d695b9a', NULL, 0, '171.8.251.17', NULL, NULL, 'wdy258258', '402881862be164ae012be16ab6fd0004'),
	('adb78f369af54fa8acf0b581958ce54d', '2016-04-19 11:56:24', NULL, 0.00000, 'chenliang_chen@163.com', b'1', b'0', NULL, '2016-04-19 11:56:24', 0, '115.195.32.224', 'd32b5be84eb1c977389f3fba3cdb10d9', NULL, 0, '115.195.32.224', NULL, NULL, '15068171713', '402881862be164ae012be16ab6fd0004'),
	('adfb7ecceb1e4766ad29552126d89b0f', '2015-12-14 16:17:05', NULL, 0.00000, 'ootabc@126.com', b'1', b'0', NULL, '2015-12-14 16:17:05', 0, '119.130.186.72', 'e10adc3949ba59abbe56e057f20f883e', NULL, 0, '119.130.186.72', NULL, NULL, 'ootabc', '402881862be164ae012be16ab6fd0004'),
	('b02582552a8d4df5a68c61b024df55c1', '2016-06-29 15:24:51', NULL, 0.00000, 'leafqy@qq.com', b'1', b'0', NULL, '2016-06-29 15:24:51', 0, '125.89.64.234', '21e58f50025203f2fc81ea3bb03a08de', NULL, 0, '125.89.64.234', NULL, NULL, 'leafqy', '402881862be164ae012be16ab6fd0004'),
	('b039746c5c284177b34e054718075f94', '2015-09-07 17:17:06', NULL, 0.00000, 'ie263@qq.com', b'1', b'0', NULL, '2015-09-07 17:17:06', 0, '211.93.3.114', 'e10adc3949ba59abbe56e057f20f883e', NULL, 0, '211.93.3.114', NULL, NULL, 'tuoer', '402881862be164ae012be16ab6fd0004'),
	('b16333b508e64c65b14e2b1cc2d1abf2', '2015-12-18 15:22:05', NULL, 0.00000, 'tt111111@sohu.com', b'1', b'0', NULL, '2015-12-18 15:22:51', 0, '123.126.20.66', '96e79218965eb72c92a549dd5a330112', NULL, 0, '123.126.20.66', NULL, NULL, 'tt111111', '402881862be164ae012be16ab6fd0004'),
	('b176a5feb19443f1b74909550152d056', '2015-09-15 21:12:04', NULL, 0.00000, '385654633@qq.com', b'1', b'0', NULL, '2015-09-15 21:12:04', 0, '59.61.108.6', '14e8077b7e4f0a6e7ff51896f2a2acf1', NULL, 0, '59.61.108.6', NULL, NULL, 'liangstc', '402881862be164ae012be16ab6fd0004'),
	('b1bedc76936d430cbb1649ed59bf4821', '2016-04-19 10:37:38', NULL, 0.00000, '316985294@qq.com', b'1', b'0', NULL, '2016-04-19 10:37:38', 0, '220.168.91.206', '1b6e62fef1a2fd3aac653bce9267bb78', NULL, 0, '220.168.91.206', NULL, NULL, 'cf316985294', '402881862be164ae012be16ab6fd0004'),
	('b2f13f19d5cd4c3b81b4e0ec36842a05', '2016-01-15 09:18:42', NULL, 0.00000, 'wjjxyz2006@qq.com', b'1', b'0', NULL, '2016-01-15 09:18:42', 0, '222.56.16.96', 'f379eaf3c831b04de153469d1bec345e', NULL, 0, '222.56.16.96', NULL, NULL, 'wjjxyz2006', '402881862be164ae012be16ab6fd0004'),
	('b2fee980147a44de83c5169969b1ec76', '2016-01-21 14:19:04', NULL, 0.00000, 'tg20847@126.com', b'1', b'0', NULL, '2016-01-21 22:17:37', 1, '115.197.239.182', '3d4faf40069dcce747cece2b01eed00d', NULL, 0, '183.128.246.27', NULL, NULL, 'tg20847', '402881862be164ae012be16ab6fd0004'),
	('b403d3ab3dda404180676299aa7bcde1', '2016-04-17 21:05:35', NULL, 0.00000, 'guopengwh@sina.com.cn', b'1', b'0', NULL, '2016-04-17 21:05:35', 0, '221.219.170.232', 'cceb7971d220334fa71d8ff6420ec56e', NULL, 0, '221.219.170.232', NULL, NULL, '风中之龙', '402881862be164ae012be16ab6fd0004'),
	('b47594b101ed44279ff69a300cd435f5', '2016-05-17 00:43:26', NULL, 0.00000, '123@1663.com', b'1', b'0', NULL, '2016-05-17 00:43:26', 0, '123.185.136.183', 'e10adc3949ba59abbe56e057f20f883e', NULL, 0, '123.185.136.183', NULL, NULL, 'xcc', '402881862be164ae012be16ab6fd0004'),
	('b6d8ba9d74304c3ea363f5b5caeb0711', '2015-10-14 22:26:09', NULL, 0.00000, '16081092@qq.com', b'1', b'0', NULL, '2015-10-14 22:26:09', 0, '58.39.98.225', 'e10adc3949ba59abbe56e057f20f883e', NULL, 0, '58.39.98.225', NULL, NULL, 'cxianf', '402881862be164ae012be16ab6fd0004'),
	('b7c28475fc9b41a3aa759a3c309acf24', '2015-12-08 16:01:25', NULL, 0.00000, 'ceshi1@test.com', b'1', b'0', NULL, '2015-12-08 16:01:25', 0, '218.76.58.34', '9464c3798239e316379036767f0ff7d1', NULL, 0, '218.76.58.34', NULL, NULL, 'ceshi1', '402881862be164ae012be16ab6fd0004'),
	('b96e198732074d28a368ab91de5ca72b', '2016-05-23 20:13:45', NULL, 0.00000, '18844145016@163.com', b'1', b'0', NULL, '2016-05-23 20:13:45', 0, '202.198.7.37', '96e79218965eb72c92a549dd5a330112', NULL, 0, '202.198.7.37', NULL, NULL, 'xiaomaolv', '402881862be164ae012be16ab6fd0004'),
	('b98909c459854f1285357c29d5484ea9', '2015-11-02 16:56:49', NULL, 0.00000, '1416364009@qq.com', b'1', b'0', NULL, '2015-11-02 16:56:49', 0, '183.228.29.146', '92604b3ad1654ba094bbc8c27313920b', NULL, 0, '183.228.29.146', NULL, NULL, 'admin12', '402881862be164ae012be16ab6fd0004'),
	('b98f02bd6ef74d9980b97d8754ee096c', '2016-05-29 16:23:33', NULL, 0.00000, 'test@gmail.com', b'1', b'0', NULL, '2016-05-29 16:23:33', 0, '101.41.251.21', 'cc03e747a6afbbcbf8be7668acfebee5', NULL, 0, '101.41.251.21', NULL, NULL, 'test121313131', '402881862be164ae012be16ab6fd0004'),
	('ba67d3cf36144db79ed3adaebac386bc', '2016-05-03 09:14:20', NULL, 0.00000, 'lustar@126.com', b'1', b'0', NULL, '2016-05-09 11:49:19', 0, '223.71.208.114', '96e79218965eb72c92a549dd5a330112', NULL, 0, '223.71.208.114', NULL, NULL, 'xingxing', '402881862be164ae012be16ab6fd0004'),
	('babee5bcef5447e9a09d5dbb90fd4718', '2016-04-21 14:05:44', NULL, 0.00000, '79678111@qq.com', b'1', b'0', NULL, '2016-04-21 14:05:44', 0, '103.43.185.49', '310a14e8d2263f6c27cf9084883f4835', NULL, 0, '103.43.185.49', NULL, NULL, 'sunkaifei', '402881862be164ae012be16ab6fd0004'),
	('bacd2e109e574adfb84f1d6f0fb95c8c', '2016-05-31 14:55:54', NULL, 0.00000, '123456@sina.cn', b'1', b'0', NULL, '2016-05-31 14:55:54', 0, '115.197.177.24', 'c99fd0704765c69f6430b65422dc9bbd', NULL, 0, '115.197.177.24', NULL, NULL, 'flysoft1', '402881862be164ae012be16ab6fd0004'),
	('bce3c42712ca4bce9f2b8eb21b1538ed', '2016-06-07 22:09:51', NULL, 0.00000, '1111@qq.com', b'1', b'0', NULL, '2016-06-07 22:09:51', 0, '60.191.53.212', '96e79218965eb72c92a549dd5a330112', NULL, 0, '60.191.53.212', NULL, NULL, 'nicework007', '402881862be164ae012be16ab6fd0004'),
	('be2a45b4f7ec4248b87ad22fe9a653a2', '2016-01-08 15:34:25', NULL, 0.00000, '445687412@qq.com', b'1', b'0', NULL, '2016-01-08 15:34:25', 0, '218.240.142.82', 'c51cd8e64b0aeb778364765013df9ebe', NULL, 0, '218.240.142.82', NULL, NULL, 'cp123456', '402881862be164ae012be16ab6fd0004'),
	('c045bc9db9d74084a5af851308fc3341', '2015-12-29 00:13:58', NULL, 0.00000, '517052751@qq.com', b'1', b'0', NULL, '2015-12-29 00:13:58', 0, '112.66.80.188', 'e10adc3949ba59abbe56e057f20f883e', NULL, 0, '112.66.80.188', NULL, NULL, 'as', '402881862be164ae012be16ab6fd0004'),
	('c101f68d2afe4ac9a931dbf5c985d90e', '2016-04-14 00:52:39', NULL, 0.00000, '251287918@qq.com', b'1', b'0', NULL, '2016-04-14 00:52:39', 0, '223.81.192.72', '139189ea82d7559cc6c34fe72341fccc', NULL, 0, '223.81.192.72', NULL, NULL, 'litao', '402881862be164ae012be16ab6fd0004'),
	('c1e54bc1ff5f45d0a34c2c659c59cfec', '2016-05-07 13:48:48', NULL, 0.00000, '641631@42.com', b'1', b'0', NULL, '2016-05-07 13:48:48', 0, '113.92.102.44', '25d55ad283aa400af464c76d713c07ad', NULL, 0, '113.92.102.44', NULL, NULL, '12345678', '402881862be164ae012be16ab6fd0004'),
	('c2098bb981ba44759296880d9b0279c2', '2016-04-15 21:20:57', NULL, 0.00000, 'lanshanyelu@126.com', b'1', b'0', NULL, '2016-04-15 21:20:57', 0, '111.166.62.26', 'a9542bb104fe3f4d562e1d275e03f5ba', NULL, 0, '111.166.62.26', NULL, NULL, 'feng', '402881862be164ae012be16ab6fd0004'),
	('c3d91da44e1d4c46ac14407ad267d66b', '2016-05-31 19:57:29', NULL, 0.00000, '28955025@qq.com', b'1', b'0', NULL, '2016-05-31 19:57:29', 0, '111.121.112.32', '49319ce2596a7e7bfb0ef825a9e5ea50', NULL, 0, '111.121.112.32', NULL, NULL, 'zxjyuan', '402881862be164ae012be16ab6fd0004'),
	('c3ee5c1c0f73448791840c1869594744', '2016-03-27 18:19:36', NULL, 0.00000, 'asdf@qq.com', b'1', b'0', NULL, '2016-03-27 18:19:36', 0, '221.199.14.117', '6a204bd89f3c8348afd5c77c717a097a', NULL, 0, '221.199.14.117', NULL, NULL, 'asdfasdf', '402881862be164ae012be16ab6fd0004'),
	('c40009c150c34d49a5a7c1ebbbf4bd20', '2015-10-14 04:09:32', NULL, 0.00000, 'test@tet.com', b'1', b'0', NULL, '2015-10-21 02:07:39', 0, '65.118.122.30', '098f6bcd4621d373cade4e832627b4f6', NULL, 0, '65.118.122.30', NULL, NULL, 'testtest', '402881862be164ae012be16ab6fd0004'),
	('c685a24476af4a07977e3d98b16713b0', '2015-12-22 15:32:54', NULL, 0.00000, 'hackor@qq.com', b'1', b'0', NULL, '2016-08-11 14:42:31', 1, '222.240.208.131', '2adf20b4d5e1ac11dfcecca7cd8c0f54', NULL, 0, '222.240.208.131', NULL, NULL, 'hackor', '402881862be164ae012be16ab6fd0004'),
	('c69925d80dda4df0aba47705e7d1a71d', '2015-10-20 19:14:30', NULL, 0.00000, 'aa@qq.com', b'1', b'0', NULL, '2015-10-20 19:14:30', 0, '112.94.199.202', 'b696aa920f1b20c28c8ff189b9203034', NULL, 0, '112.94.199.202', NULL, NULL, 'lingle', '402881862be164ae012be16ab6fd0004'),
	('c734fcb6ed5f444f9f189992acb0c806', '2015-11-12 10:19:08', NULL, 0.00000, 'asd@qq.com', b'1', b'0', NULL, '2015-11-12 10:19:08', 0, '124.133.239.162', '81dc9bdb52d04dc20036dbd8313ed055', NULL, 0, '124.133.239.162', NULL, NULL, 'zd', '402881862be164ae012be16ab6fd0004'),
	('c832c5d6e8a04903933db11ee2d1cbae', '2016-02-04 23:06:12', NULL, 0.00000, 'aaaa@qq.com', b'1', b'0', NULL, '2016-02-04 23:06:12', 0, '220.250.40.28', '74b87337454200d4d33f80c4663dc5e5', NULL, 0, '220.250.40.28', NULL, NULL, 'aaaa', '402881862be164ae012be16ab6fd0004'),
	('c966b8e9ec514997a9b17075d6091091', '2015-09-13 15:45:40', NULL, 0.00000, '1a@1a.com', b'1', b'0', NULL, '2016-08-09 08:34:18', 2, '125.89.64.234', '81dc9bdb52d04dc20036dbd8313ed055', NULL, 400, '14.216.112.112', NULL, NULL, 'test', '402881862be164ae012be16ab6fd0004'),
	('c9cbcde145634d819e4c765508d077fd', '2016-05-23 09:52:34', NULL, 0.00000, 'shilianggang@qq.com', b'1', b'0', NULL, '2016-05-23 09:53:21', 0, '119.62.105.6', 'b278f0b78afea2980a6f8d1d04afda57', NULL, 0, '119.62.105.6', NULL, NULL, 'sssllg', '402881862be164ae012be16ab6fd0004'),
	('cb2b1c7b1414484493f7d8666fe8e541', '2016-01-20 15:22:41', NULL, 0.00000, 'asdf@tom.com', b'1', b'0', NULL, '2016-01-20 15:22:41', 0, '61.149.85.218', '059ad453c42ff569e0ace63d24d4bfc7', NULL, 0, '61.149.85.218', NULL, NULL, 'renhairui3', '402881862be164ae012be16ab6fd0004'),
	('cc55f846070b4c55b57726b3301d1b83', '2015-12-29 10:32:19', NULL, 0.00000, 'starglow@163.com', b'1', b'0', NULL, '2015-12-29 10:32:19', 0, '60.29.137.210', 'e10adc3949ba59abbe56e057f20f883e', NULL, 0, '60.29.137.210', NULL, NULL, 'starglow', '402881862be164ae012be16ab6fd0004'),
	('cd21b525e95346df868974b02a0e9897', '2015-11-09 21:24:22', NULL, 0.00000, 'you.conghui@sz.tsinghua.edu.cn', b'1', b'0', NULL, '2015-11-09 21:49:39', 0, '27.38.44.229', 'e10adc3949ba59abbe56e057f20f883e', NULL, 0, '27.38.44.229', NULL, NULL, 'youconghui', '402881862be164ae012be16ab6fd0004'),
	('cdbfcd54824d4c2cb14289570a5df8f5', '2016-01-21 02:02:52', NULL, 0.00000, '332741160@qq.com', b'1', b'0', NULL, '2016-03-06 11:38:35', 0, '223.21.5.154', 'e10adc3949ba59abbe56e057f20f883e', NULL, 0, '115.34.186.32', NULL, NULL, '21th', '402881862be164ae012be16ab6fd0004'),
	('ce03ce603ff94d0e91e6c7d9cbb4fdaf', '2016-04-18 10:08:12', NULL, 0.00000, '18561590689@163.com', b'1', b'0', NULL, '2016-04-18 10:08:12', 0, '58.58.46.30', '139189ea82d7559cc6c34fe72341fccc', NULL, 0, '58.58.46.30', NULL, NULL, '18561590689', '402881862be164ae012be16ab6fd0004'),
	('ce6ebe8a60a64894997d544fa7d5370f', '2015-11-07 13:39:45', NULL, 0.00000, 'huangwenjie2008@163.com', b'1', b'0', NULL, '2015-11-07 13:39:45', 0, '58.254.4.102', '3dc88ea0ca290ab753daadf3c883cc2b', NULL, 0, '58.254.4.102', NULL, NULL, 'hwj2008', '402881862be164ae012be16ab6fd0004'),
	('cf951dc5277a4d4493f8a8f37e4cc7c4', '2015-11-30 17:05:35', NULL, 0.00000, 'niuliang2005@163.com', b'1', b'0', NULL, '2015-11-30 17:05:35', 0, '182.48.117.2', '621242cfce487bc07e9a53b5f1599972', NULL, 0, '182.48.117.2', NULL, NULL, 'hcw', '402881862be164ae012be16ab6fd0004'),
	('d10abee1c68747729f8e35baa836aada', '2016-01-13 10:57:48', NULL, 0.00000, '111@qq.com', b'1', b'0', NULL, '2016-01-13 10:57:48', 0, '117.151.119.12', 'b59c67bf196a4758191e42f76670ceba', NULL, 0, '117.151.119.12', NULL, NULL, '1111', '402881862be164ae012be16ab6fd0004'),
	('d340147dab9e4920a8819c3eda06490b', '2015-11-20 17:58:11', NULL, 0.00000, '870646595@qq.com', b'1', b'0', NULL, '2015-11-20 17:58:11', 0, '124.193.167.1', '761931dd03fe97ae05af9762d1399561', NULL, 0, '124.193.167.1', NULL, NULL, 'yuzhaocai', '402881862be164ae012be16ab6fd0004'),
	('d449eb4310634470adaf2e2e17a21582', '2016-03-10 19:45:22', NULL, 0.00000, '153265953@qq.com', b'1', b'0', NULL, '2016-04-13 22:37:35', 0, '117.28.97.139', 'e10adc3949ba59abbe56e057f20f883e', NULL, 0, '112.5.71.212', NULL, NULL, 'zhangrp888', '402881862be164ae012be16ab6fd0004'),
	('d4dcd061a5c0478ba7bf375e0eb56a16', '2015-08-24 17:45:36', '2016-03-11 14:19:26', 0.00000, 'hycx227@163.com', b'1', b'0', NULL, '2016-03-11 15:19:32', 0, '171.214.139.54', '7adeaf546b7726c8a40fd4c9c2e96653', NULL, 0, '0:0:0:0:0:0:0:1', NULL, NULL, 'hycx4', '402881862be164ae012be16ab6fd0004'),
	('d51d782038874a5e84b2f11deb70ed94', '2016-06-28 16:51:41', NULL, 0.00000, '1083610593@qq.com', b'1', b'0', NULL, '2016-06-28 16:51:41', 0, '175.154.88.80', '7b2e2d184f9253d775ebc26474cbfe4a', NULL, 0, '175.154.88.80', NULL, NULL, 'hmilysean', '402881862be164ae012be16ab6fd0004'),
	('d55880cb47ed4d2a9349bbac32c56ea4', '2016-01-07 15:38:49', NULL, 0.00000, '19096021@qq.com', b'1', b'0', NULL, '2016-01-07 15:38:49', 0, '58.211.49.42', 'b7ea7363c81cd97e5b51af3e2caf0f8e', NULL, 0, '58.211.49.42', NULL, NULL, 'fewkiss', '402881862be164ae012be16ab6fd0004'),
	('d6346485bbb84ec2a14f108724d83497', '2016-07-04 13:04:45', NULL, 0.00000, 'chenzou2005@126.com', b'1', b'0', NULL, '2016-07-04 13:04:45', 0, '36.36.180.239', 'e99a18c428cb38d5f260853678922e03', NULL, 0, '36.36.180.239', NULL, NULL, 'asdfg123', '402881862be164ae012be16ab6fd0004'),
	('d793881cdf8545d6af7fa23e3012239c', '2015-12-16 17:12:56', NULL, 0.00000, 'baoxueit@qq.com', b'1', b'0', NULL, '2015-12-16 17:12:56', 0, '218.18.114.100', 'e10adc3949ba59abbe56e057f20f883e', NULL, 0, '218.18.114.100', NULL, NULL, 'xiaohuizol', '402881862be164ae012be16ab6fd0004'),
	('d80c685943d247be8e1906407fdab1f5', '2016-05-25 16:21:30', NULL, 0.00000, '15025717435@163.com', b'1', b'0', NULL, '2016-05-25 17:29:26', 0, '61.170.169.147', 'e10adc3949ba59abbe56e057f20f883e', NULL, 0, '61.170.169.147', NULL, NULL, 'lock', '402881862be164ae012be16ab6fd0004'),
	('d833981ef44f49f88ad7e6309e0ac84b', '2015-10-10 17:57:54', NULL, 0.00000, '672321@163.com', b'1', b'0', NULL, '2015-10-10 17:57:54', 0, '114.243.134.35', 'e10adc3949ba59abbe56e057f20f883e', NULL, 0, '114.243.134.35', NULL, NULL, 'troy', '402881862be164ae012be16ab6fd0004'),
	('d8dd74b80014449ba03c5695e08d258c', '2016-07-26 17:51:00', NULL, 0.00000, '123@qq.com', b'1', b'0', NULL, '2016-07-26 17:51:00', 0, '219.136.50.75', 'e10adc3949ba59abbe56e057f20f883e', NULL, 0, '219.136.50.75', NULL, NULL, '1231qaz', '402881862be164ae012be16ab6fd0004'),
	('d96a23c7537c4b41b0b555395ddc9ccd', '2016-03-02 09:40:23', NULL, 0.00000, 'yelochina@163.com', b'1', b'0', NULL, '2016-03-02 09:40:23', 0, '218.66.190.74', '7c5462714591a43377120746593af307', NULL, 0, '218.66.190.74', NULL, NULL, 'yelochina', '402881862be164ae012be16ab6fd0004'),
	('da6d5a36693b467686be4cb22b89711d', '2015-12-24 10:59:50', NULL, 0.00000, '2263564410@qq.com', b'1', b'0', NULL, '2015-12-24 10:59:50', 0, '59.40.52.100', '21e3842714476546678a3e617e204cdc', NULL, 0, '59.40.52.100', NULL, NULL, 'mr_dong', '402881862be164ae012be16ab6fd0004'),
	('dab085a2aa8e488480df40492f4e976a', '2016-03-31 20:22:08', NULL, 0.00000, '11115343197@qq.com', b'1', b'0', NULL, '2016-03-31 20:22:08', 0, '113.140.17.90', 'e728b7aa903ec970de992a486fb7d8ff', NULL, 0, '113.140.17.90', NULL, NULL, 'gkko', '402881862be164ae012be16ab6fd0004'),
	('db2e6ddd0436491e8f7e0af34fb91d0b', '2015-10-29 16:48:41', NULL, 0.00000, '123456@qq.com', b'1', b'0', NULL, '2015-10-29 16:48:41', 0, '119.39.3.63', 'e10adc3949ba59abbe56e057f20f883e', NULL, 0, '119.39.3.63', NULL, NULL, 'admin1', '402881862be164ae012be16ab6fd0004'),
	('dd6614635fae4c0bb021600cd207fbbd', '2016-05-04 15:01:11', NULL, 0.00000, '123456@qq.com', b'1', b'0', NULL, '2016-05-04 15:06:09', 0, '211.161.168.169', '34c8725d1846788b7f915f1ef3aea9c2', NULL, 0, '211.161.168.169', NULL, NULL, 'ninghao', '402881862be164ae012be16ab6fd0004'),
	('dd9a6b4be61b478e85557d0daccc62ad', '2015-12-09 16:35:46', NULL, 0.00000, '1003690510@qq.com', b'1', b'0', NULL, '2015-12-09 16:35:46', 0, '113.109.165.3', '29c387da4fb17f6b7fcf319852cf7628', NULL, 0, '113.109.165.3', NULL, NULL, 'justimagine', '402881862be164ae012be16ab6fd0004'),
	('e07f82879b434f75be6724e8b9732f19', '2015-12-20 15:01:29', NULL, 0.00000, '1111111@126.com', b'1', b'0', NULL, '2015-12-20 15:01:29', 0, '61.156.219.212', '7fa8282ad93047a4d6fe6111c93b308a', NULL, 0, '61.156.219.212', NULL, NULL, '1111111', '402881862be164ae012be16ab6fd0004'),
	('e15b8637098842708af0d112a137a7de', '2016-03-14 16:01:28', NULL, 0.00000, 'test@sina.com', b'1', b'0', NULL, '2016-03-14 16:01:28', 0, '61.187.123.93', 'e10adc3949ba59abbe56e057f20f883e', NULL, 0, '61.187.123.93', NULL, NULL, 'abcabc123', '402881862be164ae012be16ab6fd0004'),
	('e2069a70aa484469b61420c658d41c25', '2015-11-10 10:33:44', NULL, 0.00000, 'tets@tet.com', b'1', b'0', NULL, '2015-11-10 16:42:16', 0, '110.104.111.63', 'e10adc3949ba59abbe56e057f20f883e', NULL, 0, '110.104.111.63', NULL, NULL, 'test5', '402881862be164ae012be16ab6fd0004'),
	('e3b876e6be8d4373971e97f9ba1e23a6', '2015-12-21 23:36:44', NULL, 0.00000, 'bb@163.com', b'1', b'0', NULL, '2015-12-21 23:36:44', 0, '113.88.219.220', 'e19d5cd5af0378da05f63f891c7467af', NULL, 0, '113.88.219.220', NULL, NULL, 'kkkkkk', '402881862be164ae012be16ab6fd0004'),
	('e43507c815ea4acf846d5783160dd77f', '2016-06-07 13:51:08', NULL, 0.00000, '1911398892@qq.com', b'1', b'0', NULL, '2016-06-07 13:51:08', 0, '202.106.86.129', 'e10adc3949ba59abbe56e057f20f883e', NULL, 0, '202.106.86.129', NULL, NULL, 'nixs', '402881862be164ae012be16ab6fd0004'),
	('e4b913c4b1a34ab9a4544056cfaa3501', '2015-10-23 09:42:38', NULL, 0.00000, 'gzgyjinning@126.com', b'1', b'0', NULL, '2016-01-25 17:16:20', 0, '1.204.40.116', '022267299dc3137c5ea7d6cd39461191', NULL, 0, '58.16.80.226', NULL, NULL, 'gzgyjinning', '402881862be164ae012be16ab6fd0004'),
	('e58ef20e1d104d71bebf194fb28460f9', '2016-04-21 17:47:03', NULL, 0.00000, 'test@qq.com', b'1', b'0', NULL, '2016-04-21 17:47:03', 0, '117.28.234.34', '1adbb3178591fd5bb0c248518f39bf6d', NULL, 0, '117.28.234.34', NULL, NULL, 'test344', '402881862be164ae012be16ab6fd0004'),
	('e5fa32018f9c4532800e73a31ab50e88', '2016-03-26 22:05:11', NULL, 0.00000, '574588390@qq.com', b'1', b'0', NULL, '2016-03-26 22:05:11', 0, '101.224.51.71', 'e10adc3949ba59abbe56e057f20f883e', NULL, 0, '101.224.51.71', NULL, NULL, 'tanglijiong', '402881862be164ae012be16ab6fd0004'),
	('e6cc431638ac4aaba6641cb277c291d0', '2016-06-04 09:20:55', NULL, 0.00000, '502079461@qq.com', b'1', b'0', NULL, '2016-06-04 09:20:55', 0, '218.86.181.224', 'e10adc3949ba59abbe56e057f20f883e', NULL, 0, '218.86.181.224', NULL, NULL, 'yanyuanboyi', '402881862be164ae012be16ab6fd0004'),
	('e71d4d1b0eff4384aaaefc24f0d6fdfc', '2016-03-30 17:27:05', NULL, 0.00000, 'qwerqe@qq.com', b'1', b'0', NULL, '2016-03-30 17:27:05', 0, '113.116.229.82', 'e10adc3949ba59abbe56e057f20f883e', NULL, 0, '113.116.229.82', NULL, NULL, 'test111111', '402881862be164ae012be16ab6fd0004'),
	('e7b15e031681485c9e2cda4bb89ff839', '2016-05-05 13:39:59', NULL, 0.00000, 'ewew@126.com', b'1', b'0', NULL, '2016-05-05 13:39:59', 0, '218.75.133.243', '5a105e8b9d40e1329780d62ea2265d8a', NULL, 0, '218.75.133.243', NULL, NULL, 'testabc', '402881862be164ae012be16ab6fd0004'),
	('e8eaaae9b8da4d7a9568c0541322e8c5', '2016-01-26 19:40:23', NULL, 0.00000, 'zhlei163@163.com', b'1', b'0', NULL, '2016-01-26 19:40:23', 0, '49.74.66.186', '7ef6156c32f427d713144f67e2ef14d2', NULL, 0, '49.74.66.186', NULL, NULL, 'zhlei163', '402881862be164ae012be16ab6fd0004'),
	('eb533c0e0efe43fab9fb8169f8fe05b8', '2016-01-05 11:32:43', NULL, 0.00000, 'testbb@test.com', b'1', b'0', NULL, '2016-01-05 11:33:14', 0, '202.175.114.227', '120159402acf9c1271212cb9d63618da', NULL, 800, '202.175.114.227', NULL, NULL, 'testbb', '402881862be164ae012be16ab6fd0004'),
	('eb5ced1dba2841a7a8cd36315cb384fc', '2015-11-25 09:59:09', NULL, 0.00000, 'abc@126.com', b'1', b'0', NULL, '2015-11-25 09:59:09', 0, '1.15.46.41', 'e19d5cd5af0378da05f63f891c7467af', NULL, 0, '1.15.46.41', NULL, NULL, 'baibaijingjing', '402881862be164ae012be16ab6fd0004'),
	('eb9e72fd24b74511b91437e74b7effbd', '2015-11-17 09:16:59', NULL, 0.00000, '1@1.com', b'1', b'0', NULL, '2015-11-17 09:16:59', 0, '180.175.195.105', 'e10adc3949ba59abbe56e057f20f883e', NULL, 0, '180.175.195.105', NULL, NULL, '123456zl', '402881862be164ae012be16ab6fd0004'),
	('ed2be3975b7d4a6c99156d87a998dd25', '2016-03-14 14:12:46', NULL, 0.00000, 's21@12.com', b'1', b'0', NULL, '2016-03-14 14:12:46', 0, '182.150.46.4', 'af15d5fdacd5fdfea300e88a8e253e82', NULL, 0, '182.150.46.4', NULL, NULL, 'ssssss', '402881862be164ae012be16ab6fd0004'),
	('edede80203b0494d9a8e9e11cc8cc633', '2015-12-09 15:43:44', NULL, 0.00000, '95874986@qq.com', b'1', b'0', NULL, '2015-12-09 15:43:44', 0, '112.65.187.114', 'e10adc3949ba59abbe56e057f20f883e', NULL, 0, '112.65.187.114', NULL, NULL, 'winner', '402881862be164ae012be16ab6fd0004'),
	('ee37cf8a7cb647ebb85ae10d8d06ec37', '2016-01-08 13:12:54', NULL, 0.00000, 'menjoy@qq.com', b'1', b'0', NULL, '2016-01-08 13:12:54', 0, '106.38.250.232', 'fbdada10f809c75a2bb5820180670e39', NULL, 0, '106.38.250.232', NULL, NULL, 'menjoy', '402881862be164ae012be16ab6fd0004'),
	('f1553304a01f4de4bb0fa15dff9a5246', '2015-10-09 16:17:25', NULL, 0.00000, '1111@qq.com', b'1', b'0', NULL, '2015-10-09 17:38:09', 0, '125.85.76.114', '827ccb0eea8a706c4c34a16891f84e7b', NULL, 299, '125.85.76.114', NULL, NULL, 'admin12345', '402881862be164ae012be16ab6fd0004'),
	('f4d19b901d274049a40fde773adb04ed', '2016-01-28 21:10:33', NULL, 0.00000, 'abc@sina.com', b'1', b'0', NULL, '2016-01-28 21:10:33', 0, '175.9.72.69', 'e10adc3949ba59abbe56e057f20f883e', NULL, 0, '175.9.72.69', NULL, NULL, 'abc123abc', '402881862be164ae012be16ab6fd0004'),
	('f574954ff9024d5abc7bb1df58788214', '2016-05-26 13:08:58', NULL, 0.00000, '555@1.com', b'1', b'0', NULL, '2016-05-26 13:08:58', 0, '221.10.66.179', '6074c6aa3488f3c2dddff2a7ca821aab', NULL, 0, '221.10.66.179', NULL, NULL, '555', '402881862be164ae012be16ab6fd0004'),
	('f6afcd4ade6e4457b4f3edc2371e9327', '2016-04-07 14:11:01', '2016-04-07 14:13:02', 0.00000, 'a@gmail.com', b'1', b'0', NULL, '2016-04-21 11:42:48', 4, '115.236.91.18', '74b87337454200d4d33f80c4663dc5e5', NULL, 0, '61.175.197.202', NULL, NULL, 'zibeen', '402881862be164ae012be16ab6fd0004'),
	('f7d960f635a1431597aaccf1bb9073dc', '2016-05-21 18:36:59', NULL, 0.00000, 'yipinke@qq.com', b'1', b'0', NULL, '2016-05-21 18:36:59', 0, '111.207.57.18', '80d490d0306908cf7716fce5dda4ccd3', NULL, 0, '111.207.57.18', NULL, NULL, 'xiaolu', '402881862be164ae012be16ab6fd0004'),
	('f867a3a1818f4e0dbc14f7500c374f6d', '2015-11-12 09:17:31', NULL, 0.00000, '910225192@qq.com', b'1', b'0', NULL, '2015-11-12 09:17:31', 0, '218.70.106.38', 'e10adc3949ba59abbe56e057f20f883e', NULL, 0, '218.70.106.38', NULL, NULL, 'adminadmin', '402881862be164ae012be16ab6fd0004'),
	('faec1749681a479499865bcbf68fef73', '2016-05-30 14:32:23', NULL, 0.00000, 'test@163.com', b'1', b'0', NULL, '2016-05-30 14:41:25', 0, '183.16.3.246', '81dc9bdb52d04dc20036dbd8313ed055', NULL, 0, '183.16.3.246', NULL, NULL, 'test0809', '402881862be164ae012be16ab6fd0004'),
	('fb812ac0cc2a4da287cce1ba28fb35a2', '2015-12-08 16:09:09', NULL, 0.00000, '1qa2ws@123.com', b'1', b'0', NULL, '2015-12-08 16:09:09', 0, '211.138.9.90', 'dbc50ecb629ac64cc2fdad7bede9daf2', NULL, 0, '211.138.9.90', NULL, NULL, 'hieveryone', '402881862be164ae012be16ab6fd0004'),
	('fbdb1792a1654efe8cdc9c6304032fb8', '2015-09-18 09:21:41', NULL, 0.00000, 'soft66@163.com', b'1', b'0', NULL, '2015-09-18 09:21:41', 0, '171.8.210.236', 'e10adc3949ba59abbe56e057f20f883e', NULL, 0, '171.8.210.236', NULL, NULL, 'freelive', '402881862be164ae012be16ab6fd0004'),
	('fcca61c645434bc694a5edd025d703e4', '2016-05-05 19:47:06', NULL, 0.00000, '761268139@qq.com', b'1', b'0', NULL, '2016-05-05 19:47:06', 0, '125.92.215.120', 'e10adc3949ba59abbe56e057f20f883e', NULL, 0, '125.92.215.120', NULL, NULL, 'www', '402881862be164ae012be16ab6fd0004'),
	('fede43f2941f419eb0360455bd1e1eae', '2016-04-20 13:26:23', NULL, 0.00000, 'xuyk@qinqinhealth.com', b'1', b'0', NULL, '2016-04-20 13:26:23', 0, '106.6.163.35', 'e10adc3949ba59abbe56e057f20f883e', NULL, 0, '106.6.163.35', NULL, NULL, 'zorro', '402881862be164ae012be16ab6fd0004'),
	('ff0d3a555ffe4ddd8cac33e49df240da', '2016-03-29 21:14:18', NULL, 0.00000, '577162324@qq.com', b'1', b'0', NULL, '2016-03-29 21:14:18', 0, '182.106.212.140', '6367483b9def30787d6f422e0c115c0d', NULL, 0, '182.106.212.140', NULL, NULL, 'xjt2016', '402881862be164ae012be16ab6fd0004');
/*!40000 ALTER TABLE `member` ENABLE KEYS */;


-- 导出  表 jfinalshop.memberattribute 结构
CREATE TABLE IF NOT EXISTS `memberattribute` (
  `id` varchar(32) NOT NULL,
  `createDate` datetime DEFAULT NULL,
  `modifyDate` datetime DEFAULT NULL,
  `attributeOptionStore` varchar(255) DEFAULT NULL,
  `attributeType` int(11) NOT NULL,
  `isEnabled` bit(1) NOT NULL,
  `isRequired` bit(1) NOT NULL,
  `name` varchar(255) NOT NULL,
  `orderList` int(11) NOT NULL,
  PRIMARY KEY (`id`),
  UNIQUE KEY `name` (`name`)
) ENGINE=InnoDB DEFAULT CHARSET=utf8;

-- 正在导出表  jfinalshop.memberattribute 的数据：~6 rows (大约)
/*!40000 ALTER TABLE `memberattribute` DISABLE KEYS */;
INSERT INTO `memberattribute` (`id`, `createDate`, `modifyDate`, `attributeOptionStore`, `attributeType`, `isEnabled`, `isRequired`, `name`, `orderList`) VALUES
	('14227290849e4ee0ba329e5b5a4f21ec', '2014-12-11 16:18:37', NULL, NULL, 7, b'1', b'0', '性别', 50),
	('2a5902b30a5f43f0b81e93bbc316c9f9', '2014-12-11 16:23:32', NULL, NULL, 8, b'1', b'0', '生日', 50),
	('402881882badb4ed012badb9b16d0003', '2010-10-15 10:30:49', '2010-10-27 22:18:20', NULL, 12, b'1', b'0', '手机', 0),
	('402881882badb4ed012badc9b4ab0013', '2010-10-15 10:48:18', '2010-10-27 22:19:22', NULL, 14, b'1', b'0', '联系QQ', 3),
	('402881882badb4ed012badca1d480014', '2010-10-15 10:48:45', '2010-10-27 22:19:17', NULL, 10, b'1', b'0', '联系地址', 2),
	('9e1fa1715c28488f8ab7907c8ce63410', '2014-12-11 16:20:27', NULL, NULL, 16, b'1', b'0', '旺旺', 50);
/*!40000 ALTER TABLE `memberattribute` ENABLE KEYS */;


-- 导出  表 jfinalshop.memberrank 结构
CREATE TABLE IF NOT EXISTS `memberrank` (
  `id` varchar(32) NOT NULL,
  `createDate` datetime DEFAULT NULL,
  `modifyDate` datetime DEFAULT NULL,
  `isDefault` bit(1) NOT NULL,
  `name` varchar(255) NOT NULL,
  `point` int(11) NOT NULL,
  `preferentialScale` double NOT NULL,
  PRIMARY KEY (`id`),
  UNIQUE KEY `name` (`name`),
  UNIQUE KEY `point` (`point`)
) ENGINE=InnoDB DEFAULT CHARSET=utf8;

-- 正在导出表  jfinalshop.memberrank 的数据：~4 rows (大约)
/*!40000 ALTER TABLE `memberrank` DISABLE KEYS */;
INSERT INTO `memberrank` (`id`, `createDate`, `modifyDate`, `isDefault`, `name`, `point`, `preferentialScale`) VALUES
	('402881862be164ae012be16ab6fd0004', '2010-10-25 11:24:48', '2010-10-25 11:25:44', b'1', '普通会员', 0, 100),
	('402881862be164ae012be16affce0005', '2010-10-25 11:25:07', '2010-10-27 23:00:12', b'0', '高级会员', 5000, 96),
	('402881862bedd9fc012bee0b65170005', '2010-10-27 22:15:45', '2010-10-27 23:00:35', b'0', '白金会员', 10000, 93),
	('402881862bedd9fc012bee0bb9800006', '2010-10-27 22:16:07', '2010-10-27 23:00:43', b'0', '钻石会员', 50000, 90);
/*!40000 ALTER TABLE `memberrank` ENABLE KEYS */;


-- 导出  表 jfinalshop.member_memberattributemapstore 结构
CREATE TABLE IF NOT EXISTS `member_memberattributemapstore` (
  `member_id` varchar(32) NOT NULL,
  `element` varchar(255) DEFAULT NULL,
  `mapkey_id` varchar(32) NOT NULL,
  PRIMARY KEY (`member_id`,`mapkey_id`),
  KEY `FK854979A267DDC435` (`mapkey_id`),
  KEY `FK854979A2CA10C3E` (`member_id`),
  CONSTRAINT `FK854979A267DDC435` FOREIGN KEY (`mapkey_id`) REFERENCES `memberattribute` (`id`),
  CONSTRAINT `FK854979A2CA10C3E` FOREIGN KEY (`member_id`) REFERENCES `member` (`id`)
) ENGINE=InnoDB DEFAULT CHARSET=utf8;

-- 正在导出表  jfinalshop.member_memberattributemapstore 的数据：~22 rows (大约)
/*!40000 ALTER TABLE `member_memberattributemapstore` DISABLE KEYS */;
INSERT INTO `member_memberattributemapstore` (`member_id`, `element`, `mapkey_id`) VALUES
	('150c791333b24223b4e12bf0fe1730e6', '13798064110', '402881882badb4ed012badb9b16d0003'),
	('60a825648b30481b80d010c1d96c1dac', 'male', '14227290849e4ee0ba329e5b5a4f21ec'),
	('60a825648b30481b80d010c1d96c1dac', '2014-12-23', '2a5902b30a5f43f0b81e93bbc316c9f9'),
	('60a825648b30481b80d010c1d96c1dac', '13798064110', '402881882badb4ed012badb9b16d0003'),
	('60a825648b30481b80d010c1d96c1dac', '123', '402881882badb4ed012badc9b4ab0013'),
	('60a825648b30481b80d010c1d96c1dac', '1234567', '402881882badb4ed012badca1d480014'),
	('60a825648b30481b80d010c1d96c1dac', '333', '9e1fa1715c28488f8ab7907c8ce63410'),
	('7c2d461372d54a97bde893384c7fdc15', 'male', '14227290849e4ee0ba329e5b5a4f21ec'),
	('7c2d461372d54a97bde893384c7fdc15', '2016-05-04', '2a5902b30a5f43f0b81e93bbc316c9f9'),
	('7c2d461372d54a97bde893384c7fdc15', '18612713746', '402881882badb4ed012badb9b16d0003'),
	('7c2d461372d54a97bde893384c7fdc15', '327058131', '402881882badb4ed012badc9b4ab0013'),
	('7c2d461372d54a97bde893384c7fdc15', '北京市通州区', '402881882badb4ed012badca1d480014'),
	('d4dcd061a5c0478ba7bf375e0eb56a16', 'male', '14227290849e4ee0ba329e5b5a4f21ec'),
	('d4dcd061a5c0478ba7bf375e0eb56a16', '2014-12-08', '2a5902b30a5f43f0b81e93bbc316c9f9'),
	('d4dcd061a5c0478ba7bf375e0eb56a16', '7894564', '402881882badb4ed012badc9b4ab0013'),
	('d4dcd061a5c0478ba7bf375e0eb56a16', 'sfdsafdafds', '402881882badb4ed012badca1d480014'),
	('d4dcd061a5c0478ba7bf375e0eb56a16', 'fdsafdsfdfs', '9e1fa1715c28488f8ab7907c8ce63410'),
	('f6afcd4ade6e4457b4f3edc2371e9327', 'male', '14227290849e4ee0ba329e5b5a4f21ec'),
	('f6afcd4ade6e4457b4f3edc2371e9327', '2016-03-29', '2a5902b30a5f43f0b81e93bbc316c9f9'),
	('f6afcd4ade6e4457b4f3edc2371e9327', '11111111111', '402881882badb4ed012badb9b16d0003'),
	('f6afcd4ade6e4457b4f3edc2371e9327', '111', '402881882badb4ed012badc9b4ab0013'),
	('f6afcd4ade6e4457b4f3edc2371e9327', '111', '402881882badb4ed012badca1d480014');
/*!40000 ALTER TABLE `member_memberattributemapstore` ENABLE KEYS */;


-- 导出  表 jfinalshop.member_product 结构
CREATE TABLE IF NOT EXISTS `member_product` (
  `favoriteMemberSet_id` varchar(32) NOT NULL,
  `favoriteProductSet_id` varchar(32) NOT NULL,
  PRIMARY KEY (`favoriteMemberSet_id`,`favoriteProductSet_id`),
  KEY `FK9460284A15D7A056` (`favoriteProductSet_id`),
  KEY `FK9460284A686A142C` (`favoriteMemberSet_id`),
  CONSTRAINT `FK9460284A15D7A056` FOREIGN KEY (`favoriteProductSet_id`) REFERENCES `product` (`id`),
  CONSTRAINT `FK9460284A686A142C` FOREIGN KEY (`favoriteMemberSet_id`) REFERENCES `member` (`id`)
) ENGINE=InnoDB DEFAULT CHARSET=utf8;

-- 正在导出表  jfinalshop.member_product 的数据：~35 rows (大约)
/*!40000 ALTER TABLE `member_product` DISABLE KEYS */;
INSERT INTO `member_product` (`favoriteMemberSet_id`, `favoriteProductSet_id`) VALUES
	('659bd9f7a45f4ba38e9a07c851bb53c0', '04130566133846128ef3f73e528a88b3'),
	('88501e14350d43468ac6ed008f615377', '04130566133846128ef3f73e528a88b3'),
	('3d678b56c05e4523bb31a627426063f5', '0a35bfcc4252486a86ca5d6e21782dd0'),
	('65cde7ac52d54f0aa1ddd68e09641ec8', '0a35bfcc4252486a86ca5d6e21782dd0'),
	('229bdf15f1c242159a214acc00e4d4c2', '0d632eb885f441d5a0233168dd9fb986'),
	('36e15ec41f124799b61bc6f37adf9ba5', '14a71d88fc11461881294757c7c430b4'),
	('650af84fe9cb4b2a91ff9ae776669fb0', '14a71d88fc11461881294757c7c430b4'),
	('d80c685943d247be8e1906407fdab1f5', '14a71d88fc11461881294757c7c430b4'),
	('650af84fe9cb4b2a91ff9ae776669fb0', '2b61411ed3fd4ec392d2abfc4f11370b'),
	('88501e14350d43468ac6ed008f615377', '4f5e5aa3e3e84bf4a89e0263cd12b081'),
	('c966b8e9ec514997a9b17075d6091091', '4f5e5aa3e3e84bf4a89e0263cd12b081'),
	('f1553304a01f4de4bb0fa15dff9a5246', '4f5e5aa3e3e84bf4a89e0263cd12b081'),
	('b96e198732074d28a368ab91de5ca72b', '6402339746e04840932a5d400dcc8654'),
	('d793881cdf8545d6af7fa23e3012239c', '6402339746e04840932a5d400dcc8654'),
	('d80c685943d247be8e1906407fdab1f5', '6402339746e04840932a5d400dcc8654'),
	('3d678b56c05e4523bb31a627426063f5', '75f0cf2253974031a2ab4a53dc75c14c'),
	('65cde7ac52d54f0aa1ddd68e09641ec8', '75f0cf2253974031a2ab4a53dc75c14c'),
	('5e3948a3091c44609598cf5f52f92ee3', '7fce9b1083054c32afeb57d4cab3f3ae'),
	('e2069a70aa484469b61420c658d41c25', '90a7c694b536492e9e51db72e90c1fe4'),
	('3d678b56c05e4523bb31a627426063f5', 'b64bae8052b94f8fb6d7bc72650ba675'),
	('811f6a5b799f45a5922f060a601528f2', 'b64bae8052b94f8fb6d7bc72650ba675'),
	('b16333b508e64c65b14e2b1cc2d1abf2', 'b64bae8052b94f8fb6d7bc72650ba675'),
	('15407d714c764b2695626b2b4bf62e89', 'cb5125a89dab4957bb2bb2786ce29bc0'),
	('36e15ec41f124799b61bc6f37adf9ba5', 'cb5125a89dab4957bb2bb2786ce29bc0'),
	('650af84fe9cb4b2a91ff9ae776669fb0', 'cb5125a89dab4957bb2bb2786ce29bc0'),
	('821352f2c5264eb799d35dd1077aa26c', 'cb5125a89dab4957bb2bb2786ce29bc0'),
	('ba67d3cf36144db79ed3adaebac386bc', 'cb5125a89dab4957bb2bb2786ce29bc0'),
	('15407d714c764b2695626b2b4bf62e89', 'd194eca0c5f44a7ab8d496ec922860a1'),
	('3d678b56c05e4523bb31a627426063f5', 'd194eca0c5f44a7ab8d496ec922860a1'),
	('65cde7ac52d54f0aa1ddd68e09641ec8', 'd194eca0c5f44a7ab8d496ec922860a1'),
	('3d678b56c05e4523bb31a627426063f5', 'd49107a6a41141b0abc4f750a1db0306'),
	('15407d714c764b2695626b2b4bf62e89', 'ef1390d6cf49418398e7c307297e5dc1'),
	('21496ddcdadb4e3c954b5964cb138bad', 'f00b604b04d749a78bb3c7f4ae0ea002'),
	('3d678b56c05e4523bb31a627426063f5', 'f00b604b04d749a78bb3c7f4ae0ea002'),
	('150c791333b24223b4e12bf0fe1730e6', 'f21d18e67f274262bd836d1dea7c30f1');
/*!40000 ALTER TABLE `member_product` ENABLE KEYS */;


-- 导出  表 jfinalshop.menu 结构
CREATE TABLE IF NOT EXISTS `menu` (
  `id` bigint(20) NOT NULL AUTO_INCREMENT COMMENT 'ID',
  `name` varchar(255) NOT NULL COMMENT '名字',
  `url` varchar(255) DEFAULT NULL COMMENT 'URL',
  `icon` varchar(255) DEFAULT NULL COMMENT '图标',
  `isEnabled` bit(1) NOT NULL DEFAULT b'1' COMMENT '是否启用 0=禁用(false)，1=启用(true)',
  `orderList` int(11) NOT NULL DEFAULT '0' COMMENT '排序',
  `parent_id` bigint(20) NOT NULL DEFAULT '0' COMMENT '菜单父ID',
  `createDate` datetime DEFAULT NULL COMMENT '创建日期',
  `modifyDate` datetime DEFAULT NULL COMMENT '最后修改日期',
  PRIMARY KEY (`id`)
) ENGINE=InnoDB AUTO_INCREMENT=44 DEFAULT CHARSET=utf8 COMMENT='菜单';

-- 正在导出表  jfinalshop.menu 的数据：~42 rows (大约)
/*!40000 ALTER TABLE `menu` DISABLE KEYS */;
INSERT INTO `menu` (`id`, `name`, `url`, `icon`, `isEnabled`, `orderList`, `parent_id`, `createDate`, `modifyDate`) VALUES
	(1, '商品管理', NULL, 'fa-tasks', b'1', 0, 0, '2015-08-30 13:58:35', NULL),
	(2, '商品列表', '/product/list', '', b'1', 1, 1, '2015-08-30 13:58:36', NULL),
	(3, '添加商品', '/product/add', NULL, b'1', 2, 1, '2015-08-30 13:58:37', NULL),
	(4, '分类列表', '/productCategory/list', NULL, b'1', 3, 1, '2015-08-30 13:59:06', NULL),
	(5, '添加分类', '/productCategory/add', NULL, b'1', 4, 1, '2015-08-30 13:59:33', NULL),
	(6, '类型列表', '/productType/list', NULL, b'1', 5, 1, '2015-08-30 14:00:02', NULL),
	(7, '属性列表', '/productAttribute/list', NULL, b'1', 6, 1, '2015-08-30 14:00:29', NULL),
	(8, '品牌列表', '/brand/list', NULL, b'1', 7, 1, '2015-08-30 14:00:54', NULL),
	(9, '添加品牌', '/brand/add', NULL, b'1', 8, 1, '2015-08-30 14:01:18', NULL),
	(10, '订单管理', NULL, 'fa-shopping-cart', b'1', 1, 0, '2015-08-30 14:01:44', NULL),
	(11, '订单列表', '/order/list', NULL, b'1', 1, 10, '2015-08-30 14:02:14', NULL),
	(12, '收款单', '/payment/list', NULL, b'1', 2, 10, '2015-08-30 14:02:39', NULL),
	(13, '退款单', '/refund/list', NULL, b'1', 3, 10, '2015-08-30 14:03:03', NULL),
	(14, '发货单', '/shipping/list', NULL, b'1', 4, 10, '2015-08-30 14:03:25', NULL),
	(15, '退货单', '/reship/list', NULL, b'1', 5, 10, '2015-08-30 14:03:53', NULL),
	(16, '内容管理', NULL, 'fa-rss-square', b'1', 2, 0, '2015-08-30 14:05:04', NULL),
	(17, '文章管理', '/article/list', NULL, b'1', 1, 16, '2015-08-30 14:05:40', NULL),
	(18, '文章分类', '/articleCategory/list', NULL, b'1', 2, 16, '2015-08-30 14:06:06', NULL),
	(19, '导航管理', '/navigation/list', NULL, b'1', 3, 16, '2015-08-30 14:06:42', NULL),
	(20, '友情链接', '/friendLink/list', NULL, b'1', 4, 16, '2015-08-30 14:07:28', NULL),
	(21, '网页底部信息', '/footer/edit', NULL, b'1', 5, 16, '2015-08-30 14:07:53', NULL),
	(22, '会员注册协议', '/agreement/edit', NULL, b'1', 6, 16, '2015-08-30 14:08:09', NULL),
	(23, '模板管理', NULL, 'fa-file-text', b'1', 3, 0, '2015-08-30 14:09:21', NULL),
	(24, '动态模板管理', '/templateDynamic/list', NULL, b'1', 1, 23, '2015-08-30 14:09:48', NULL),
	(25, '静态模板管理', '/templateHtml/list', NULL, b'1', 2, 23, '2015-08-30 14:10:29', NULL),
	(26, '邮件模板管理', '/templateMail/list', NULL, b'1', 3, 23, '2015-08-30 14:10:51', NULL),
	(27, '一键网站更新', '/buildHtml/allInput', NULL, b'1', 4, 23, '2015-08-30 14:11:19', NULL),
	(28, '文章更新', '/buildHtml/articleInput', NULL, b'1', 5, 23, '2015-08-30 14:11:43', NULL),
	(29, '商品更新', '/buildHtml/productInput', NULL, b'1', 6, 23, '2015-08-30 14:12:04', NULL),
	(30, '管理员', NULL, 'fa-user', b'1', 4, 0, '2015-08-30 14:12:24', NULL),
	(32, '角色管理', '/role/list', NULL, b'1', 0, 30, '2015-08-30 14:13:39', NULL),
	(33, '资源管理', '/resource/list', NULL, b'1', 0, 30, '2015-08-30 14:14:01', NULL),
	(34, '收件箱', '/message/inbox', NULL, b'1', 0, 30, '2015-08-30 14:14:31', NULL),
	(35, '发件箱', '/message/outbox', NULL, b'1', 0, 30, '2015-08-30 14:14:52', NULL),
	(36, '查看日志', '/log/list', NULL, b'1', 0, 30, '2015-08-30 14:15:20', NULL),
	(37, '日志配置', '/logConfig/list', NULL, b'1', 0, 30, '2015-08-30 14:15:45', NULL),
	(38, '网站设置', NULL, 'fa-wrench', b'1', 4, 0, '2015-08-30 14:16:12', NULL),
	(39, '系统设置', '/systemConfig/edit', NULL, b'1', 0, 38, '2015-08-30 14:17:40', NULL),
	(40, '支付方式', '/paymentConfig/list', NULL, b'1', 0, 38, '2015-08-30 14:18:07', NULL),
	(41, '配送方式', '/deliveryType/list', NULL, b'1', 0, 38, '2015-08-30 14:18:32', NULL),
	(42, '地区管理', '/area/list', NULL, b'1', 0, 38, '2015-08-30 14:18:55', NULL),
	(43, '物流公司', '/deliveryCorp/list', NULL, b'1', 0, 38, '2015-08-30 14:19:20', NULL);
/*!40000 ALTER TABLE `menu` ENABLE KEYS */;


-- 导出  表 jfinalshop.message 结构
CREATE TABLE IF NOT EXISTS `message` (
  `id` varchar(32) NOT NULL,
  `createDate` datetime DEFAULT NULL,
  `modifyDate` datetime DEFAULT NULL,
  `content` text NOT NULL,
  `deleteStatus` int(11) NOT NULL,
  `isRead` bit(1) NOT NULL,
  `isSaveDraftbox` bit(1) NOT NULL,
  `title` varchar(255) NOT NULL,
  `fromMember_id` varchar(32) DEFAULT NULL,
  `toMember_id` varchar(32) DEFAULT NULL,
  PRIMARY KEY (`id`),
  KEY `FK9C2397E7145FF3D4` (`fromMember_id`),
  KEY `FK9C2397E7701A1823` (`toMember_id`),
  CONSTRAINT `FK9C2397E7145FF3D4` FOREIGN KEY (`fromMember_id`) REFERENCES `member` (`id`),
  CONSTRAINT `FK9C2397E7701A1823` FOREIGN KEY (`toMember_id`) REFERENCES `member` (`id`)
) ENGINE=InnoDB DEFAULT CHARSET=utf8;

-- 正在导出表  jfinalshop.message 的数据：~10 rows (大约)
/*!40000 ALTER TABLE `message` DISABLE KEYS */;
INSERT INTO `message` (`id`, `createDate`, `modifyDate`, `content`, `deleteStatus`, `isRead`, `isSaveDraftbox`, `title`, `fromMember_id`, `toMember_id`) VALUES
	('0aa265b3712847ce966e653d614f909b', '2015-12-16 19:05:24', NULL, '12', 0, b'1', b'0', '2', '229bdf15f1c242159a214acc00e4d4c2', NULL),
	('3e7e305cb339460894b2dc9873852f8a', '2015-11-10 18:03:31', NULL, 'aaaaa', 0, b'1', b'0', 'aaa', '15407d714c764b2695626b2b4bf62e89', NULL),
	('840f86c0705f4f9892896009dbacd4a6', '2016-04-19 10:37:49', NULL, '说好这是个测试的', 0, b'1', b'0', '这是个测试', 'ac1f13b4faa14efcbca74f21f87b9f2a', NULL),
	('875afc84b36846a6a7297a6d7f08cec3', '2016-01-04 11:18:40', '2016-01-25 13:46:59', 'dfsa', 0, b'1', b'0', 'dfsa', NULL, '15407d714c764b2695626b2b4bf62e89'),
	('9d4ac86ffd6a4be8ba68684e682e352a', '2016-04-07 14:12:09', NULL, 'adf', 0, b'0', b'0', 'nihao', 'f6afcd4ade6e4457b4f3edc2371e9327', NULL),
	('9f5ff32f5cd44d048960830fa45314a5', '2016-01-03 10:01:10', '2016-01-25 13:47:12', 'ddddddddddd', 2, b'1', b'0', 'ddd', NULL, '15407d714c764b2695626b2b4bf62e89'),
	('cc53ba1e1ad149c98ff1a560440ecd11', '2016-05-06 14:45:38', '2016-05-06 14:45:43', '23afsdfer', 1, b'0', b'0', 'we2134', 'a0b75adb1e174b7bb89e0dbd42845aa8', '15407d714c764b2695626b2b4bf62e89'),
	('e29596e164124ff89e3c99f966701248', '2015-12-09 19:36:27', NULL, '123412341234', 0, b'1', b'0', '1234', '0d6e9585dacc4e8c9f5999494c47a98e', NULL),
	('f6527587eb4b4944bafa3c9828c5d0a1', '2016-08-23 13:49:55', NULL, 'dfsa', 0, b'1', b'0', 'dfsa', '15407d714c764b2695626b2b4bf62e89', NULL),
	('f8464062e22b4657997c6616742e01f9', '2015-10-22 20:25:32', '2015-10-22 20:25:38', 'sssss', 1, b'1', b'0', 'sss', '15407d714c764b2695626b2b4bf62e89', NULL);
/*!40000 ALTER TABLE `message` ENABLE KEYS */;


-- 导出  表 jfinalshop.navigation 结构
CREATE TABLE IF NOT EXISTS `navigation` (
  `id` varchar(32) NOT NULL,
  `createDate` datetime DEFAULT NULL,
  `modifyDate` datetime DEFAULT NULL,
  `isBlankTarget` bit(1) NOT NULL,
  `isVisible` bit(1) NOT NULL,
  `name` varchar(255) NOT NULL,
  `orderList` int(11) NOT NULL,
  `position` int(11) NOT NULL,
  `url` varchar(255) NOT NULL,
  PRIMARY KEY (`id`)
) ENGINE=InnoDB DEFAULT CHARSET=utf8;

-- 正在导出表  jfinalshop.navigation 的数据：~15 rows (大约)
/*!40000 ALTER TABLE `navigation` DISABLE KEYS */;
INSERT INTO `navigation` (`id`, `createDate`, `modifyDate`, `isBlankTarget`, `isVisible`, `name`, `orderList`, `position`, `url`) VALUES
	('402881882ba98cce012ba9d6e43c001e', '2010-10-14 16:24:14', '2010-10-27 22:06:32', b'0', b'1', '购物流程', 0, 2, '/html/article_content/201010/9102600e47b7401b843ad3722e1e9b70.html'),
	('402881882ba98cce012ba9db98a4001f', '2010-10-14 16:29:22', '2010-10-27 22:06:42', b'0', b'1', '网站制度', 0, 2, '/html/article_content/201010/90eb7634990341909027a5e20245b3e1.html'),
	('402881882ba98cce012ba9dbe8c80020', '2010-10-14 16:29:42', '2010-10-27 22:06:51', b'0', b'1', '订单查询', 0, 2, '/html/article_content/201010/50588403d9dd494c9035fa763e49e112.html'),
	('402881882ba98cce012baa5805da0027', '2010-10-14 18:45:16', '2010-10-27 22:06:58', b'0', b'1', '积分说明', 0, 2, '/html/article_content/201010/390aed8de096473aa3fd928c25bf9fb9.html'),
	('402881882ba98cce012baa5888780028', '2010-10-14 18:45:50', '2010-10-27 22:07:06', b'0', b'1', '会员注册协议', 0, 2, '/html/article_content/201010/c55109104bb241c7a51605602b1531df.html'),
	('402881882ba98cce012baa58f1440029', '2010-10-14 18:46:17', '2010-10-27 22:42:41', b'0', b'1', '会员等级', 0, 2, '/html/article_content/201010/0340b92488ca464aa8d545fb899dcd25.html'),
	('402881882ba98cce012baa5945fb002a', '2010-10-14 18:46:38', '2010-10-27 23:00:07', b'0', b'1', '网上支付', 0, 2, '/html/article_content/201010/fd97e448663c4f5a8f033743328a8038.html'),
	('402881882ba98cce012baa598d84002b', '2010-10-14 18:46:57', '2010-10-27 22:59:33', b'0', b'1', '邮局汇款', 0, 2, '/html/article_content/201010/fd97e448663c4f5a8f033743328a8038.html'),
	('402881882ba98cce012baa5a7ce5002d', '2010-10-14 18:47:58', '2010-10-27 22:09:04', b'0', b'1', '退货政策', 0, 2, '/html/article_content/201010/ac6f0b7c351c41058dc800ea0091e26c.html'),
	('402881882ba98cce012baa5ac42f002e', '2010-10-14 18:48:16', '2010-10-27 22:09:13', b'0', b'1', '关于我们', 0, 2, '/html/article_content/201010/070088f2df794b26b03bdf022565f1f2.html'),
	('402881882ba98cce012baa5b09c4002f', '2010-10-14 18:48:34', '2015-12-17 18:07:22', b'0', b'1', '发票制度说明', 0, 0, '/html/article_content/201010/82c2ffe3f0234a6ba2aed4727a75a19a.html'),
	('402881882ba98cce012baa5b4ad40030', '2010-10-14 18:48:51', '2015-12-17 18:06:51', b'0', b'1', '常见问题', 0, 0, '/html/article_content/201010/cb4b35cc2fd14ddbb20b49d7637fab2f.html'),
	('402881882badb4ed012badc775b70012', '2010-10-15 10:45:51', '2010-10-27 22:05:11', b'0', b'1', '首页', 0, 1, '/'),
	('402881882bbdfe19012bbe924ac10014', '2010-10-18 17:01:19', '2015-01-09 17:20:52', b'1', b'1', '关于我们', 2, 0, '/html/article_content/201010/5010509a555548939840a3103d3cea71.html'),
	('7756cf3a0c35444ba9c6af42519b7140', '2015-11-09 23:50:04', NULL, b'0', b'1', '团购', 1, 1, 'www.jfinalshop.com');
/*!40000 ALTER TABLE `navigation` ENABLE KEYS */;


-- 导出  表 jfinalshop.orderitem 结构
CREATE TABLE IF NOT EXISTS `orderitem` (
  `id` varchar(32) NOT NULL,
  `createDate` datetime DEFAULT NULL,
  `modifyDate` datetime DEFAULT NULL,
  `deliveryQuantity` int(11) NOT NULL,
  `productHtmlFilePath` varchar(255) NOT NULL,
  `productName` varchar(255) NOT NULL,
  `productPrice` decimal(15,5) NOT NULL,
  `productQuantity` int(11) NOT NULL,
  `productSn` varchar(255) NOT NULL,
  `totalDeliveryQuantity` int(11) NOT NULL,
  `order_id` varchar(32) NOT NULL,
  `product_id` varchar(32) DEFAULT NULL,
  PRIMARY KEY (`id`),
  KEY `FK60163F613F4585B6` (`order_id`),
  KEY `FK60163F61F4E7D716` (`product_id`),
  CONSTRAINT `FK60163F613F4585B6` FOREIGN KEY (`order_id`) REFERENCES `orders` (`id`),
  CONSTRAINT `FK60163F61F4E7D716` FOREIGN KEY (`product_id`) REFERENCES `product` (`id`)
) ENGINE=InnoDB DEFAULT CHARSET=utf8;

-- 正在导出表  jfinalshop.orderitem 的数据：~204 rows (大约)
/*!40000 ALTER TABLE `orderitem` DISABLE KEYS */;
INSERT INTO `orderitem` (`id`, `createDate`, `modifyDate`, `deliveryQuantity`, `productHtmlFilePath`, `productName`, `productPrice`, `productQuantity`, `productSn`, `totalDeliveryQuantity`, `order_id`, `product_id`) VALUES
	('0087681bca1b46cf98e391f3a788ecf5', '2016-04-17 21:09:06', NULL, 0, '/html/product_content/201501/7bb5a5692a164d6d93af2ff318808185.html', 'SKG 1638 家用静音电陶炉 不锈钢 包邮特价 无辐射黑晶炉', 179.00000, 1, 'SN_EB60E254149C', 0, '7b0c92ea765d404ca7c58002aa061003', '6402339746e04840932a5d400dcc8654'),
	('01859c3a335440b5a5f10bce8a0f0191', '2016-04-19 09:28:50', NULL, 0, '/html/product_content/201601/f41eae0470144915912fb140daad0cc2.html', '啊沙发沙发', 123.00000, 1, 'SN_DBA1517711C0', 0, 'af2571b9fca241ebae1749d8ecf042a0', '14a71d88fc11461881294757c7c430b4'),
	('039f2bb3e16a4a048d0c81bc945ec6c0', '2016-05-17 17:45:54', NULL, 0, '/html/product_content/201601/ef704dd23c774dffb7330e72674f1a07.html', 'xcdsf', 2.00000, 3, 'asdf', 0, '9b24d7a64bb64d17a948f15976d095be', '822dacb55ec248fbbd0f4cc11b5ae212'),
	('05f1db5c680846e591c73ac1205b3421', '2016-01-21 18:02:05', NULL, 0, '/html/product_content/201601/1b45d43d1a164a7183c768b6b071c397.html', '测试商品', 11.00000, 1, '测试商品', 0, 'a890a15a3e8446b49e7585b4fd2b4b39', '80e1e02c67d642fb8e19cca211569d09'),
	('072823fb56ed4342819fe516c15665c9', '2016-04-06 23:28:25', NULL, 0, '/html/product_content/201601/f41eae0470144915912fb140daad0cc2.html', '啊沙发沙发', 123.00000, 1, 'SN_DBA1517711C0', 0, '2e710997aa5f40238785a25e509a1c8d', '14a71d88fc11461881294757c7c430b4'),
	('0757add6a8a8466993cd4321435eef15', '2016-01-15 23:18:41', NULL, 0, '/html/product_content/201509/272c07966a984c8095c64d4b5f0a49bd.html', 'test', 199.00000, 1, '1345', 0, 'cec4176760ef41fc9453eaf1f0b68ee6', '04130566133846128ef3f73e528a88b3'),
	('0793aee650f34bb3ad63bf981888c789', '2015-11-17 09:54:02', NULL, 0, '/html/product_content/201511/2e2713bfbebf427080bdf044e706858c.html', 'test', 1000.00000, 6, 'SN_E07B66B41255', 0, '97e939fc011a43838c3fc1e5ba9d7af8', 'd194eca0c5f44a7ab8d496ec922860a1'),
	('0945872e02464a2ca552966ad7c05b89', '2016-04-27 08:53:02', NULL, 0, '/html/product_content/201509/51fe089a98784684b4b1d6fdf839aadb.html', '1', 200.00000, 2, '2', 0, '3cd481eebbb64513923ba8e35d66bd95', 'f00b604b04d749a78bb3c7f4ae0ea002'),
	('0b09e30d522749cd98da218d27e82be4', '2016-04-11 10:48:17', NULL, 0, '/html/product_content/201601/0a6a1d0100ed41cea561e5be50f7fe48.html', '测试商品', 0.00000, 1, 'ceshi20160122', 0, 'd705cf90a9594470a9ce19dde6480a71', '3d82df4cbd7b491ebecf226e19f2e847'),
	('0cb2f1f1da1f466ebff22609330b9421', '2016-10-08 14:16:52', NULL, 0, '/html/product_content/201606/870410d0abef47b0a67650afc5243dd9.html', '1', 6000.00000, 1, 'SN_BA612A76A5CC', 0, '764cb87e45304cc18f345565f926e181', '5f240116e10c40ba87924014c4630d6a'),
	('0d937475c34948e9986a987363a64a59', '2016-06-20 12:00:19', NULL, 0, '/html/product_content/201601/1b45d43d1a164a7183c768b6b071c397.html', '测试商品', 11.00000, 1, '测试商品', 0, '9c225ad1a5df4e4c863a70f68221781e', '80e1e02c67d642fb8e19cca211569d09'),
	('0e64575dfd8a4e2eafb56bf4bdbdd859', '2016-01-02 14:29:01', NULL, 0, '/html/product_content/201509/272c07966a984c8095c64d4b5f0a49bd.html', 'test', 199.00000, 1, '1345', 0, '8169ef843e0f4bbb882a838c6c325d13', '04130566133846128ef3f73e528a88b3'),
	('11f9701358444951b69a9e11ac2ba970', '2016-04-07 14:17:40', NULL, 0, '/html/product_content/201501/709936434ae64444b52dd29edda6618a.html', '新款SKG GW3315榨汁机 不锈钢 婴儿榨汁机 出汁率高 特价ZZ1318', 299.00000, 1, 'SN_E322127BDD6A', 0, '06e7cf496ad14e979c57206288c3ccd2', '4f5e5aa3e3e84bf4a89e0263cd12b081'),
	('124bfdeb77e04487a48209008a924129', '2016-04-20 13:32:59', NULL, 0, '/html/product_content/201511/2e2713bfbebf427080bdf044e706858c.html', 'test', 1000.00000, 1, 'SN_E07B66B41255', 0, '6c25a4a4779d40c69e9a0bbe42fdf19f', 'd194eca0c5f44a7ab8d496ec922860a1'),
	('130e854f12be4362aa749ad9a827ceab', '2016-04-20 13:28:47', NULL, 0, '/html/product_content/201601/0a6a1d0100ed41cea561e5be50f7fe48.html', '测试商品', 0.00000, 1, 'ceshi20160122', 0, 'c7ba288418ab4636b0173376148d89d1', '3d82df4cbd7b491ebecf226e19f2e847'),
	('14032a4eba964baea05d0d5f49e70ff3', '2016-09-27 12:05:02', NULL, 0, '/html/product_content/201606/870410d0abef47b0a67650afc5243dd9.html', '1', 6000.00000, 2, 'SN_BA612A76A5CC', 0, '19a936a22f654777b28590684708ccbc', '5f240116e10c40ba87924014c4630d6a'),
	('1547bcfc158e4c2bb28f0d5fc6105176', '2016-04-10 23:27:45', NULL, 0, '/html/product_content/201509/51fe089a98784684b4b1d6fdf839aadb.html', '1', 200.00000, 1, '2', 0, '499e9c7a80d54cdd83eb73b335b372f7', 'f00b604b04d749a78bb3c7f4ae0ea002'),
	('16a9d8370f4442a3b9dad5ceb2425c78', '2015-10-04 22:50:55', NULL, 0, '/html/product_content/201509/d625a6f10262481ea1b132e40b815b99.html', '眼镜', 12.00000, 1, 'SN_4C5D198063C0', 0, '09735fc33a5a43198449f938df2ee939', '90a7c694b536492e9e51db72e90c1fe4'),
	('1803754a66754f41add6fa25f364a685', '2015-12-03 20:37:08', NULL, 0, '/html/product_content/201511/2e2713bfbebf427080bdf044e706858c.html', 'test', 1000.00000, 1, 'SN_E07B66B41255', 0, 'b2cd7d2b2cce448680e6aba76a9428de', 'd194eca0c5f44a7ab8d496ec922860a1'),
	('1a2790f60e324cd5b868ec80c7e18871', '2016-04-05 20:25:00', NULL, 0, '/html/product_content/201511/2e2713bfbebf427080bdf044e706858c.html', 'test', 1000.00000, 1, 'SN_E07B66B41255', 0, '704fd05b61464bc5bcc83797f0e5dd36', 'd194eca0c5f44a7ab8d496ec922860a1'),
	('1aa424f75ebd4caca5aad43b846a8e36', '2016-07-19 13:01:03', NULL, 0, '/html/product_content/201607/fe40b0ce3e8646109bd583668d7f4de2.html', '00001111', 100.00000, 1, 'SN_E4E05915DA19', 0, '750de6267f124adcb72c9aa08b46d7e5', 'e67d175a8c4d4d7b8d0bbe81fdded9aa'),
	('1bc3082c0a1546a0ae5558b57803a9b5', '2016-06-14 17:56:16', NULL, 0, '/html/product_content/201606/112bb336a06145c6bab51c91fe4b1683.html', 'xingyun1', 50.00000, 1, '998', 0, '244e9191f45d4ba99c22e04c0bcd68a9', '8ebf669b23f84699bab4f1d0d4f85adf'),
	('1d5f033f5e6945ef9ba466005264abca', '2016-01-07 20:12:33', NULL, 0, '/html/product_content/201601/ef704dd23c774dffb7330e72674f1a07.html', 'xcdsf', 2.00000, 7, 'asdf', 0, 'd11017f2272047bb9ebbc4d88778d396', '822dacb55ec248fbbd0f4cc11b5ae212'),
	('1f469d4e812e455ca5d6c8fdef00b63c', '2016-06-07 16:02:24', NULL, 0, '/html/product_content/201501/709936434ae64444b52dd29edda6618a.html', '新款SKG GW3315榨汁机 不锈钢 婴儿榨汁机 出汁率高 特价ZZ1318', 299.00000, 1, 'SN_E322127BDD6A', 0, 'ec91616938e948d4b75d26e67d01349b', '4f5e5aa3e3e84bf4a89e0263cd12b081'),
	('21fc0b783e4846ea8c7ab25b3752f553', '2015-11-04 16:21:21', NULL, 0, '/html/product_content/201511/2e2713bfbebf427080bdf044e706858c.html', 'test', 1000.00000, 2, 'SN_E07B66B41255', 0, '635f62b71275471abb9485aeca02ceba', 'd194eca0c5f44a7ab8d496ec922860a1'),
	('241daad1a6b0433aadca37c20b0fda6f', '2016-04-20 13:27:43', NULL, 0, '/html/product_content/201601/f41eae0470144915912fb140daad0cc2.html', '啊沙发沙发', 123.00000, 1, 'SN_DBA1517711C0', 0, '011254e186064abe98bc55e1e595c3bc', '14a71d88fc11461881294757c7c430b4'),
	('2436fc7ed0dd4871a98807e32d25e495', '2016-06-01 18:26:27', NULL, 0, '/html/product_content/201509/51fe089a98784684b4b1d6fdf839aadb.html', '1', 200.00000, 9, '2', 0, '6fd127028644444caaaf893f78274601', 'f00b604b04d749a78bb3c7f4ae0ea002'),
	('24c3034297d64dd7bdcf4676a5770b97', '2016-05-31 13:08:10', NULL, 0, '/html/product_content/201501/709936434ae64444b52dd29edda6618a.html', '新款SKG GW3315榨汁机 不锈钢 婴儿榨汁机 出汁率高 特价ZZ1318', 299.00000, 1, 'SN_E322127BDD6A', 0, '49cd8adf3bdc4839b905c0cb1b6d84fd', '4f5e5aa3e3e84bf4a89e0263cd12b081'),
	('2532697c1b51465b8f4bde15894bd3d5', '2015-10-10 21:47:53', NULL, 0, '/html/product_content/201509/51fe089a98784684b4b1d6fdf839aadb.html', '1', 200.00000, 1, '2', 0, '2a4b36643d6d46918f0dceeef3c7b67e', 'f00b604b04d749a78bb3c7f4ae0ea002'),
	('2674c245662e496a820d7dbb12e9ad90', '2016-06-07 11:38:11', NULL, 0, '/html/product_content/201509/272c07966a984c8095c64d4b5f0a49bd.html', 'test', 199.00000, 1, '1345', 0, '37331b95cdbf48eda0bde65831f11cd6', '04130566133846128ef3f73e528a88b3'),
	('26babf1286144bed9cf43db3e99d6619', '2015-12-04 16:52:02', NULL, 0, '/html/product_content/201501/709936434ae64444b52dd29edda6618a.html', '新款SKG GW3315榨汁机 不锈钢 婴儿榨汁机 出汁率高 特价ZZ1318', 299.00000, 2, 'SN_E322127BDD6A', 0, '144cb760d09044909e066c464d090c08', '4f5e5aa3e3e84bf4a89e0263cd12b081'),
	('26db400877604ca6b6085c50da26cb42', '2015-11-04 16:22:23', NULL, 0, '/html/product_content/201511/2e2713bfbebf427080bdf044e706858c.html', 'test', 1000.00000, 2, 'SN_E07B66B41255', 0, '1dd863e21e2841518b39b71af71ba80f', 'd194eca0c5f44a7ab8d496ec922860a1'),
	('27c11ebd7342495387ae1e9adc807f9d', '2015-12-04 16:52:02', NULL, 0, '/html/product_content/201511/2e2713bfbebf427080bdf044e706858c.html', 'test', 1000.00000, 1, 'SN_E07B66B41255', 0, '144cb760d09044909e066c464d090c08', 'd194eca0c5f44a7ab8d496ec922860a1'),
	('2afc584372d948108eee2abfc50c0951', '2015-10-10 21:58:53', NULL, 0, '/html/product_content/201509/86a1e7ef4c894d73a0a98c7da14e9e1c.html', '1', 1.00000, 1, '1', 0, '2528d64cb6fa489eb117cc491bd7e1b5', 'd49107a6a41141b0abc4f750a1db0306'),
	('2c62ce21642340b9ad6dff79d3959009', '2016-04-17 21:09:06', NULL, 0, '/html/product_content/201511/2e2713bfbebf427080bdf044e706858c.html', 'test', 1000.00000, 1, 'SN_E07B66B41255', 0, '7b0c92ea765d404ca7c58002aa061003', 'd194eca0c5f44a7ab8d496ec922860a1'),
	('2c75f5906b4446b98f648047d59704b0', '2016-04-28 21:11:50', NULL, 0, '/html/product_content/201511/2e2713bfbebf427080bdf044e706858c.html', 'test', 1000.00000, 2, 'SN_E07B66B41255', 0, '88fe860923bb457e988f71e1e3ce2c51', 'd194eca0c5f44a7ab8d496ec922860a1'),
	('2d990bc3610b4da8a26dee14a722b7ae', '2016-01-07 13:23:18', NULL, 0, '/html/product_content/201601/ef704dd23c774dffb7330e72674f1a07.html', 'xcdsf', 2.00000, 2, 'asdf', 0, '626850795ed44ff6a45b5aa1a705cd3c', '822dacb55ec248fbbd0f4cc11b5ae212'),
	('2e11a4d0b79744dfb83420e6a4b68c89', '2015-10-14 16:54:13', NULL, 0, '/html/product_content/201509/272c07966a984c8095c64d4b5f0a49bd.html', 'test', 199.00000, 1, '1345', 0, '9fe2bc46a10745a0b8821c6c7f0455a5', '04130566133846128ef3f73e528a88b3'),
	('2e616e86082b40c9bbe0b35325bdca33', '2016-03-14 21:33:33', NULL, 0, '/html/product_content/201601/f41eae0470144915912fb140daad0cc2.html', '啊沙发沙发', 123.00000, 1, 'SN_DBA1517711C0', 0, '53f38194eca14d51b2315b550ecb70da', '14a71d88fc11461881294757c7c430b4'),
	('2ed9f9e52b4c45f6888dbb29adbfaee1', '2015-09-07 09:23:46', NULL, 0, '/html/product_content/201501/7bb5a5692a164d6d93af2ff318808185.html', 'SKG 1638 家用静音电陶炉 不锈钢 包邮特价 无辐射黑晶炉', 179.00000, 1, 'SN_EB60E254149C', 0, 'eb3868b1f52c4edba08cad693a3154c0', '6402339746e04840932a5d400dcc8654'),
	('30c961e412fe486d839e5810f089cf26', '2016-10-08 14:16:52', NULL, 0, '/html/product_content/201607/fe40b0ce3e8646109bd583668d7f4de2.html', '00001111', 100.00000, 1, 'SN_E4E05915DA19', 0, '764cb87e45304cc18f345565f926e181', 'e67d175a8c4d4d7b8d0bbe81fdded9aa'),
	('30ef04aae08b4c5f9509abc043e91076', '2015-10-09 17:39:19', NULL, 0, '/html/product_content/201501/709936434ae64444b52dd29edda6618a.html', '新款SKG GW3315榨汁机 不锈钢 婴儿榨汁机 出汁率高 特价ZZ1318', 299.00000, 1, 'SN_E322127BDD6A', 0, '31b9dd88ba6e497eab6c7a56c9ca4c40', '4f5e5aa3e3e84bf4a89e0263cd12b081'),
	('311c10561acc48c39ee772bbd4e2844f', '2016-04-28 15:19:31', NULL, 0, '/html/product_content/201601/438a7390c6064fa2988bc6e3094c986c.html', 'DDD', 43.00000, 1, 'DEWE', 0, '8fe40e71ba6244d6b67757d5075713bd', 'ab2fac1c534942b8b4c42666d3db68c8'),
	('3134968c468b47219f95f687ae3bd8af', '2015-10-23 15:59:44', NULL, 0, '/html/product_content/201509/51fe089a98784684b4b1d6fdf839aadb.html', '1', 200.00000, 1, '2', 0, '407d74d6b46f47098fc9513148c9645d', 'f00b604b04d749a78bb3c7f4ae0ea002'),
	('32365a17368e44c58ebf52d31cb33c0e', '2016-03-31 17:42:47', NULL, 0, '/html/product_content/201511/2e2713bfbebf427080bdf044e706858c.html', 'test', 1000.00000, 1, 'SN_E07B66B41255', 0, '32133c0ce2c244a9b07659ae5db4d7f7', 'd194eca0c5f44a7ab8d496ec922860a1'),
	('3373579089794768aae1bf6325875453', '2015-11-03 10:49:01', NULL, 0, '/html/product_content/201509/51fe089a98784684b4b1d6fdf839aadb.html', '1', 200.00000, 2, '2', 0, '470a6e507fd84675b878e9071db1186d', 'f00b604b04d749a78bb3c7f4ae0ea002'),
	('34861dad9e684cc88ec2f6ecb5d61c22', '2015-11-17 09:54:02', NULL, 0, '/html/product_content/201510/35134aebfa024d00926817e550c0a91b.html', 'ceshi', 1.00000, 1, '1222', 0, '97e939fc011a43838c3fc1e5ba9d7af8', '75f0cf2253974031a2ab4a53dc75c14c'),
	('35555442445a41c19c5dd43e1e9c488d', '2016-01-18 18:23:56', NULL, 0, '/html/product_content/201509/51fe089a98784684b4b1d6fdf839aadb.html', '1', 200.00000, 1, '2', 0, 'a787c7216f134465b979cec5d1701802', 'f00b604b04d749a78bb3c7f4ae0ea002'),
	('360df9d6aefc4385bf64dc8b1d996e4e', '2015-11-26 13:59:56', NULL, 0, '/html/product_content/201511/2e2713bfbebf427080bdf044e706858c.html', 'test', 1000.00000, 1, 'SN_E07B66B41255', 0, '3326a7715fb84ad3b10d7d39f8cd5c59', 'd194eca0c5f44a7ab8d496ec922860a1'),
	('37069138d88a4c78b2d1454b89dc1071', '2016-01-18 18:23:56', NULL, 0, '/html/product_content/201511/2e2713bfbebf427080bdf044e706858c.html', 'test', 1000.00000, 1, 'SN_E07B66B41255', 0, 'a787c7216f134465b979cec5d1701802', 'd194eca0c5f44a7ab8d496ec922860a1'),
	('373028aaa0874a69b498dec950bca4f2', '2016-07-19 13:31:39', NULL, 0, '/html/product_content/201509/272c07966a984c8095c64d4b5f0a49bd.html', 'test', 199.00000, 1, '1345', 0, '308e5620f7b14f8cb42d98e28706c6d8', '04130566133846128ef3f73e528a88b3'),
	('384e049233da41cfa7e52c07dd3bdf21', '2016-05-06 09:27:53', NULL, 0, '/html/product_content/201501/7bb5a5692a164d6d93af2ff318808185.html', 'SKG 1638 家用静音电陶炉 不锈钢 包邮特价 无辐射黑晶炉', 179.00000, 1, 'SN_EB60E254149C', 0, '83152edca4be474789025a0286c844ae', '6402339746e04840932a5d400dcc8654'),
	('38d6bbf8959145b6a7ff14f300f7096e', '2015-12-16 17:48:44', NULL, 0, '/html/product_content/201511/2e2713bfbebf427080bdf044e706858c.html', 'test', 1000.00000, 1, 'SN_E07B66B41255', 0, '02511b3fabfd421985fde706bb12ffb0', 'd194eca0c5f44a7ab8d496ec922860a1'),
	('38d9f4ad1ace46eb94b5dbb77309c3b5', '2016-04-18 10:09:39', NULL, 0, '/html/product_content/201509/51fe089a98784684b4b1d6fdf839aadb.html', '1', 200.00000, 2, '2', 0, '9094e3b8538f4610a75c7bb82fd679e1', 'f00b604b04d749a78bb3c7f4ae0ea002'),
	('3a019291c67d4a64a7bda9d1166a00ea', '2016-04-24 08:18:18', NULL, 0, '/html/product_content/201501/7bb5a5692a164d6d93af2ff318808185.html', 'SKG 1638 家用静音电陶炉 不锈钢 包邮特价 无辐射黑晶炉', 179.00000, 1, 'SN_EB60E254149C', 0, '6127b02677284921943df96cdedc0835', '6402339746e04840932a5d400dcc8654'),
	('3aaf5427a4f9404684c0f12c29a8aaf4', '2016-05-09 14:06:15', NULL, 0, '/html/product_content/201509/51fe089a98784684b4b1d6fdf839aadb.html', '1', 200.00000, 1, '2', 0, 'a4bc018b17514f6183d3f5ec3ffbf78c', 'f00b604b04d749a78bb3c7f4ae0ea002'),
	('3b1c62079e0a4be1bebad095432a6748', '2015-12-21 11:52:11', NULL, 0, '/html/product_content/201511/2e2713bfbebf427080bdf044e706858c.html', 'test', 1000.00000, 1, 'SN_E07B66B41255', 0, '5600d3d0cead481e9f0015176f32e41a', 'd194eca0c5f44a7ab8d496ec922860a1'),
	('3b5bb2835ceb4838afaeb39dbb4fa19e', '2016-04-07 17:53:53', NULL, 0, '/html/product_content/201511/2e2713bfbebf427080bdf044e706858c.html', 'test', 1000.00000, 2, 'SN_E07B66B41255', 0, 'da4120601cc84a0c990847d313b80e06', 'd194eca0c5f44a7ab8d496ec922860a1'),
	('3bdb47ba1ff24daa8135ee475fa17810', '2016-04-28 15:19:30', NULL, 0, '/html/product_content/201509/272c07966a984c8095c64d4b5f0a49bd.html', 'test', 199.00000, 1, '1345', 0, '8fe40e71ba6244d6b67757d5075713bd', '04130566133846128ef3f73e528a88b3'),
	('3e243e9179cc4d30877ee152dcb9001a', '2016-02-01 17:50:12', NULL, 0, '/html/product_content/201501/7bb5a5692a164d6d93af2ff318808185.html', 'SKG 1638 家用静音电陶炉 不锈钢 包邮特价 无辐射黑晶炉', 179.00000, 1, 'SN_EB60E254149C', 0, '982fcb236cea49a5a5ede8d408c8fc61', '6402339746e04840932a5d400dcc8654'),
	('3e362f632a2e40c4969b86fafc71b184', '2016-04-17 19:20:39', NULL, 0, '/html/product_content/201601/1b45d43d1a164a7183c768b6b071c397.html', '测试商品', 11.00000, 1, '测试商品', 0, 'ad55cb6743ad466fada77208864da91a', '80e1e02c67d642fb8e19cca211569d09'),
	('3fe36fcb894d4cf0b9fd35fff5d039a2', '2016-03-12 11:30:32', NULL, 0, '/html/product_content/201509/272c07966a984c8095c64d4b5f0a49bd.html', 'test', 199.00000, 1, '1345', 0, 'ce64b575359347119618433007d1b5e9', '04130566133846128ef3f73e528a88b3'),
	('41e25355d1f64ab1b840943d887d8ec0', '2015-10-17 22:52:43', NULL, 0, '/html/product_content/201509/51fe089a98784684b4b1d6fdf839aadb.html', '1', 200.00000, 1, '2', 0, 'eab905e5951249d98653b0a5005b87b3', 'f00b604b04d749a78bb3c7f4ae0ea002'),
	('42fb2daccf664a5ca50df6c492a0cecb', '2016-03-31 17:58:19', NULL, 0, '/html/product_content/201511/2e2713bfbebf427080bdf044e706858c.html', 'test', 1000.00000, 1, 'SN_E07B66B41255', 0, 'cc1a854b6c9c435fa9dd9696db26be64', 'd194eca0c5f44a7ab8d496ec922860a1'),
	('45159cf64e8c429e9857a0eca8e6c9ce', '2015-10-20 19:15:47', NULL, 0, '/html/product_content/201509/51fe089a98784684b4b1d6fdf839aadb.html', '1', 200.00000, 1, '2', 0, 'bb6f7317d7b2458196885fe41331a63e', 'f00b604b04d749a78bb3c7f4ae0ea002'),
	('45ea0ae68ba44071914472d1f724224c', '2016-01-18 18:22:29', NULL, 0, '/html/product_content/201511/2e2713bfbebf427080bdf044e706858c.html', 'test', 1000.00000, 1, 'SN_E07B66B41255', 0, 'c83b1a99038e4194882785ba017a0a4d', 'd194eca0c5f44a7ab8d496ec922860a1'),
	('46d856bae7604380ae3b7dfbdce752c9', '2016-04-02 23:31:01', NULL, 0, '/html/product_content/201601/f41eae0470144915912fb140daad0cc2.html', '啊沙发沙发', 123.00000, 1, 'SN_DBA1517711C0', 0, 'a85f9739a52b4809b5c7f3297a75dd7d', '14a71d88fc11461881294757c7c430b4'),
	('4760618de3bf45a18ae9e4be57659009', '2016-01-26 15:52:18', NULL, 0, '/html/product_content/201511/2e2713bfbebf427080bdf044e706858c.html', 'test', 1000.00000, 1, 'SN_E07B66B41255', 0, 'b40c1958317a478c901d0ee47873e839', 'd194eca0c5f44a7ab8d496ec922860a1'),
	('47d3945313894538a3c961839dcc8b16', '2016-01-06 18:04:16', NULL, 0, '/html/product_content/201509/51fe089a98784684b4b1d6fdf839aadb.html', '1', 200.00000, 2, '2', 0, '6fbd497ae1074a58803c82febf485494', 'f00b604b04d749a78bb3c7f4ae0ea002'),
	('4841a099296f41ef8e4e6474603b4ebf', '2016-01-05 09:18:20', NULL, 0, '/html/product_content/201509/51fe089a98784684b4b1d6fdf839aadb.html', '1', 200.00000, 1, '2', 0, '71259949435c454d88dcaab5e2e791bb', 'f00b604b04d749a78bb3c7f4ae0ea002'),
	('49c8fb560d2d4c8fb3509aaaad55d59a', '2016-01-05 11:38:34', NULL, 0, '/html/product_content/201511/2e2713bfbebf427080bdf044e706858c.html', 'test', 1000.00000, 1, 'SN_E07B66B41255', 0, '0639d65044ae47138f1568dea805fb91', 'd194eca0c5f44a7ab8d496ec922860a1'),
	('4b3916652c4f4427bdebb01e01c19951', '2016-05-09 11:59:47', NULL, 0, '/html/product_content/201501/709936434ae64444b52dd29edda6618a.html', '新款SKG GW3315榨汁机 不锈钢 婴儿榨汁机 出汁率高 特价ZZ1318', 299.00000, 1, 'SN_E322127BDD6A', 0, 'd9008183f78e4406916d9bd01285eb3b', '4f5e5aa3e3e84bf4a89e0263cd12b081'),
	('4c1ac8bbcb5c4d34906e2b63928223ed', '2016-03-27 18:20:14', NULL, 0, '/html/product_content/201501/709936434ae64444b52dd29edda6618a.html', '新款SKG GW3315榨汁机 不锈钢 婴儿榨汁机 出汁率高 特价ZZ1318', 299.00000, 1, 'SN_E322127BDD6A', 0, 'aa212eb04f2c48b882c9f452d1626855', '4f5e5aa3e3e84bf4a89e0263cd12b081'),
	('4d8eca32dd824b63bd86550afe588431', '2016-04-22 09:42:30', NULL, 0, '/html/product_content/201601/f41eae0470144915912fb140daad0cc2.html', '啊沙发沙发', 123.00000, 1, 'SN_DBA1517711C0', 0, '16754902ce4e420e9317b4d396e27c84', '14a71d88fc11461881294757c7c430b4'),
	('4fd042767e06426daaf87cbae4e6c831', '2015-10-22 20:23:57', NULL, 0, '/html/product_content/201509/51fe089a98784684b4b1d6fdf839aadb.html', '1', 200.00000, 3, '2', 0, 'f27ec8aef80342a88bbe08aa4ecf337c', 'f00b604b04d749a78bb3c7f4ae0ea002'),
	('4ff2e6a5def34fa5a2afa0567ef06adb', '2016-02-28 11:13:49', NULL, 0, '/html/product_content/201509/51fe089a98784684b4b1d6fdf839aadb.html', '1', 200.00000, 1, '2', 0, 'a002d57f9d6d4485967298e7d3427745', 'f00b604b04d749a78bb3c7f4ae0ea002'),
	('51312daffe5444c083ed12bdc058d917', '2016-08-11 14:44:07', NULL, 0, '/html/product_content/201601/ef704dd23c774dffb7330e72674f1a07.html', 'xcdsf', 2.00000, 1, 'asdf', 0, '9a35c8d3eb634c7aa1d8d7723963dcd4', '822dacb55ec248fbbd0f4cc11b5ae212'),
	('51363df2bea94b1984204e16552304ea', '2015-09-02 14:06:27', NULL, 0, '/html/product_content/201501/709936434ae64444b52dd29edda6618a.html', '新款SKG GW3315榨汁机 不锈钢 婴儿榨汁机 出汁率高 特价ZZ1318', 299.00000, 1, 'SN_E322127BDD6A', 0, '8c0fbbaf198a49b78d1c94502d1569eb', '4f5e5aa3e3e84bf4a89e0263cd12b081'),
	('52b6cebf561b44b8a61de408f1e409f7', '2016-04-14 13:08:34', NULL, 0, '/html/product_content/201511/2e2713bfbebf427080bdf044e706858c.html', 'test', 1000.00000, 1, 'SN_E07B66B41255', 0, '1003601c2244444cbacc21e9b599acab', 'd194eca0c5f44a7ab8d496ec922860a1'),
	('540ea5b8afc54a4c9a569ad483fc0411', '2015-11-17 11:00:40', NULL, 0, '/html/product_content/201511/2e2713bfbebf427080bdf044e706858c.html', 'test', 1000.00000, 1, 'SN_E07B66B41255', 0, 'a0b862333b444dbf9ec87d0086f00a15', 'd194eca0c5f44a7ab8d496ec922860a1'),
	('5ad4100c8b5e47e6889da3bfa5b079ca', '2016-02-28 11:13:49', NULL, 0, '/html/product_content/201511/2e2713bfbebf427080bdf044e706858c.html', 'test', 1000.00000, 1, 'SN_E07B66B41255', 0, 'a002d57f9d6d4485967298e7d3427745', 'd194eca0c5f44a7ab8d496ec922860a1'),
	('5c16f47a763547f880a44cc6d93bcff0', '2016-05-04 08:53:41', NULL, 0, '/html/product_content/201509/51fe089a98784684b4b1d6fdf839aadb.html', '1', 200.00000, 1, '2', 0, 'a7b2150c2b1d432f92e5b9377f324788', 'f00b604b04d749a78bb3c7f4ae0ea002'),
	('5e0ac4d1eafd4cc39796797c7d5edac2', '2016-04-11 10:37:59', NULL, 0, '/html/product_content/201601/b56328fcf0eb44628114508e2997b0df.html', '闻通过', 12.00000, 1, '211', 0, '44eec2bfb2174b33bdc89e07d199b1da', 'b29942699240466cb7a50f597118bf48'),
	('614f9e411b864a7d97a469c8a6d10d31', '2015-11-04 15:46:06', NULL, 0, '/html/product_content/201509/51fe089a98784684b4b1d6fdf839aadb.html', '1', 200.00000, 1, '2', 0, 'd6d50f5549e64fb5a72c17cd0de44276', 'f00b604b04d749a78bb3c7f4ae0ea002'),
	('61835049f05b4989b935a4382053100c', '2016-03-29 17:59:23', NULL, 0, '/html/product_content/201509/51fe089a98784684b4b1d6fdf839aadb.html', '1', 200.00000, 3, '2', 0, 'b108c4ddf78b41538ef23e9a8953b954', 'f00b604b04d749a78bb3c7f4ae0ea002'),
	('6196217c602540dc94f015e78c3ec87f', '2016-04-14 15:47:34', NULL, 0, '/html/product_content/201501/7bb5a5692a164d6d93af2ff318808185.html', 'SKG 1638 家用静音电陶炉 不锈钢 包邮特价 无辐射黑晶炉', 179.00000, 1, 'SN_EB60E254149C', 0, 'ed9e6a57c5374926a34115c7bd4aa5f1', '6402339746e04840932a5d400dcc8654'),
	('61b43e79373d4eb4adf835be3b843f63', '2016-04-18 17:45:39', NULL, 0, '/html/product_content/201601/1b45d43d1a164a7183c768b6b071c397.html', '测试商品', 11.00000, 1, '测试商品', 0, 'bd74fc0708164690afe82660e333ba58', '80e1e02c67d642fb8e19cca211569d09'),
	('61e050bd194c44a08b0859d0121cad1c', '2016-10-08 14:16:52', NULL, 0, '/html/product_content/201601/438a7390c6064fa2988bc6e3094c986c.html', 'DDD', 43.00000, 1, 'DEWE', 0, '764cb87e45304cc18f345565f926e181', 'ab2fac1c534942b8b4c42666d3db68c8'),
	('61e58ce841ae45308935433723010779', '2016-04-19 09:28:50', NULL, 0, '/html/product_content/201601/438a7390c6064fa2988bc6e3094c986c.html', 'DDD', 43.00000, 1, 'DEWE', 0, 'af2571b9fca241ebae1749d8ecf042a0', 'ab2fac1c534942b8b4c42666d3db68c8'),
	('62b43131193740c8ba22ba93cebd7c49', '2015-10-10 18:03:13', NULL, 0, '/html/product_content/201509/d625a6f10262481ea1b132e40b815b99.html', '眼镜', 12.00000, 1, 'SN_4C5D198063C0', 0, 'f7383aed9f6c46e09b8f021a2a569041', '90a7c694b536492e9e51db72e90c1fe4'),
	('6370760eab0f45c593d3af5e6039c52d', '2016-01-31 20:07:16', NULL, 0, '/html/product_content/201601/f41eae0470144915912fb140daad0cc2.html', '啊沙发沙发', 123.00000, 1, 'SN_DBA1517711C0', 0, '8ee1b3e9a90a4156a43407719c5a337d', '14a71d88fc11461881294757c7c430b4'),
	('64d2fb4d1c2a43c38d53cf9340ef2091', '2015-10-16 14:25:56', NULL, 0, '/html/product_content/201509/272c07966a984c8095c64d4b5f0a49bd.html', 'test', 199.00000, 1, '1345', 0, '9ebd37e777bb498884aaaf6e27df9c65', '04130566133846128ef3f73e528a88b3'),
	('6630c2759ece4497811f8f524a100519', '2016-06-19 19:17:45', NULL, 0, '/html/product_content/201601/ef704dd23c774dffb7330e72674f1a07.html', 'xcdsf', 2.00000, 4, 'asdf', 0, '2fca876a64a54089b42dc00891ceff62', '822dacb55ec248fbbd0f4cc11b5ae212'),
	('68f33f73052d4358809c1d23c38ee831', '2016-06-14 17:43:38', NULL, 0, '/html/product_content/201601/ef704dd23c774dffb7330e72674f1a07.html', 'xcdsf', 2.00000, 2, 'asdf', 0, '1c3eb6313007407cae225c2cb1ba29ae', '822dacb55ec248fbbd0f4cc11b5ae212'),
	('696010ee08d6455b9cccb472fca4c2ca', '2016-05-24 00:48:39', NULL, 0, '/html/product_content/201509/272c07966a984c8095c64d4b5f0a49bd.html', 'test', 199.00000, 1, '1345', 0, '35981d5c69a147098834797ed01a45bb', '04130566133846128ef3f73e528a88b3'),
	('69d0b5e683ad40e48ea8e64b106dfa96', '2016-02-28 11:15:39', NULL, 0, '/html/product_content/201501/709936434ae64444b52dd29edda6618a.html', '新款SKG GW3315榨汁机 不锈钢 婴儿榨汁机 出汁率高 特价ZZ1318', 299.00000, 1, 'SN_E322127BDD6A', 0, '58fb98cab5ae4385b03ac1385bb37875', '4f5e5aa3e3e84bf4a89e0263cd12b081'),
	('6aaebb1cde8b40a6934ea4155b56ac2a', '2015-10-16 08:49:15', NULL, 0, '/html/product_content/201509/51fe089a98784684b4b1d6fdf839aadb.html', '1', 200.00000, 1, '2', 0, '10790451f5a3437b99fd345bda887965', 'f00b604b04d749a78bb3c7f4ae0ea002'),
	('6d4a8282bc0244b891df397c30d1f005', '2016-06-19 19:17:45', NULL, 0, '/html/product_content/201606/112bb336a06145c6bab51c91fe4b1683.html', 'xingyun1', 50.00000, 1, '998', 0, '2fca876a64a54089b42dc00891ceff62', '8ebf669b23f84699bab4f1d0d4f85adf'),
	('6e7a1465c69f47b494c503679fb79bba', '2016-05-09 11:59:47', NULL, 0, '/html/product_content/201509/51fe089a98784684b4b1d6fdf839aadb.html', '1', 200.00000, 1, '2', 0, 'd9008183f78e4406916d9bd01285eb3b', 'f00b604b04d749a78bb3c7f4ae0ea002'),
	('6e98e29f82b54af8a56261fb3f7042cb', '2016-04-27 08:13:44', NULL, 0, '/html/product_content/201509/51fe089a98784684b4b1d6fdf839aadb.html', '1', 200.00000, 2, '2', 0, '0601b588639a415f884219cddf3c15d1', 'f00b604b04d749a78bb3c7f4ae0ea002'),
	('70333388bb714ea3a356dce29cac0bc9', '2016-05-04 15:02:24', NULL, 0, '/html/product_content/201509/51fe089a98784684b4b1d6fdf839aadb.html', '1', 200.00000, 1, '2', 0, 'd0bb1f63bcc14740be5d43d279cd45b4', 'f00b604b04d749a78bb3c7f4ae0ea002'),
	('7044f5e972d34f0b90b7710a51855be3', '2016-05-03 17:28:44', NULL, 0, '/html/product_content/201509/51fe089a98784684b4b1d6fdf839aadb.html', '1', 200.00000, 1, '2', 0, 'ba3658a02fe74505a689e8baf84959e4', 'f00b604b04d749a78bb3c7f4ae0ea002'),
	('715421c485804249b0a647b547ff1238', '2016-01-12 09:38:34', NULL, 0, '/html/product_content/201509/272c07966a984c8095c64d4b5f0a49bd.html', 'test', 199.00000, 1, '1345', 0, 'd54e0487fe754c08b2d4a366cc51ebb7', '04130566133846128ef3f73e528a88b3'),
	('718a8ee030ac49cbababe5d5cc86d1de', '2016-02-28 11:16:19', NULL, 0, '/html/product_content/201601/b56328fcf0eb44628114508e2997b0df.html', '闻通过', 12.00000, 1, '211', 0, '2f66c444e4784c08b1a0c8cb5373a212', 'b29942699240466cb7a50f597118bf48'),
	('7452e7341ebc4fa892ee0ce962eefb03', '2016-03-17 12:56:55', NULL, 0, '/html/product_content/201501/709936434ae64444b52dd29edda6618a.html', '新款SKG GW3315榨汁机 不锈钢 婴儿榨汁机 出汁率高 特价ZZ1318', 299.00000, 1, 'SN_E322127BDD6A', 0, 'cf2b9fb10db54a449d1a0c91ec297b77', '4f5e5aa3e3e84bf4a89e0263cd12b081'),
	('76bd7fbfeabb461e9a21fd2c6398e28d', '2016-08-04 20:28:52', NULL, 0, '/html/product_content/201607/fe40b0ce3e8646109bd583668d7f4de2.html', '00001111', 100.00000, 1, 'SN_E4E05915DA19', 0, '58482fbab82a4ac8b628f1d5954b8546', 'e67d175a8c4d4d7b8d0bbe81fdded9aa'),
	('788ac75c32274885b064fbeecae301fc', '2015-12-29 00:15:22', NULL, 0, '/html/product_content/201501/7bb5a5692a164d6d93af2ff318808185.html', 'SKG 1638 家用静音电陶炉 不锈钢 包邮特价 无辐射黑晶炉', 179.00000, 1, 'SN_EB60E254149C', 0, '6eacc58eb08f4f0d815041b832bb10b1', '6402339746e04840932a5d400dcc8654'),
	('79eec20fe8ac4989b2225062491a082f', '2015-12-13 17:07:35', NULL, 0, '/html/product_content/201509/51fe089a98784684b4b1d6fdf839aadb.html', '1', 200.00000, 1, '2', 0, 'fb5694960588430e96cf539f0e9d3c47', 'f00b604b04d749a78bb3c7f4ae0ea002'),
	('7a5151fa0eab47bf986f094ef155ca6a', '2015-11-24 19:11:15', NULL, 0, '/html/product_content/201511/2e2713bfbebf427080bdf044e706858c.html', 'test', 1000.00000, 1, 'SN_E07B66B41255', 0, '39c9b66faff445cd84976801f23ac01b', 'd194eca0c5f44a7ab8d496ec922860a1'),
	('7aa4cc8c0a1e45cbbe1ffab4e895851f', '2016-04-03 14:32:55', NULL, 0, '/html/product_content/201601/f41eae0470144915912fb140daad0cc2.html', '啊沙发沙发', 123.00000, 1, 'SN_DBA1517711C0', 0, '4a1c681bde044836bee4b8551f5f4cc1', '14a71d88fc11461881294757c7c430b4'),
	('7af63c64497f426b974c53f70652d4fd', '2016-04-21 08:41:55', NULL, 0, '/html/product_content/201501/709936434ae64444b52dd29edda6618a.html', '新款SKG GW3315榨汁机 不锈钢 婴儿榨汁机 出汁率高 特价ZZ1318', 299.00000, 2, 'SN_E322127BDD6A', 0, 'b1c3042dea804f30ae9e48859235248d', '4f5e5aa3e3e84bf4a89e0263cd12b081'),
	('7b62d80b14e041f2b61dba39f3098c41', '2016-01-16 12:02:47', NULL, 0, '/html/product_content/201509/272c07966a984c8095c64d4b5f0a49bd.html', 'test', 199.00000, 1, '1345', 0, '3029dab432bc405cbe93accf28049f73', '04130566133846128ef3f73e528a88b3'),
	('7b9c03db97af4341890dbda0577bd9ea', '2015-12-09 15:45:40', NULL, 0, '/html/product_content/201509/272c07966a984c8095c64d4b5f0a49bd.html', 'test', 199.00000, 1, '1345', 0, 'fa37acaf43204c1788b7e4241275b0a8', '04130566133846128ef3f73e528a88b3'),
	('7c452e4667c642c187be323ea69fa96b', '2016-06-02 11:43:08', NULL, 0, '/html/product_content/201501/7bb5a5692a164d6d93af2ff318808185.html', 'SKG 1638 家用静音电陶炉 不锈钢 包邮特价 无辐射黑晶炉', 179.00000, 9, 'SN_EB60E254149C', 0, '2e926b20f08046c886b417e4a99eb4f0', '6402339746e04840932a5d400dcc8654'),
	('7effb688f347499d83fa0cc1a6fd948c', '2016-01-14 20:43:13', NULL, 0, '/html/product_content/201509/51fe089a98784684b4b1d6fdf839aadb.html', '1', 200.00000, 1, '2', 0, '135515df1c594cc2a30c1287746a1ecc', 'f00b604b04d749a78bb3c7f4ae0ea002'),
	('7f0e55344790467fa0ff30ac78b0b40c', '2015-12-08 16:03:00', NULL, 0, '/html/product_content/201509/272c07966a984c8095c64d4b5f0a49bd.html', 'test', 199.00000, 1, '1345', 0, 'a89b945f40aa4ff6aa3508abc0656c55', '04130566133846128ef3f73e528a88b3'),
	('7fce2b521df74eef95dc10dd7cd34c04', '2016-04-19 11:58:48', NULL, 0, '/html/product_content/201601/f41eae0470144915912fb140daad0cc2.html', '啊沙发沙发', 123.00000, 1, 'SN_DBA1517711C0', 0, '295bcb7850894aa6a6e7c215435263af', '14a71d88fc11461881294757c7c430b4'),
	('809698e948c24a018ef3ee9025baeb9f', '2015-11-27 09:51:40', NULL, 0, '/html/product_content/201509/d625a6f10262481ea1b132e40b815b99.html', '眼镜', 12.00000, 1, 'SN_4C5D198063C0', 0, '249ca78e22b44a57b400ddbb2293ea7a', '90a7c694b536492e9e51db72e90c1fe4'),
	('8104df51349b4dbcbda599e798a41cf7', '2016-07-19 13:01:03', NULL, 0, '/html/product_content/201606/19efddce24744ab2a6b01a7cd68c1310.html', 'sdfs', 1.00000, 1, 'sdf', 0, '750de6267f124adcb72c9aa08b46d7e5', 'b7e611937e6949009202bd7de7c42739'),
	('81923d1011794f9bb16f49060e58394a', '2015-11-01 10:41:11', NULL, 0, '/html/product_content/201510/35134aebfa024d00926817e550c0a91b.html', 'ceshi', 1.00000, 2, '1222', 0, 'a6a8ac97cd2a4690a367a9a7f0479491', '75f0cf2253974031a2ab4a53dc75c14c'),
	('82f538904b254dac8d01185e464d2104', '2016-04-11 10:18:04', NULL, 0, '/html/product_content/201501/709936434ae64444b52dd29edda6618a.html', '新款SKG GW3315榨汁机 不锈钢 婴儿榨汁机 出汁率高 特价ZZ1318', 299.00000, 1, 'SN_E322127BDD6A', 0, '285ca46463d34f1d9d3b0ac1ee215b9d', '4f5e5aa3e3e84bf4a89e0263cd12b081'),
	('8314963772244e3d8a7eb1f63a3fb4c7', '2015-12-22 15:22:55', NULL, 0, '/html/product_content/201512/b9a472166c434567beea4f383649f237.html', 'JfinalShopB2c', 10.00000, 1, 'JfinalShopB2c1', 0, '9ae9d83f7ce542c59054a36232e98eef', 'e7d2538a11ab43149f144aa0f6d2f1d9'),
	('83c1be2951884446969a9abfb6653b17', '2016-02-28 11:13:49', NULL, 0, '/html/product_content/201501/709936434ae64444b52dd29edda6618a.html', '新款SKG GW3315榨汁机 不锈钢 婴儿榨汁机 出汁率高 特价ZZ1318', 299.00000, 1, 'SN_E322127BDD6A', 0, 'a002d57f9d6d4485967298e7d3427745', '4f5e5aa3e3e84bf4a89e0263cd12b081'),
	('83ecc9f9299f4f5cab7b68f6697ad5ab', '2015-12-04 16:52:02', NULL, 0, '/html/product_content/201511/2e2713bfbebf427080bdf044e706858c.html', 'test', 1000.00000, 1, 'SN_E07B66B41255', 0, '144cb760d09044909e066c464d090c08', 'd194eca0c5f44a7ab8d496ec922860a1'),
	('83f293ad585945419f96557a8e94f602', '2016-04-18 14:36:07', NULL, 0, '/html/product_content/201601/b56328fcf0eb44628114508e2997b0df.html', '闻通过', 12.00000, 1, '211', 0, '953faaa1d4fe45f1bd6656e7818f8fd3', 'b29942699240466cb7a50f597118bf48'),
	('84722c04e5354602beed7ccc4dcfd1a0', '2015-10-28 21:44:32', NULL, 0, '/html/product_content/201509/d625a6f10262481ea1b132e40b815b99.html', '眼镜', 12.00000, 5, 'SN_4C5D198063C0', 0, 'f52dc4a8919349adb3d3ec4227098340', '90a7c694b536492e9e51db72e90c1fe4'),
	('85a79b6fc4a44838a77b9a498769435d', '2016-01-04 17:54:49', NULL, 0, '/html/product_content/201511/2e2713bfbebf427080bdf044e706858c.html', 'test', 1000.00000, 1, 'SN_E07B66B41255', 0, 'f60699a16e0f47c599f94e98019c6129', 'd194eca0c5f44a7ab8d496ec922860a1'),
	('85dc03cf67b043a2aeee747a4cc89cd7', '2016-01-15 23:22:33', NULL, 0, '/html/product_content/201509/272c07966a984c8095c64d4b5f0a49bd.html', 'test', 199.00000, 6, '1345', 0, '0fed4d720c96478ebdc899138587521d', '04130566133846128ef3f73e528a88b3'),
	('867eaa210a454579b1999b976a0b5e81', '2016-05-17 14:13:26', NULL, 0, '/html/product_content/201509/51fe089a98784684b4b1d6fdf839aadb.html', '1', 200.00000, 1, '2', 0, '7af299c8c670489ba7b81f4e9583db75', 'f00b604b04d749a78bb3c7f4ae0ea002'),
	('8ac22aeeaaab4e899eb9bfc82b18c2d1', '2015-12-29 10:37:51', NULL, 0, '/html/product_content/201512/b9a472166c434567beea4f383649f237.html', 'JfinalShopB2c', 10.00000, 1, 'JfinalShopB2c1', 0, '1567f16c066b4d758d90f49d4f813a63', 'e7d2538a11ab43149f144aa0f6d2f1d9'),
	('8ba5d4e4e0a74a249ae60122e556dd06', '2016-07-19 13:31:39', NULL, 0, '/html/product_content/201501/709936434ae64444b52dd29edda6618a.html', '新款SKG GW3315榨汁机 不锈钢 婴儿榨汁机 出汁率高 特价ZZ1318', 299.00000, 1, 'SN_E322127BDD6A', 0, '308e5620f7b14f8cb42d98e28706c6d8', '4f5e5aa3e3e84bf4a89e0263cd12b081'),
	('8f0b2a084f82446ea1022cfa8c3fec86', '2015-12-01 14:00:08', NULL, 0, '/html/product_content/201509/51fe089a98784684b4b1d6fdf839aadb.html', '1', 200.00000, 1, '2', 0, 'f7ac1f09ed4341f5a5cc0c2437b2c32f', 'f00b604b04d749a78bb3c7f4ae0ea002'),
	('9071a50fc9e84e0a91c4e2f9d90f3911', '2016-03-06 11:40:02', NULL, 0, '/html/product_content/201501/709936434ae64444b52dd29edda6618a.html', '新款SKG GW3315榨汁机 不锈钢 婴儿榨汁机 出汁率高 特价ZZ1318', 299.00000, 1, 'SN_E322127BDD6A', 0, '11fa0054f9684410b30d00e6ffcf91a7', '4f5e5aa3e3e84bf4a89e0263cd12b081'),
	('912ce4ba7362453898736c890920eb7f', '2016-04-02 13:20:52', NULL, 0, '/html/product_content/201501/709936434ae64444b52dd29edda6618a.html', '新款SKG GW3315榨汁机 不锈钢 婴儿榨汁机 出汁率高 特价ZZ1318', 299.00000, 1, 'SN_E322127BDD6A', 0, 'fac703d7234a48cf9f4a02992df43ecf', '4f5e5aa3e3e84bf4a89e0263cd12b081'),
	('9288e3478a0c459a9d2f60884b357990', '2016-06-01 13:11:41', NULL, 0, '/html/product_content/201509/272c07966a984c8095c64d4b5f0a49bd.html', 'test', 199.00000, 3, '1345', 0, '7ff6d44c8daf4f158c76e2906a34873d', '04130566133846128ef3f73e528a88b3'),
	('9297a78de25b4e64af4d226920e2b01f', '2016-06-28 16:52:56', NULL, 0, '/html/product_content/201606/1896ece6f40443628437fe7318068efd.html', '哈喽', 1.00000, 1, '123231232', 0, '6a5b6de522b14c8e9f1837e3eb90878a', '6854487b8a224be5bed7962d184e6cba'),
	('934dba12f87e4b6199624444c98d14a9', '2016-01-18 18:22:29', NULL, 0, '/html/product_content/201509/51fe089a98784684b4b1d6fdf839aadb.html', '1', 200.00000, 3, '2', 0, 'c83b1a99038e4194882785ba017a0a4d', 'f00b604b04d749a78bb3c7f4ae0ea002'),
	('93691946539b4a3287baff39946e64d6', '2015-11-13 11:54:35', NULL, 0, '/html/product_content/201511/2d2df43b654b40e7adf89edee4b535dd.html', '111', 1.00000, 1, '111', 0, 'd41f4758d4c344a293431f760988ad09', '0a35bfcc4252486a86ca5d6e21782dd0'),
	('9377488e4fa84b20a23a90a9d1f90aed', '2016-02-04 00:46:47', NULL, 0, '/html/product_content/201511/2e2713bfbebf427080bdf044e706858c.html', 'test', 1000.00000, 1, 'SN_E07B66B41255', 0, '83c1e73af7624056bd60918176e86dc6', 'd194eca0c5f44a7ab8d496ec922860a1'),
	('94e53e3afbfb4c1eb3152d853026d8df', '2016-06-01 14:27:58', NULL, 0, '/html/product_content/201601/1b45d43d1a164a7183c768b6b071c397.html', '测试商品', 11.00000, 1, '测试商品', 0, 'de57a21e603e40c1a4a6d61ea7581d25', '80e1e02c67d642fb8e19cca211569d09'),
	('978c8a73ef96430697e41afc95c84228', '2015-11-14 11:50:58', NULL, 0, '/html/product_content/201511/2e2713bfbebf427080bdf044e706858c.html', 'test', 1000.00000, 1, 'SN_E07B66B41255', 0, '2fe9fc8c168646d4ab60fc42b538d11f', 'd194eca0c5f44a7ab8d496ec922860a1'),
	('97a453bdf48943709daf5d361b0815e1', '2016-06-19 20:24:45', NULL, 0, '/html/product_content/201601/1b45d43d1a164a7183c768b6b071c397.html', '测试商品', 11.00000, 1, '测试商品', 0, '2d91dda01f0241d0bf62faf6baedfa75', '80e1e02c67d642fb8e19cca211569d09'),
	('9899b93d86b84c4896a3187d08c63453', '2016-01-28 17:21:59', NULL, 0, '/html/product_content/201509/272c07966a984c8095c64d4b5f0a49bd.html', 'test', 199.00000, 1, '1345', 0, '03a8768127774e01af1a48930352ecd3', '04130566133846128ef3f73e528a88b3'),
	('9d1c24ee88e54cf3af7d7fbe5703f279', '2016-01-18 15:49:18', NULL, 0, '/html/product_content/201509/272c07966a984c8095c64d4b5f0a49bd.html', 'test', 199.00000, 1, '1345', 0, 'dd179ff427a7427cb82c06e356be635d', '04130566133846128ef3f73e528a88b3'),
	('9eb2a5c60a974608aea5835b6dcf004d', '2015-11-30 17:07:51', NULL, 0, '/html/product_content/201509/51fe089a98784684b4b1d6fdf839aadb.html', '1', 200.00000, 1, '2', 0, '22c045f8b70a485bb6c85342d991628d', 'f00b604b04d749a78bb3c7f4ae0ea002'),
	('9f252212e6a944228c53b313f2a970f8', '2016-03-03 23:08:12', NULL, 0, '/html/product_content/201501/709936434ae64444b52dd29edda6618a.html', '新款SKG GW3315榨汁机 不锈钢 婴儿榨汁机 出汁率高 特价ZZ1318', 299.00000, 1, 'SN_E322127BDD6A', 0, '63c63748d8ca4d82a016c6541a127c2f', '4f5e5aa3e3e84bf4a89e0263cd12b081'),
	('9f4ed9f2c4cb486e8a0d41541a6804a6', '2015-10-30 15:20:50', NULL, 0, '/html/product_content/201509/51fe089a98784684b4b1d6fdf839aadb.html', '1', 200.00000, 1, '2', 0, '1aa81bf071cd4767bc1292e41d192ae7', 'f00b604b04d749a78bb3c7f4ae0ea002'),
	('a2de30ce79aa4cf79abdd2c5365bee72', '2015-12-22 15:22:55', NULL, 0, '/html/product_content/201512/002ce54c90914a91807abce379037518.html', 'JfinalShopB2c', 100.00000, 1, '001', 0, '9ae9d83f7ce542c59054a36232e98eef', 'e08be3d9f6314b449e24763ffbcbaf87'),
	('a390960c3d1e49de9ad36280e956f902', '2016-02-29 15:05:03', NULL, 0, '/html/product_content/201601/f41eae0470144915912fb140daad0cc2.html', '啊沙发沙发', 123.00000, 1, 'SN_DBA1517711C0', 0, 'f02a5c34238e457a82daf14ef0f48d1d', '14a71d88fc11461881294757c7c430b4'),
	('a452ea4c88774a03b1b08d0c1bc400f0', '2016-07-19 13:01:03', NULL, 0, '/html/product_content/201601/438a7390c6064fa2988bc6e3094c986c.html', 'DDD', 43.00000, 1, 'DEWE', 0, '750de6267f124adcb72c9aa08b46d7e5', 'ab2fac1c534942b8b4c42666d3db68c8'),
	('a6adbdd7a0db4b74a0895a135446ceb4', '2016-01-07 17:11:13', NULL, 0, '/html/product_content/201501/709936434ae64444b52dd29edda6618a.html', '新款SKG GW3315榨汁机 不锈钢 婴儿榨汁机 出汁率高 特价ZZ1318', 299.00000, 1, 'SN_E322127BDD6A', 0, 'c3699d927779497bbcfe04fe9cb6deb7', '4f5e5aa3e3e84bf4a89e0263cd12b081'),
	('a913acd928d044a986ca0b53b6622532', '2015-10-07 00:39:42', NULL, 0, '/html/product_content/201509/51fe089a98784684b4b1d6fdf839aadb.html', '1', 200.00000, 2, '2', 0, '86b52c7c89dc4367af93f53446d48d96', 'f00b604b04d749a78bb3c7f4ae0ea002'),
	('acecd67f8bf14657a6d0bd0974648a65', '2015-10-23 16:22:15', NULL, 0, '/html/product_content/201509/51fe089a98784684b4b1d6fdf839aadb.html', '1', 200.00000, 1, '2', 0, '933798d325734f19844c26b35d4beb49', 'f00b604b04d749a78bb3c7f4ae0ea002'),
	('adba9aaa4e1d4ba99ce3c7f0970cfad0', '2016-06-21 00:51:05', NULL, 0, '/html/product_content/201606/112bb336a06145c6bab51c91fe4b1683.html', 'xingyun1', 50.00000, 1, '998', 0, '85b9e83497874bbe8a5a834d8ed9733b', '8ebf669b23f84699bab4f1d0d4f85adf'),
	('ae6a9d6f5b5f493aa3af281e17c0ab84', '2016-01-28 20:36:06', NULL, 0, '/html/product_content/201501/7bb5a5692a164d6d93af2ff318808185.html', 'SKG 1638 家用静音电陶炉 不锈钢 包邮特价 无辐射黑晶炉', 179.00000, 1, 'SN_EB60E254149C', 0, '686c19898c134ed988224b80a8440fea', '6402339746e04840932a5d400dcc8654'),
	('af446aeff71549799f941f9d041979c9', '2016-05-12 21:44:08', NULL, 0, '/html/product_content/201501/709936434ae64444b52dd29edda6618a.html', '新款SKG GW3315榨汁机 不锈钢 婴儿榨汁机 出汁率高 特价ZZ1318', 299.00000, 1, 'SN_E322127BDD6A', 0, 'a135d152c1c74edb86e2bf858e44d8ac', '4f5e5aa3e3e84bf4a89e0263cd12b081'),
	('afe3e54f906c4f48b3097eb1a13c21f7', '2016-05-06 14:47:18', NULL, 0, '/html/product_content/201509/51fe089a98784684b4b1d6fdf839aadb.html', '1', 200.00000, 1, '2', 0, '1639286e18cd4564820902ec9b10d288', 'f00b604b04d749a78bb3c7f4ae0ea002'),
	('b0f87fa1dff14a51b6f3f0cba9257027', '2015-11-13 11:54:35', NULL, 0, '/html/product_content/201510/35134aebfa024d00926817e550c0a91b.html', 'ceshi', 1.00000, 1, '1222', 0, 'd41f4758d4c344a293431f760988ad09', '75f0cf2253974031a2ab4a53dc75c14c'),
	('b2bbb8dad6e94675ab18f5df776dd695', '2015-12-14 16:19:01', NULL, 0, '/html/product_content/201509/272c07966a984c8095c64d4b5f0a49bd.html', 'test', 199.00000, 1, '1345', 0, 'f881457965c140ffb72990f950fed49e', '04130566133846128ef3f73e528a88b3'),
	('b4c98f25d2e44efcb826aaf1c787280c', '2016-01-09 18:26:53', NULL, 0, '/html/product_content/201509/272c07966a984c8095c64d4b5f0a49bd.html', 'test', 199.00000, 1, '1345', 0, '0a279a24a61f4502a0d73884eaaf89c0', '04130566133846128ef3f73e528a88b3'),
	('b6ecdcddfbe8460e846586cbc686edf5', '2016-06-02 11:17:53', NULL, 0, '/html/product_content/201511/2e2713bfbebf427080bdf044e706858c.html', 'test', 1000.00000, 1, 'SN_E07B66B41255', 0, 'eff74b38218d44c5b51f8a103d561b97', 'd194eca0c5f44a7ab8d496ec922860a1'),
	('b8462a014a5b43a4ab51635ecb5792e0', '2016-04-21 17:49:48', NULL, 0, '/html/product_content/201601/077108d6b9264901a3e3ffe24447eb5a.html', '100000090', 0.00000, 1, '100000090', 0, 'e666d4baa08741e2963a67173fd08587', '7fce9b1083054c32afeb57d4cab3f3ae'),
	('b937c4ee49bb438d925e2bff0d37d92b', '2016-05-17 00:44:52', NULL, 0, '/html/product_content/201511/2e2713bfbebf427080bdf044e706858c.html', 'test', 1000.00000, 1, 'SN_E07B66B41255', 0, '8e2454f48ff544498cde78a6df90a9d0', 'd194eca0c5f44a7ab8d496ec922860a1'),
	('b93d573186fd414698400e659e630b74', '2015-10-16 08:49:15', NULL, 0, '/html/product_content/201509/d625a6f10262481ea1b132e40b815b99.html', '眼镜', 12.00000, 1, 'SN_4C5D198063C0', 0, '10790451f5a3437b99fd345bda887965', '90a7c694b536492e9e51db72e90c1fe4'),
	('bc36e588e67f48b488f2ef6946b6b0df', '2016-01-05 11:38:34', NULL, 0, '/html/product_content/201509/51fe089a98784684b4b1d6fdf839aadb.html', '1', 200.00000, 4, '2', 0, '0639d65044ae47138f1568dea805fb91', 'f00b604b04d749a78bb3c7f4ae0ea002'),
	('bc63a08c17194df996c80e1dbc3aecc5', '2015-11-14 11:50:58', NULL, 0, '/html/product_content/201509/51fe089a98784684b4b1d6fdf839aadb.html', '1', 200.00000, 1, '2', 0, '2fe9fc8c168646d4ab60fc42b538d11f', 'f00b604b04d749a78bb3c7f4ae0ea002'),
	('bc74b21c0de148138a0c7758efe5a7e9', '2016-04-22 16:46:25', NULL, 0, '/html/product_content/201511/2e2713bfbebf427080bdf044e706858c.html', 'test', 1000.00000, 1, 'SN_E07B66B41255', 0, '30d298593e43401ba74caa21ddcae711', 'd194eca0c5f44a7ab8d496ec922860a1'),
	('bd3630b1442a429dbd76a4d85c7175cc', '2016-02-02 12:03:49', NULL, 0, '/html/product_content/201601/f41eae0470144915912fb140daad0cc2.html', '啊沙发沙发', 123.00000, 1, 'SN_DBA1517711C0', 0, '5b76877e9575448b920f59f4515b8c15', '14a71d88fc11461881294757c7c430b4'),
	('be7f42a72cea496eb34118592ebf0e85', '2015-10-10 21:49:13', NULL, 0, '/html/product_content/201509/51fe089a98784684b4b1d6fdf839aadb.html', '1', 200.00000, 1, '2', 0, 'bc435f9fdbb04f3e8f37a59459304874', 'f00b604b04d749a78bb3c7f4ae0ea002'),
	('bf6513b84ba14beaab976f7487efeca3', '2016-06-18 10:28:08', NULL, 0, '/html/product_content/201606/112bb336a06145c6bab51c91fe4b1683.html', 'xingyun1', 50.00000, 1, '998', 0, 'e7e1f8510b404a3caf76108fa2b536e2', '8ebf669b23f84699bab4f1d0d4f85adf'),
	('bf88d0d83d854af5ab176db22e5837ef', '2015-10-03 14:12:13', NULL, 0, '/html/product_content/201509/d625a6f10262481ea1b132e40b815b99.html', '眼镜', 12.00000, 1, 'SN_4C5D198063C0', 0, 'b64653cdd3ba42cc92cd52cc74496f6f', '90a7c694b536492e9e51db72e90c1fe4'),
	('bf9f142007d147dbba6e453cbf6a391a', '2016-05-09 11:59:47', NULL, 0, '/html/product_content/201511/2e2713bfbebf427080bdf044e706858c.html', 'test', 1000.00000, 1, 'SN_E07B66B41255', 0, 'd9008183f78e4406916d9bd01285eb3b', 'd194eca0c5f44a7ab8d496ec922860a1'),
	('c23f489c47f04af8ace7a7028297ee23', '2016-05-03 17:28:44', NULL, 0, '/html/product_content/201511/2e2713bfbebf427080bdf044e706858c.html', 'test', 1000.00000, 1, 'SN_E07B66B41255', 0, 'ba3658a02fe74505a689e8baf84959e4', 'd194eca0c5f44a7ab8d496ec922860a1'),
	('c2fd07e92dce48c3a4dfce4f1b0e862d', '2016-06-07 11:38:11', NULL, 0, '/html/product_content/201501/709936434ae64444b52dd29edda6618a.html', '新款SKG GW3315榨汁机 不锈钢 婴儿榨汁机 出汁率高 特价ZZ1318', 299.00000, 1, 'SN_E322127BDD6A', 0, '37331b95cdbf48eda0bde65831f11cd6', '4f5e5aa3e3e84bf4a89e0263cd12b081'),
	('c59e49ffb319400c86041e5a0a6a7d40', '2016-05-09 11:59:47', NULL, 0, '/html/product_content/201509/272c07966a984c8095c64d4b5f0a49bd.html', 'test', 199.00000, 1, '1345', 0, 'd9008183f78e4406916d9bd01285eb3b', '04130566133846128ef3f73e528a88b3'),
	('c6193724cfdd45e193b09e791e043681', '2016-05-12 22:19:44', NULL, 0, '/html/product_content/201509/51fe089a98784684b4b1d6fdf839aadb.html', '1', 200.00000, 1, '2', 0, '405684807771459780aebe04982f47a4', 'f00b604b04d749a78bb3c7f4ae0ea002'),
	('c65002a0109c41ecb9a8f8cd86f99df0', '2016-05-17 17:45:54', NULL, 0, '/html/product_content/201601/1b45d43d1a164a7183c768b6b071c397.html', '测试商品', 11.00000, 2, '测试商品', 0, '9b24d7a64bb64d17a948f15976d095be', '80e1e02c67d642fb8e19cca211569d09'),
	('cb290b31a2e243f4837a270269701f17', '2016-04-18 10:09:39', NULL, 0, '/html/product_content/201511/2e2713bfbebf427080bdf044e706858c.html', 'test', 1000.00000, 4, 'SN_E07B66B41255', 0, '9094e3b8538f4610a75c7bb82fd679e1', 'd194eca0c5f44a7ab8d496ec922860a1'),
	('ce3807d92def4b4695a4f013dd6a49a4', '2016-04-03 01:10:26', NULL, 0, '/html/product_content/201501/7bb5a5692a164d6d93af2ff318808185.html', 'SKG 1638 家用静音电陶炉 不锈钢 包邮特价 无辐射黑晶炉', 179.00000, 1, 'SN_EB60E254149C', 0, 'e54b2a74e8594596b88e2bebb64a5924', '6402339746e04840932a5d400dcc8654'),
	('ce3f39994a0641d9b6793ada02a204b1', '2016-06-07 22:10:49', NULL, 0, '/html/product_content/201501/7bb5a5692a164d6d93af2ff318808185.html', 'SKG 1638 家用静音电陶炉 不锈钢 包邮特价 无辐射黑晶炉', 179.00000, 1, 'SN_EB60E254149C', 0, '4436d98b22c444cc8ee50b1bb9e90375', '6402339746e04840932a5d400dcc8654'),
	('d1be1bc54d364d2abff178b91a7c2999', '2015-10-26 15:45:21', NULL, 0, '/html/product_content/201509/51fe089a98784684b4b1d6fdf839aadb.html', '1', 200.00000, 2, '2', 0, '966c5c8b88b24f0c8a7ec839c36985a9', 'f00b604b04d749a78bb3c7f4ae0ea002'),
	('d284c37f97e84b168d9687cf9fe7fc35', '2015-10-23 15:53:49', NULL, 0, '/html/product_content/201509/51fe089a98784684b4b1d6fdf839aadb.html', '1', 200.00000, 2, '2', 0, '2f4813603d8c472c9fc4b30d8d579797', 'f00b604b04d749a78bb3c7f4ae0ea002'),
	('d2ce52cfb8c0416f8656ba9fd85cd146', '2016-05-11 11:24:08', NULL, 0, '/html/product_content/201501/7bb5a5692a164d6d93af2ff318808185.html', 'SKG 1638 家用静音电陶炉 不锈钢 包邮特价 无辐射黑晶炉', 179.00000, 6, 'SN_EB60E254149C', 0, 'c47e8c7960564f6bb2c31dc366609953', '6402339746e04840932a5d400dcc8654'),
	('d49b4815587a46d4b7d315eb51553488', '2016-06-21 00:50:08', NULL, 0, '/html/product_content/201606/112bb336a06145c6bab51c91fe4b1683.html', 'xingyun1', 50.00000, 1, '998', 0, 'c89ebc03aebf442c810ebbc33a77f59b', '8ebf669b23f84699bab4f1d0d4f85adf'),
	('d4a367ea63b940de9a5cb4ebefc9f74f', '2015-11-17 10:50:19', NULL, 0, '/html/product_content/201510/35134aebfa024d00926817e550c0a91b.html', 'ceshi', 1.00000, 1, '1222', 0, 'd51c6bb7461741da838107a4ac74cd0c', '75f0cf2253974031a2ab4a53dc75c14c'),
	('d4c6021b0b264eae979baa7ff9d2f4d8', '2015-10-10 21:50:41', NULL, 0, '/html/product_content/201509/272c07966a984c8095c64d4b5f0a49bd.html', 'test', 199.00000, 1, '1345', 0, '5bb671f2ca2c4a539c52e5bd806ca308', '04130566133846128ef3f73e528a88b3'),
	('d4d5c886474c4c0db4489afc136b6ec2', '2016-03-17 10:06:44', NULL, 0, '/html/product_content/201601/ef704dd23c774dffb7330e72674f1a07.html', 'xcdsf', 2.00000, 1, 'asdf', 0, 'fd15ef77a4254bd4b401f222fb8faccc', '822dacb55ec248fbbd0f4cc11b5ae212'),
	('d4fe6359d33c420b8b72d4dffa2b3c8f', '2016-04-27 08:09:22', NULL, 0, '/html/product_content/201509/272c07966a984c8095c64d4b5f0a49bd.html', 'test', 199.00000, 1, '1345', 0, '35a4217f592f4178a72f8c47138cf9c1', '04130566133846128ef3f73e528a88b3'),
	('d664ee0203c643ab8afdb2d93e6dffbc', '2016-04-28 09:06:38', NULL, 0, '/html/product_content/201501/709936434ae64444b52dd29edda6618a.html', '新款SKG GW3315榨汁机 不锈钢 婴儿榨汁机 出汁率高 特价ZZ1318', 299.00000, 1, 'SN_E322127BDD6A', 0, '0ecb203e2a6a47bb87f79525d4979b33', '4f5e5aa3e3e84bf4a89e0263cd12b081'),
	('d6fc2ae4f6d34e14abc1cfb46493b698', '2016-01-21 14:20:21', NULL, 0, '/html/product_content/201501/7bb5a5692a164d6d93af2ff318808185.html', 'SKG 1638 家用静音电陶炉 不锈钢 包邮特价 无辐射黑晶炉', 179.00000, 1, 'SN_EB60E254149C', 0, '7074981060db4c33a949773fa338e787', '6402339746e04840932a5d400dcc8654'),
	('d7ce098b7f17419e87b8d3a1d12a423a', '2016-01-07 15:40:34', NULL, 0, '/html/product_content/201501/7bb5a5692a164d6d93af2ff318808185.html', 'SKG 1638 家用静音电陶炉 不锈钢 包邮特价 无辐射黑晶炉', 179.00000, 3, 'SN_EB60E254149C', 0, 'd59e92eee6d7467fbd90070663981a52', '6402339746e04840932a5d400dcc8654'),
	('d9cb272afb10413cb32e5ff2d0503467', '2016-04-28 13:23:07', NULL, 0, '/html/product_content/201511/2e2713bfbebf427080bdf044e706858c.html', 'test', 1000.00000, 1, 'SN_E07B66B41255', 0, 'd3855f4a1f404f04b95383fd85c14fd6', 'd194eca0c5f44a7ab8d496ec922860a1'),
	('dab68a69e0ee43ae92d3a423e5959e1c', '2016-04-11 10:18:04', NULL, 0, '/html/product_content/201509/272c07966a984c8095c64d4b5f0a49bd.html', 'test', 199.00000, 1, '1345', 0, '285ca46463d34f1d9d3b0ac1ee215b9d', '04130566133846128ef3f73e528a88b3'),
	('db2e00bc2c8f480d807c01572bd546bb', '2016-04-28 21:11:50', NULL, 0, '/html/product_content/201509/51fe089a98784684b4b1d6fdf839aadb.html', '1', 200.00000, 1, '2', 0, '88fe860923bb457e988f71e1e3ce2c51', 'f00b604b04d749a78bb3c7f4ae0ea002'),
	('dc12435f8397457e94029ee4771b21ce', '2016-06-28 15:52:54', NULL, 0, '/html/product_content/201509/272c07966a984c8095c64d4b5f0a49bd.html', 'test', 199.00000, 2, '1345', 0, 'c4b849cbe4b24e37b1f2d661209f7fc0', '04130566133846128ef3f73e528a88b3'),
	('dc580d656158472cb9725991b8a3747f', '2016-03-29 15:37:15', NULL, 0, '/html/product_content/201601/f41eae0470144915912fb140daad0cc2.html', '啊沙发沙发', 123.00000, 1, 'SN_DBA1517711C0', 0, 'd95464956f51425188ae065557fce0fe', '14a71d88fc11461881294757c7c430b4'),
	('dfeb7744e06c4968961b6f0a1f1bd30c', '2016-05-17 14:13:26', NULL, 0, '/html/product_content/201501/709936434ae64444b52dd29edda6618a.html', '新款SKG GW3315榨汁机 不锈钢 婴儿榨汁机 出汁率高 特价ZZ1318', 299.00000, 1, 'SN_E322127BDD6A', 0, '7af299c8c670489ba7b81f4e9583db75', '4f5e5aa3e3e84bf4a89e0263cd12b081'),
	('e1112339ec6647e4a8875f4bb611ad24', '2016-04-27 08:54:00', NULL, 0, '/html/product_content/201509/272c07966a984c8095c64d4b5f0a49bd.html', 'test', 199.00000, 3, '1345', 0, '86561cd493e345e68519ebe61c4f2b45', '04130566133846128ef3f73e528a88b3'),
	('e2f13c6740404ba8abb8eb0edc47bf05', '2016-04-19 10:38:27', NULL, 0, '/html/product_content/201511/2e2713bfbebf427080bdf044e706858c.html', 'test', 1000.00000, 2, 'SN_E07B66B41255', 0, '43ceae3231fc406e887663eb96c86f46', 'd194eca0c5f44a7ab8d496ec922860a1'),
	('e4e6a88416824f77ae20bf58a1f6520d', '2016-07-31 00:33:29', NULL, 0, '/html/product_content/201607/fe40b0ce3e8646109bd583668d7f4de2.html', '00001111', 100.00000, 1, 'SN_E4E05915DA19', 0, 'e1b8bda78f224f8bbd3f43c64f6b59b6', 'e67d175a8c4d4d7b8d0bbe81fdded9aa'),
	('e613f3f0bd5e45c8a83112de757c9d1b', '2016-04-28 15:23:19', NULL, 0, '/html/product_content/201601/1b45d43d1a164a7183c768b6b071c397.html', '测试商品', 11.00000, 1, '测试商品', 0, '0d82a92347604ec09a114a0e1894d988', '80e1e02c67d642fb8e19cca211569d09'),
	('e807374c49634c1a966a847a3c0ed1d8', '2015-12-22 15:34:40', NULL, 0, '/html/product_content/201511/2e2713bfbebf427080bdf044e706858c.html', 'test', 1000.00000, 1, 'SN_E07B66B41255', 0, '20d2cec6709a4adbafc1912c8b85c040', 'd194eca0c5f44a7ab8d496ec922860a1'),
	('e9d45cdd6c4347bc8bc4e41b72980fd8', '2016-05-04 08:53:41', NULL, 0, '/html/product_content/201511/2e2713bfbebf427080bdf044e706858c.html', 'test', 1000.00000, 1, 'SN_E07B66B41255', 0, 'a7b2150c2b1d432f92e5b9377f324788', 'd194eca0c5f44a7ab8d496ec922860a1'),
	('ea31add685b245779b344aababd0ba8e', '2016-04-17 19:20:39', NULL, 0, '/html/product_content/201511/2e2713bfbebf427080bdf044e706858c.html', 'test', 1000.00000, 1, 'SN_E07B66B41255', 0, 'ad55cb6743ad466fada77208864da91a', 'd194eca0c5f44a7ab8d496ec922860a1'),
	('ea3716138d0a4e989238ea4a153dfe6a', '2016-05-31 13:08:10', NULL, 0, '/html/product_content/201509/272c07966a984c8095c64d4b5f0a49bd.html', 'test', 199.00000, 5, '1345', 0, '49cd8adf3bdc4839b905c0cb1b6d84fd', '04130566133846128ef3f73e528a88b3'),
	('ec83b27fed5d459c850820bfe1705722', '2016-06-06 10:59:50', NULL, 0, '/html/product_content/201511/2e2713bfbebf427080bdf044e706858c.html', 'test', 1000.00000, 1, 'SN_E07B66B41255', 0, 'f68ce28a1e2f4241bbee49a9005403e7', 'd194eca0c5f44a7ab8d496ec922860a1'),
	('eda437f4e9404cffbe4d184a9302773c', '2015-11-05 16:08:19', NULL, 0, '/html/product_content/201509/51fe089a98784684b4b1d6fdf839aadb.html', '1', 200.00000, 2, '2', 0, 'e5de8fd0b4de4470acf97457b6822ce5', 'f00b604b04d749a78bb3c7f4ae0ea002'),
	('eec89fe80d4c4fe38d58fbbcabfdf5ef', '2016-02-28 11:14:48', NULL, 0, '/html/product_content/201501/709936434ae64444b52dd29edda6618a.html', '新款SKG GW3315榨汁机 不锈钢 婴儿榨汁机 出汁率高 特价ZZ1318', 299.00000, 1, 'SN_E322127BDD6A', 0, '63e2444e14754682b5ba1f7d5a900df4', '4f5e5aa3e3e84bf4a89e0263cd12b081'),
	('f0fddf74bb2c430db57dfe3504d6f4a3', '2016-03-30 10:28:27', NULL, 0, '/html/product_content/201509/51fe089a98784684b4b1d6fdf839aadb.html', '1', 200.00000, 1, '2', 0, '02d314bf4edb41d0a7755654f36e040b', 'f00b604b04d749a78bb3c7f4ae0ea002'),
	('f1073f46434942a0a653dc6cdc10983c', '2015-10-09 16:19:00', NULL, 0, '/html/product_content/201501/7bb5a5692a164d6d93af2ff318808185.html', 'SKG 1638 家用静音电陶炉 不锈钢 包邮特价 无辐射黑晶炉', 179.00000, 1, 'SN_EB60E254149C', 0, '9e0bb7c64009445caa45a32a5de4fc35', '6402339746e04840932a5d400dcc8654'),
	('f28a5f8e52434fe1bd2b2a21296699e0', '2016-08-04 20:28:52', NULL, 0, '/html/product_content/201606/870410d0abef47b0a67650afc5243dd9.html', '1', 6000.00000, 1, 'SN_BA612A76A5CC', 0, '58482fbab82a4ac8b628f1d5954b8546', '5f240116e10c40ba87924014c4630d6a'),
	('f2d2b6fcbe08432f9f82a4340a48c226', '2015-12-24 10:24:53', NULL, 0, '/html/product_content/201511/2e2713bfbebf427080bdf044e706858c.html', 'test', 1000.00000, 1, 'SN_E07B66B41255', 0, 'a749a132c9f84a35a38befc97704b843', 'd194eca0c5f44a7ab8d496ec922860a1'),
	('f353c6328c1342a39278cb4069c26a69', '2016-01-22 20:57:14', NULL, 0, '/html/product_content/201601/077108d6b9264901a3e3ffe24447eb5a.html', '100000090', 0.00000, 1, '100000090', 0, '490d1d5b37eb4dbdbb4fce75add207db', '7fce9b1083054c32afeb57d4cab3f3ae'),
	('f369d5bb6fd44c7389cbf8ece00ac4f1', '2016-01-09 18:26:53', NULL, 0, '/html/product_content/201501/709936434ae64444b52dd29edda6618a.html', '新款SKG GW3315榨汁机 不锈钢 婴儿榨汁机 出汁率高 特价ZZ1318', 299.00000, 2, 'SN_E322127BDD6A', 0, '0a279a24a61f4502a0d73884eaaf89c0', '4f5e5aa3e3e84bf4a89e0263cd12b081'),
	('f48a06d143864399943cf7519c7a559e', '2016-06-15 14:07:10', NULL, 0, '/html/product_content/201509/51fe089a98784684b4b1d6fdf839aadb.html', '1', 200.00000, 1, '2', 0, '6d7b495de95a4ef1b644a9514b4819fd', 'f00b604b04d749a78bb3c7f4ae0ea002'),
	('f552d7d925c54619ac603a71bff928ce', '2016-04-28 22:33:59', NULL, 0, '/html/product_content/201501/7bb5a5692a164d6d93af2ff318808185.html', 'SKG 1638 家用静音电陶炉 不锈钢 包邮特价 无辐射黑晶炉', 179.00000, 1, 'SN_EB60E254149C', 0, 'f535092fdd2a4521be0eab96d3a8d64f', '6402339746e04840932a5d400dcc8654'),
	('f5ad2c660cf5445fb36360aa392173cb', '2016-06-20 12:00:19', NULL, 0, '/html/product_content/201601/ef704dd23c774dffb7330e72674f1a07.html', 'xcdsf', 2.00000, 2, 'asdf', 0, '9c225ad1a5df4e4c863a70f68221781e', '822dacb55ec248fbbd0f4cc11b5ae212'),
	('f62d8d79b72646838b053d20cf3c1088', '2016-03-01 00:02:44', NULL, 0, '/html/product_content/201509/51fe089a98784684b4b1d6fdf839aadb.html', '1', 200.00000, 1, '2', 0, '622635790bbe4ac7bde059e4498408f8', 'f00b604b04d749a78bb3c7f4ae0ea002'),
	('f6fbdb39c89a4a82a1d496f2523d4f51', '2015-10-26 13:45:23', NULL, 0, '/html/product_content/201509/51fe089a98784684b4b1d6fdf839aadb.html', '1', 200.00000, 10, '2', 0, 'b6a1b3eee1604b8fb81358c81d4215ef', 'f00b604b04d749a78bb3c7f4ae0ea002'),
	('f8ff59f3b588434ab9b066b2a77fd9d5', '2016-05-26 15:10:38', NULL, 0, '/html/product_content/201511/2e2713bfbebf427080bdf044e706858c.html', 'test', 1000.00000, 1, 'SN_E07B66B41255', 0, '291d21e8c98d43878f0e691c2b74ea52', 'd194eca0c5f44a7ab8d496ec922860a1'),
	('fcf7db5dc9224736b0b6acef5cb5b0cf', '2015-10-20 15:53:13', NULL, 0, '/html/product_content/201509/51fe089a98784684b4b1d6fdf839aadb.html', '1', 200.00000, 2, '2', 0, '70a337f1d2664664af30cae608bcd2fc', 'f00b604b04d749a78bb3c7f4ae0ea002'),
	('fded7602d2384ed6b53d07b8331a7682', '2015-11-12 14:30:14', NULL, 0, '/html/product_content/201501/709936434ae64444b52dd29edda6618a.html', '新款SKG GW3315榨汁机 不锈钢 婴儿榨汁机 出汁率高 特价ZZ1318', 299.00000, 1, 'SN_E322127BDD6A', 0, 'ed93241227444fb59b006c0347285ff0', '4f5e5aa3e3e84bf4a89e0263cd12b081'),
	('ffeb0a999dff4a0e956e2dbdf1e604bc', '2016-03-12 11:30:32', NULL, 0, '/html/product_content/201601/438a7390c6064fa2988bc6e3094c986c.html', 'DDD', 43.00000, 1, 'DEWE', 0, 'ce64b575359347119618433007d1b5e9', 'ab2fac1c534942b8b4c42666d3db68c8');
/*!40000 ALTER TABLE `orderitem` ENABLE KEYS */;


-- 导出  表 jfinalshop.orderlog 结构
CREATE TABLE IF NOT EXISTS `orderlog` (
  `id` varchar(32) NOT NULL,
  `createDate` datetime DEFAULT NULL,
  `modifyDate` datetime DEFAULT NULL,
  `info` text,
  `operator` varchar(255) DEFAULT NULL,
  `orderLogType` int(11) NOT NULL,
  `orderSn` varchar(255) NOT NULL,
  `order_id` varchar(32) NOT NULL,
  PRIMARY KEY (`id`),
  KEY `FK4D6C1D363F4585B6` (`order_id`),
  CONSTRAINT `FK4D6C1D363F4585B6` FOREIGN KEY (`order_id`) REFERENCES `orders` (`id`)
) ENGINE=InnoDB DEFAULT CHARSET=utf8;

-- 正在导出表  jfinalshop.orderlog 的数据：~219 rows (大约)
/*!40000 ALTER TABLE `orderlog` DISABLE KEYS */;
INSERT INTO `orderlog` (`id`, `createDate`, `modifyDate`, `info`, `operator`, `orderLogType`, `orderSn`, `order_id`) VALUES
	('0164c1640b0243aeb06381c451e3873a', '2015-10-10 21:58:54', NULL, NULL, NULL, 0, '100012', '2528d64cb6fa489eb117cc491bd7e1b5'),
	('01b6093009ef4cc59adb8f7cd3279510', '2016-06-01 14:27:58', NULL, NULL, NULL, 0, '100160', 'de57a21e603e40c1a4a6d61ea7581d25'),
	('026a03a6065f4d6bac5a2b64771678d8', '2016-01-05 11:38:34', NULL, NULL, NULL, 0, '100060', '0639d65044ae47138f1568dea805fb91'),
	('03a7f3b62420498a87e5295f8a9d397d', '2016-01-26 15:52:18', NULL, NULL, NULL, 0, '100078', 'b40c1958317a478c901d0ee47873e839'),
	('049d9006a6c042bb8f45cef524772f21', '2016-04-21 17:49:48', NULL, NULL, NULL, 0, '100129', 'e666d4baa08741e2963a67173fd08587'),
	('076f40789e1f4ed2b47579b74a167636', '2016-04-20 13:27:43', NULL, NULL, NULL, 0, '100125', '011254e186064abe98bc55e1e595c3bc'),
	('07ad8d494dbc435686311290f1bb4374', '2015-10-20 19:18:13', NULL, NULL, '李红元', 4, '100018', 'bb6f7317d7b2458196885fe41331a63e'),
	('0a1f14555dd94840b7b316f46084363c', '2016-01-09 18:26:53', NULL, NULL, NULL, 0, '100066', '0a279a24a61f4502a0d73884eaaf89c0'),
	('0a48f80abb7844b0922652aed1e1681a', '2016-06-14 17:43:38', NULL, NULL, NULL, 0, '100168', '1c3eb6313007407cae225c2cb1ba29ae'),
	('0d2dc122ef0a4ccf824df5225aef3dcd', '2016-04-14 13:08:34', NULL, NULL, NULL, 0, '100115', '1003601c2244444cbacc21e9b599acab'),
	('0d4d6c4c0d554d92815a7e8287ff7318', '2016-03-29 15:37:16', NULL, NULL, NULL, 0, '100098', 'd95464956f51425188ae065557fce0fe'),
	('0d7037d567b746e9bb0c8903787cdde4', '2016-06-01 18:26:27', NULL, NULL, NULL, 0, '100161', '6fd127028644444caaaf893f78274601'),
	('0daf117d687143d7a03e9fd4927430dd', '2016-04-06 23:28:25', NULL, NULL, NULL, 0, '100108', '2e710997aa5f40238785a25e509a1c8d'),
	('0df05536fc744c5babb59b28cac54946', '2015-10-23 15:59:44', NULL, NULL, NULL, 0, '100021', '407d74d6b46f47098fc9513148c9645d'),
	('1014fcf481c645ee81294109d0c6b2b5', '2016-03-17 12:56:55', NULL, NULL, NULL, 0, '100096', 'cf2b9fb10db54a449d1a0c91ec297b77'),
	('107a1b48821f43549b795c756307cf10', '2015-10-26 15:43:18', NULL, NULL, '李红元', 4, '100022', '933798d325734f19844c26b35d4beb49'),
	('10cf4fe2d8644354ba2b0955bbc5cceb', '2016-07-19 13:31:39', NULL, NULL, NULL, 0, '100180', '308e5620f7b14f8cb42d98e28706c6d8'),
	('128df249c5d34b23a8fa5bad0261987a', '2015-10-23 15:57:14', NULL, NULL, '李红元', 6, '100020', '2f4813603d8c472c9fc4b30d8d579797'),
	('1337a5cb02b14d99a9732525c2da338c', '2015-12-17 18:10:19', NULL, NULL, '李红元', 6, '100050', '02511b3fabfd421985fde706bb12ffb0'),
	('15d597d5434b45e8a8718d97345cbe96', '2015-10-16 08:49:15', NULL, NULL, NULL, 0, '100014', '10790451f5a3437b99fd345bda887965'),
	('162a93e4c5df4c07adb1c3fa23abb6ee', '2016-04-11 10:48:17', NULL, NULL, NULL, 0, '100114', 'd705cf90a9594470a9ce19dde6480a71'),
	('1644d2f3daea4f4ca2148ce7c80513b6', '2016-01-22 20:59:37', NULL, NULL, '李红元', 6, '100077', '490d1d5b37eb4dbdbb4fce75add207db'),
	('16e863085f874aca85bbbad762083932', '2016-03-03 23:08:12', NULL, NULL, NULL, 0, '100091', '63c63748d8ca4d82a016c6541a127c2f'),
	('1d96cccddf724c738ff53246fd7af3ae', '2015-09-02 14:06:27', NULL, NULL, NULL, 0, '100001', '8c0fbbaf198a49b78d1c94502d1569eb'),
	('1ee6e0afcdf64a489273f3c909e289fc', '2015-10-17 22:52:43', NULL, NULL, NULL, 0, '100016', 'eab905e5951249d98653b0a5005b87b3'),
	('1f44e11191e74d0bbb09564c842e87ce', '2015-11-01 10:41:11', NULL, NULL, NULL, 0, '100027', 'a6a8ac97cd2a4690a367a9a7f0479491'),
	('20c9795456e64f58b7dccd82c799d561', '2015-12-22 15:34:40', NULL, NULL, NULL, 0, '100053', '20d2cec6709a4adbafc1912c8b85c040'),
	('210ad9854c1044b48a0ea6a2b4e0239c', '2016-07-19 13:01:03', NULL, NULL, NULL, 0, '100179', '750de6267f124adcb72c9aa08b46d7e5'),
	('21512c016a4a45dc98a9800d390d076e', '2016-01-02 14:29:01', NULL, NULL, NULL, 0, '100057', '8169ef843e0f4bbb882a838c6c325d13'),
	('2158a5b510ed42208f538ee727d8b190', '2016-04-28 13:23:08', NULL, NULL, NULL, 0, '100138', 'd3855f4a1f404f04b95383fd85c14fd6'),
	('2172de983220404c8497d7d84fa537f6', '2015-10-20 17:23:25', NULL, NULL, '李红元', 4, '100017', '70a337f1d2664664af30cae608bcd2fc'),
	('22629606c3074efd9deb9be670d95a4b', '2016-05-06 09:27:53', NULL, NULL, NULL, 0, '100146', '83152edca4be474789025a0286c844ae'),
	('23209295933d4a43ac0a6d0c041d3e5d', '2016-05-17 14:13:26', NULL, NULL, NULL, 0, '100154', '7af299c8c670489ba7b81f4e9583db75'),
	('24110b78b0c54754a09fa8657df4631d', '2016-06-20 11:50:56', NULL, NULL, '李红元', 6, '100173', '2d91dda01f0241d0bf62faf6baedfa75'),
	('29c72a7edca846dd9e0d54e878bb29f5', '2016-04-17 21:09:06', NULL, NULL, NULL, 0, '100118', '7b0c92ea765d404ca7c58002aa061003'),
	('29f09e6de8f74fabbc71451e720c0e27', '2016-01-22 20:57:14', NULL, NULL, NULL, 0, '100077', '490d1d5b37eb4dbdbb4fce75add207db'),
	('2a1dfb445d7146fb8ffcc4d97b506842', '2016-01-20 15:59:32', NULL, NULL, '李红元', 6, '100066', '0a279a24a61f4502a0d73884eaaf89c0'),
	('2d3bd659f1f948759be8b64dd78f8fcd', '2015-12-17 18:09:42', NULL, NULL, '李红元', 4, '100050', '02511b3fabfd421985fde706bb12ffb0'),
	('2d40f69c1f4545d187bb99e15c7515fc', '2016-06-07 11:38:11', NULL, NULL, NULL, 0, '100165', '37331b95cdbf48eda0bde65831f11cd6'),
	('2e3324e7d12640c59b1d552c3f43d4cb', '2015-11-04 16:21:21', NULL, NULL, NULL, 0, '100030', '635f62b71275471abb9485aeca02ceba'),
	('2fd3fcb7e75e4fcba1e2938a478ff791', '2016-02-28 11:14:48', NULL, NULL, NULL, 0, '100086', '63e2444e14754682b5ba1f7d5a900df4'),
	('302595376663444ca5214b357aded123', '2015-11-17 10:50:19', NULL, NULL, NULL, 0, '100037', 'd51c6bb7461741da838107a4ac74cd0c'),
	('305cdfed9ba646698851fc28103d0cc1', '2016-02-01 17:50:12', NULL, NULL, NULL, 0, '100082', '982fcb236cea49a5a5ede8d408c8fc61'),
	('30e6839704df499daa772d8ddee25e92', '2016-05-09 14:06:15', NULL, NULL, NULL, 0, '100149', 'a4bc018b17514f6183d3f5ec3ffbf78c'),
	('3295d8589a064e7a9f27f6d1d44e96b9', '2015-09-07 09:23:46', NULL, NULL, NULL, 0, '100002', 'eb3868b1f52c4edba08cad693a3154c0'),
	('344811b393094040889dbbf4514954a4', '2016-04-14 15:47:34', NULL, NULL, NULL, 0, '100116', 'ed9e6a57c5374926a34115c7bd4aa5f1'),
	('35b21f79f3384fb88443109267ffa5c0', '2015-11-04 15:46:06', NULL, NULL, NULL, 0, '100029', 'd6d50f5549e64fb5a72c17cd0de44276'),
	('366a549300e44e729de2cf6b88c0060b', '2015-12-13 17:07:35', NULL, NULL, NULL, 0, '100048', 'fb5694960588430e96cf539f0e9d3c47'),
	('3710c80af2d14612b3f32f4f1ca01412', '2016-04-19 11:58:48', NULL, NULL, NULL, 0, '100124', '295bcb7850894aa6a6e7c215435263af'),
	('377e570e24d74749b79bb09b570d5353', '2016-03-06 11:40:02', NULL, NULL, NULL, 0, '100092', '11fa0054f9684410b30d00e6ffcf91a7'),
	('39aac4ccf8a24dfa81c90efbe703a507', '2016-04-07 17:53:53', NULL, NULL, NULL, 0, '100110', 'da4120601cc84a0c990847d313b80e06'),
	('3c0709795bae4ce08e10798e2ce09c86', '2016-06-18 10:28:08', NULL, NULL, NULL, 0, '100171', 'e7e1f8510b404a3caf76108fa2b536e2'),
	('3d72c4bde37142c4b8399b79ccda15e7', '2016-05-24 00:48:39', NULL, NULL, NULL, 0, '100156', '35981d5c69a147098834797ed01a45bb'),
	('3e249815de684fedada6278110775188', '2016-05-03 17:28:44', NULL, NULL, NULL, 0, '100143', 'ba3658a02fe74505a689e8baf84959e4'),
	('3e2a2786c5a04eeaa80ab18f601f5ec2', '2015-12-24 10:24:53', NULL, NULL, NULL, 0, '100054', 'a749a132c9f84a35a38befc97704b843'),
	('3e62183eddea49079a0bc48ce531da7a', '2016-06-06 10:59:50', NULL, NULL, NULL, 0, '100164', 'f68ce28a1e2f4241bbee49a9005403e7'),
	('3fca5136fc824e219d5819c9eac4559a', '2016-06-19 20:24:45', NULL, NULL, NULL, 0, '100173', '2d91dda01f0241d0bf62faf6baedfa75'),
	('401e5b07751c44caac7028a9a7f26a8a', '2015-10-09 16:19:00', NULL, NULL, NULL, 0, '100006', '9e0bb7c64009445caa45a32a5de4fc35'),
	('40f3818693ae4835be44c1821ed2bdc1', '2016-09-27 12:05:02', NULL, NULL, NULL, 0, '100184', '19a936a22f654777b28590684708ccbc'),
	('410780d388064ff08b52795e6657d5e8', '2016-02-04 00:46:47', NULL, NULL, NULL, 0, '100084', '83c1e73af7624056bd60918176e86dc6'),
	('41284e10332640828ba4572e168200d0', '2015-11-17 11:00:40', NULL, NULL, NULL, 0, '100038', 'a0b862333b444dbf9ec87d0086f00a15'),
	('43b943fdf78840878e0c1281bf1063cd', '2015-11-04 16:22:23', NULL, NULL, NULL, 0, '100031', '1dd863e21e2841518b39b71af71ba80f'),
	('43f159b34ee4416a8fb54e9ea62747b7', '2015-12-31 18:57:11', NULL, NULL, '李红元', 4, '100047', 'fa37acaf43204c1788b7e4241275b0a8'),
	('48be88fe8c524d86a3dc97c6b9d617a2', '2016-01-08 13:21:17', NULL, NULL, '李红元', 4, '100065', 'd11017f2272047bb9ebbc4d88778d396'),
	('4b1b46f172884e62bd64049a80e54e7f', '2016-01-15 23:18:41', NULL, NULL, NULL, 0, '100069', 'cec4176760ef41fc9453eaf1f0b68ee6'),
	('4e525b483888433e882f7e4058262446', '2016-04-03 01:10:26', NULL, NULL, NULL, 0, '100105', 'e54b2a74e8594596b88e2bebb64a5924'),
	('51016f0bc364467d972332ef77854575', '2016-04-28 15:19:31', NULL, NULL, NULL, 0, '100139', '8fe40e71ba6244d6b67757d5075713bd'),
	('513e6a83fc6f4fe3b3bd5fadb7a24ccf', '2016-03-12 11:30:32', NULL, NULL, NULL, 0, '100093', 'ce64b575359347119618433007d1b5e9'),
	('51ce64edecd6431e8e84026ea05723e9', '2015-12-15 10:06:56', NULL, NULL, '李红元', 6, '100040', '3326a7715fb84ad3b10d7d39f8cd5c59'),
	('51f74843d5d9497d89cbbc5687e5f371', '2015-12-01 14:00:08', NULL, NULL, NULL, 0, '100043', 'f7ac1f09ed4341f5a5cc0c2437b2c32f'),
	('5209b4fc3aa24893b66d8a37fb1c5912', '2015-11-20 00:28:20', NULL, NULL, '李红元', 4, '100030', '635f62b71275471abb9485aeca02ceba'),
	('522970680331419fb1f1a233eabf0414', '2016-03-17 10:06:44', NULL, NULL, NULL, 0, '100095', 'fd15ef77a4254bd4b401f222fb8faccc'),
	('530ebaf48ee74fb9864afe5f15d2aa9a', '2015-10-30 15:20:50', NULL, NULL, NULL, 0, '100026', '1aa81bf071cd4767bc1292e41d192ae7'),
	('544aaabfb9ef433285ad66cf3f9a6c17', '2016-08-11 14:44:07', NULL, NULL, NULL, 0, '100183', '9a35c8d3eb634c7aa1d8d7723963dcd4'),
	('54b10caacc7c4e8aa7b7818a87829616', '2015-12-03 20:37:08', NULL, NULL, NULL, 0, '100044', 'b2cd7d2b2cce448680e6aba76a9428de'),
	('569ccc878ee94903a05f22d13b6d1b72', '2015-11-30 17:07:51', NULL, NULL, NULL, 0, '100042', '22c045f8b70a485bb6c85342d991628d'),
	('5b1acd7845cc41c18d39739706303b1c', '2015-10-10 18:03:13', NULL, NULL, NULL, 0, '100008', 'f7383aed9f6c46e09b8f021a2a569041'),
	('5be77be48dcb423782acb673a3990272', '2015-10-13 17:09:31', NULL, NULL, '李红元', 4, '100012', '2528d64cb6fa489eb117cc491bd7e1b5'),
	('5c01e1da5ccd4c63b56c60c6646f93c2', '2015-12-09 15:45:40', NULL, NULL, NULL, 0, '100047', 'fa37acaf43204c1788b7e4241275b0a8'),
	('5e5bbbffd1bd4fd18620e77f420b5e03', '2015-11-17 09:09:13', NULL, NULL, '李红元', 6, '100035', '2fe9fc8c168646d4ab60fc42b538d11f'),
	('609afe92e1264481970e6fbae0215919', '2015-12-08 16:03:00', NULL, NULL, NULL, 0, '100046', 'a89b945f40aa4ff6aa3508abc0656c55'),
	('614389faab1c42daae875db8e77de0e6', '2015-10-20 19:15:47', NULL, NULL, NULL, 0, '100018', 'bb6f7317d7b2458196885fe41331a63e'),
	('62cbc5c4ee0445d4b088e25ed73574db', '2016-01-15 23:22:34', NULL, NULL, NULL, 0, '100070', '0fed4d720c96478ebdc899138587521d'),
	('63ebadd7aa444ccaba7b78d74e73e096', '2016-04-11 10:37:59', NULL, NULL, NULL, 0, '100113', '44eec2bfb2174b33bdc89e07d199b1da'),
	('645756711b8342c18f88e8155bcd1dd8', '2015-10-09 17:46:02', NULL, NULL, '李红元', 4, '100007', '31b9dd88ba6e497eab6c7a56c9ca4c40'),
	('6495d08778cf45ed99c90b7f1706c064', '2016-01-20 15:57:57', NULL, NULL, '李红元', 4, '100074', 'a787c7216f134465b979cec5d1701802'),
	('65b39ae545c047b394e25161e3fdece5', '2016-03-14 21:33:34', NULL, NULL, NULL, 0, '100094', '53f38194eca14d51b2315b550ecb70da'),
	('65d2841cc0124b8b9f0b56181dbedc9a', '2016-01-12 09:38:34', NULL, NULL, NULL, 0, '100067', 'd54e0487fe754c08b2d4a366cc51ebb7'),
	('671c24d9a2c64044b79991aa02b8969d', '2016-01-28 17:21:59', NULL, NULL, NULL, 0, '100079', '03a8768127774e01af1a48930352ecd3'),
	('6720749c094a4d39bdd81db98669f2a3', '2015-10-10 21:49:13', NULL, NULL, NULL, 0, '100010', 'bc435f9fdbb04f3e8f37a59459304874'),
	('6748b29599204812ae1650b81d1d9220', '2016-06-21 00:51:06', NULL, NULL, NULL, 0, '100176', '85b9e83497874bbe8a5a834d8ed9733b'),
	('685d482f0b3441a2849419a7a1c56a53', '2016-01-21 18:02:05', NULL, NULL, NULL, 0, '100076', 'a890a15a3e8446b49e7585b4fd2b4b39'),
	('6911b57710e94708b736c2acbd3e4e88', '2015-10-03 14:12:13', NULL, NULL, NULL, 0, '100003', 'b64653cdd3ba42cc92cd52cc74496f6f'),
	('6a2ae15f09514ec3b8916e2d0792a00b', '2016-01-09 18:40:25', NULL, NULL, '李红元', 4, '100066', '0a279a24a61f4502a0d73884eaaf89c0'),
	('6adb3b8e89624e1d84e035207ebd0672', '2016-05-26 15:10:38', NULL, NULL, NULL, 0, '100157', '291d21e8c98d43878f0e691c2b74ea52'),
	('6b34c93c606d41e2a0cb138523073558', '2015-11-12 14:30:14', NULL, NULL, NULL, 0, '100033', 'ed93241227444fb59b006c0347285ff0'),
	('6b6998f80d6f4d9d94bb4994db6acbe8', '2016-01-07 17:11:13', NULL, NULL, NULL, 0, '100064', 'c3699d927779497bbcfe04fe9cb6deb7'),
	('6dd316860a464dccb1c9dbd80be15ca2', '2016-06-21 14:52:40', NULL, NULL, '李红元', 4, '100168', '1c3eb6313007407cae225c2cb1ba29ae'),
	('6e6640df179a4ebfbb427aae6498560c', '2016-01-18 18:23:56', NULL, NULL, NULL, 0, '100074', 'a787c7216f134465b979cec5d1701802'),
	('6ed1b1ee6f4b409eb5c38f9635dd96d7', '2016-01-28 20:36:06', NULL, NULL, NULL, 0, '100080', '686c19898c134ed988224b80a8440fea'),
	('6f108f0178264f6dbdaeff0a60a2c8ec', '2016-05-09 11:59:47', NULL, NULL, NULL, 0, '100148', 'd9008183f78e4406916d9bd01285eb3b'),
	('6f8a65dcf59c4f7b8b7ac6cb1b993207', '2016-06-28 16:52:56', NULL, NULL, NULL, 0, '100178', '6a5b6de522b14c8e9f1837e3eb90878a'),
	('716eff988c6b4b96b17c97f73202df95', '2015-11-17 09:09:08', NULL, NULL, '李红元', 4, '100035', '2fe9fc8c168646d4ab60fc42b538d11f'),
	('71e327718ac64257a50d40cd62ba6636', '2016-04-02 13:20:52', NULL, NULL, NULL, 0, '100103', 'fac703d7234a48cf9f4a02992df43ecf'),
	('7236eb7e41a344508ee03249b0bc00a5', '2015-10-10 21:50:41', NULL, NULL, NULL, 0, '100011', '5bb671f2ca2c4a539c52e5bd806ca308'),
	('7457531d413b4124ba0eba39c63ee413', '2016-06-07 22:10:49', NULL, NULL, NULL, 0, '100167', '4436d98b22c444cc8ee50b1bb9e90375'),
	('7484352fbb1a4635956351f701b969c4', '2016-04-27 08:53:02', NULL, NULL, NULL, 0, '100135', '3cd481eebbb64513923ba8e35d66bd95'),
	('7494b8067cc543bd87eab9a4b41ee73f', '2016-02-28 11:16:19', NULL, NULL, NULL, 0, '100088', '2f66c444e4784c08b1a0c8cb5373a212'),
	('74a1ef54964147febe143ce05d0f26bd', '2015-12-15 10:06:42', NULL, NULL, '李红元', 4, '100040', '3326a7715fb84ad3b10d7d39f8cd5c59'),
	('74fc80394df841178b47d464671273d8', '2015-10-26 15:45:53', NULL, NULL, '李红元', 4, '100024', '966c5c8b88b24f0c8a7ec839c36985a9'),
	('7753dd24686b47dab8dc1dc4f54209fb', '2015-11-03 10:49:01', NULL, NULL, NULL, 0, '100028', '470a6e507fd84675b878e9071db1186d'),
	('783329f1af024d65b84a8cb4bcdcf42a', '2016-04-27 08:54:00', NULL, NULL, NULL, 0, '100136', '86561cd493e345e68519ebe61c4f2b45'),
	('7845c2f92a484b879fa9dea4e350a8fd', '2016-05-04 15:02:24', NULL, NULL, NULL, 0, '100145', 'd0bb1f63bcc14740be5d43d279cd45b4'),
	('795a3f25b4c54ec8b13b2f7df93b23f0', '2015-10-26 13:45:23', NULL, NULL, NULL, 0, '100023', 'b6a1b3eee1604b8fb81358c81d4215ef'),
	('7a438b4c1090492a82162f60a84800de', '2016-04-20 13:28:47', NULL, NULL, NULL, 0, '100126', 'c7ba288418ab4636b0173376148d89d1'),
	('7ee88d83e2ef4f18a13b757faef761f1', '2015-12-22 15:22:55', NULL, NULL, NULL, 0, '100052', '9ae9d83f7ce542c59054a36232e98eef'),
	('7f14cfb78a1143fbbda57c6149f749e2', '2016-01-07 13:23:18', NULL, NULL, NULL, 0, '100062', '626850795ed44ff6a45b5aa1a705cd3c'),
	('81fe44ec7bf44a7b8d97fb7ebfc9db24', '2016-04-27 08:13:44', NULL, NULL, NULL, 0, '100134', '0601b588639a415f884219cddf3c15d1'),
	('82969e4ca9024904bb2ae9999ec457ec', '2016-06-06 18:23:29', NULL, NULL, '李红元', 6, '100164', 'f68ce28a1e2f4241bbee49a9005403e7'),
	('82e9e65dfbbd47cbb145bd10c4893fc8', '2016-05-04 08:53:41', NULL, NULL, NULL, 0, '100144', 'a7b2150c2b1d432f92e5b9377f324788'),
	('836b682c878d4dcf8d2285489dc10501', '2016-06-21 00:50:08', NULL, NULL, NULL, 0, '100175', 'c89ebc03aebf442c810ebbc33a77f59b'),
	('83e7477932e3460c8b4b08e13bc1bd0d', '2016-02-28 11:15:39', NULL, NULL, NULL, 0, '100087', '58fb98cab5ae4385b03ac1385bb37875'),
	('84ace25ce7994cddaa98ca9360cfc4ad', '2016-06-02 11:43:08', NULL, NULL, NULL, 0, '100163', '2e926b20f08046c886b417e4a99eb4f0'),
	('87c49971d6b64073a7b10e972726ce34', '2015-12-04 16:52:02', NULL, NULL, NULL, 0, '100045', '144cb760d09044909e066c464d090c08'),
	('894fccd8b11742e4a578f80453a01e4c', '2015-11-13 11:54:36', NULL, NULL, NULL, 0, '100034', 'd41f4758d4c344a293431f760988ad09'),
	('8960344919cb4e368b58b25eb600d205', '2016-06-19 19:17:45', NULL, NULL, NULL, 0, '100172', '2fca876a64a54089b42dc00891ceff62'),
	('8c3cabe6297040f28664c3f3beffe49e', '2016-02-29 15:05:03', NULL, NULL, NULL, 0, '100089', 'f02a5c34238e457a82daf14ef0f48d1d'),
	('8c664021e42d445086414076956202b5', '2016-06-20 12:00:19', NULL, NULL, NULL, 0, '100174', '9c225ad1a5df4e4c863a70f68221781e'),
	('8c9cad52d44b484999f6f90137c990a6', '2015-10-07 00:39:42', NULL, NULL, NULL, 0, '100005', '86b52c7c89dc4367af93f53446d48d96'),
	('8cfdae62613b49b7ad4e30f9d9b79af3', '2016-06-25 12:38:13', NULL, NULL, '李红元', 6, '100176', '85b9e83497874bbe8a5a834d8ed9733b'),
	('8d465703abee4dd9a437875553acee34', '2015-10-28 21:44:32', NULL, NULL, NULL, 0, '100025', 'f52dc4a8919349adb3d3ec4227098340'),
	('8e5aa15dcd6a4247bdd0d04ee16b468c', '2015-11-27 09:51:40', NULL, NULL, NULL, 0, '100041', '249ca78e22b44a57b400ddbb2293ea7a'),
	('90bdfa2acddb4584b5853383b3c453c5', '2016-04-05 20:25:00', NULL, NULL, NULL, 0, '100107', '704fd05b61464bc5bcc83797f0e5dd36'),
	('91bf4cf1267f48eda6feedec3290e059', '2016-04-02 23:31:01', NULL, NULL, NULL, 0, '100104', 'a85f9739a52b4809b5c7f3297a75dd7d'),
	('921fab837b14420abe4a6ac7aac76b16', '2015-10-04 22:50:55', NULL, NULL, NULL, 0, '100004', '09735fc33a5a43198449f938df2ee939'),
	('948728a72e1b4dc4b2624f6ce5ad482d', '2015-11-24 19:11:15', NULL, NULL, NULL, 0, '100039', '39c9b66faff445cd84976801f23ac01b'),
	('949e01b71cb3405197d4edf258affca4', '2015-10-16 14:25:56', NULL, NULL, NULL, 0, '100015', '9ebd37e777bb498884aaaf6e27df9c65'),
	('986616a5ac154c32a7baa32cc29f5601', '2016-01-12 18:41:00', NULL, NULL, '李红元', 6, '100067', 'd54e0487fe754c08b2d4a366cc51ebb7'),
	('9931cf65f2a74dcda6c5d08ef0d3dbdc', '2016-03-27 18:20:14', NULL, NULL, NULL, 0, '100097', 'aa212eb04f2c48b882c9f452d1626855'),
	('99521935391645638bd76402054c185a', '2015-10-09 17:39:19', NULL, NULL, NULL, 0, '100007', '31b9dd88ba6e497eab6c7a56c9ca4c40'),
	('9962889af11940d59ecbd382397a994d', '2015-10-26 15:48:36', NULL, NULL, '李红元', 4, '100021', '407d74d6b46f47098fc9513148c9645d'),
	('997992b60af943388cd631bac971454e', '2015-12-24 10:41:12', NULL, NULL, '李红元', 6, '100054', 'a749a132c9f84a35a38befc97704b843'),
	('9ac9a92114d743109267e77ac2e782ae', '2016-03-01 00:02:44', NULL, NULL, NULL, 0, '100090', '622635790bbe4ac7bde059e4498408f8'),
	('9affb8cd43e74e7b821b0b597662061b', '2015-11-17 09:54:02', NULL, NULL, NULL, 0, '100036', '97e939fc011a43838c3fc1e5ba9d7af8'),
	('9b762933754b46f088e36d56517da1da', '2015-10-10 21:47:53', NULL, NULL, NULL, 0, '100009', '2a4b36643d6d46918f0dceeef3c7b67e'),
	('9b7964d4d6774f79b4feaacefa899484', '2016-04-21 08:41:55', NULL, NULL, NULL, 0, '100128', 'b1c3042dea804f30ae9e48859235248d'),
	('9e1d2d850ca74aa995eeaa482dec5c2d', '2015-11-05 16:08:19', NULL, NULL, NULL, 0, '100032', 'e5de8fd0b4de4470acf97457b6822ce5'),
	('9e8e071550464ee2816d67717a6bc9b5', '2015-11-20 00:25:49', NULL, NULL, '李红元', 4, '100026', '1aa81bf071cd4767bc1292e41d192ae7'),
	('a081a9d584f3400ebdb39b56a82d2d1d', '2016-04-03 14:32:55', NULL, NULL, NULL, 0, '100106', '4a1c681bde044836bee4b8551f5f4cc1'),
	('a142fa7a48fe432ea24e23fef72d2a72', '2016-04-18 17:45:39', NULL, NULL, NULL, 0, '100121', 'bd74fc0708164690afe82660e333ba58'),
	('a2984b6b885849c8931c82b58eb20153', '2016-06-02 11:17:53', NULL, NULL, NULL, 0, '100162', 'eff74b38218d44c5b51f8a103d561b97'),
	('a3debd69ce11470798cdb8e430ab770d', '2015-10-23 16:22:15', NULL, NULL, NULL, 0, '100022', '933798d325734f19844c26b35d4beb49'),
	('a439f2b983cb4a568eed3c36c10999d3', '2016-05-31 13:08:10', NULL, NULL, NULL, 0, '100158', '49cd8adf3bdc4839b905c0cb1b6d84fd'),
	('a480b6411ab6457ba3a3cab5c16a1972', '2015-10-14 16:54:14', NULL, NULL, NULL, 0, '100013', '9fe2bc46a10745a0b8821c6c7f0455a5'),
	('a63a81e068c446d4899aaaf752ecf8da', '2016-01-22 20:59:05', NULL, NULL, '李红元', 4, '100077', '490d1d5b37eb4dbdbb4fce75add207db'),
	('a6d007f7b6284630b5f4852b50e7bef6', '2015-12-24 10:44:31', NULL, NULL, '李红元', 6, '100053', '20d2cec6709a4adbafc1912c8b85c040'),
	('a75a36af48aa4f19ae82be5d7a515823', '2016-01-06 15:29:58', NULL, NULL, '李红元', 4, '100060', '0639d65044ae47138f1568dea805fb91'),
	('a7c15e762edb4878910d75a372588e80', '2015-09-13 19:46:23', NULL, NULL, '李红元', 4, '100002', 'eb3868b1f52c4edba08cad693a3154c0'),
	('aa781a3bb9ee4d8c9dc3845f79917729', '2015-10-28 23:10:18', NULL, NULL, '李红元', 4, '100019', 'f27ec8aef80342a88bbe08aa4ecf337c'),
	('ab2ff72a2f764946adb3c687ee0766dd', '2016-03-31 17:42:47', NULL, NULL, NULL, 0, '100101', '32133c0ce2c244a9b07659ae5db4d7f7'),
	('abbacb8b5f6d47fcbc8f1b028e31b29f', '2015-12-21 18:14:54', NULL, NULL, '李红元', 4, '100051', '5600d3d0cead481e9f0015176f32e41a'),
	('ac3bd14747d24f06b05dea9d3e71989a', '2016-04-22 09:42:31', NULL, NULL, NULL, 0, '100130', '16754902ce4e420e9317b4d396e27c84'),
	('ac6664e167044e6eb40cbe2c40c2d2b8', '2016-01-05 09:18:20', NULL, NULL, NULL, 0, '100059', '71259949435c454d88dcaab5e2e791bb'),
	('ad3f3d58aa9b43a39038904cac1e0a4d', '2015-10-26 15:43:02', NULL, NULL, '李红元', 6, '100023', 'b6a1b3eee1604b8fb81358c81d4215ef'),
	('aff87a6d8a3543308312de73709f3ffe', '2016-01-18 15:49:18', NULL, NULL, NULL, 0, '100072', 'dd179ff427a7427cb82c06e356be635d'),
	('b31532fc059c407cace073dada27f8aa', '2015-09-27 23:28:00', NULL, NULL, '李红元', 6, '100002', 'eb3868b1f52c4edba08cad693a3154c0'),
	('b536138c48154a04a8fa76221a032e31', '2016-10-08 14:16:52', NULL, NULL, NULL, 0, '100185', '764cb87e45304cc18f345565f926e181'),
	('b5a4a2e3d8374e2fbcec306a06af7b1b', '2015-12-16 17:48:44', NULL, NULL, NULL, 0, '100050', '02511b3fabfd421985fde706bb12ffb0'),
	('b5e2a6bd40d649448408fba9351b23a6', '2016-04-28 15:23:19', NULL, NULL, NULL, 0, '100140', '0d82a92347604ec09a114a0e1894d988'),
	('b6cc1f36f4ae4d219295bc894d4d3f24', '2016-04-20 13:33:00', NULL, NULL, NULL, 0, '100127', '6c25a4a4779d40c69e9a0bbe42fdf19f'),
	('b836228995de49a0bc4b10610c3336a9', '2015-12-24 10:44:27', NULL, NULL, '李红元', 4, '100053', '20d2cec6709a4adbafc1912c8b85c040'),
	('b8cf8b8cf4314e1c964b5d80fd46fde1', '2016-04-10 23:27:45', NULL, NULL, NULL, 0, '100111', '499e9c7a80d54cdd83eb73b335b372f7'),
	('b8e3eb729d564258b3dd24dffed70aff', '2016-06-14 17:56:16', NULL, NULL, NULL, 0, '100169', '244e9191f45d4ba99c22e04c0bcd68a9'),
	('ba31648aa540478fbc1c9d582031d5c8', '2015-10-23 15:53:49', NULL, NULL, NULL, 0, '100020', '2f4813603d8c472c9fc4b30d8d579797'),
	('ba87832585744ad5908ce12c84150c8d', '2015-10-20 15:53:13', NULL, NULL, NULL, 0, '100017', '70a337f1d2664664af30cae608bcd2fc'),
	('bb276b9f6f074b87a72b485e8b4580ec', '2016-04-28 21:11:50', NULL, NULL, NULL, 0, '100141', '88fe860923bb457e988f71e1e3ce2c51'),
	('bec44fac9c274093a6540daa0fbeb9ac', '2016-01-08 16:56:42', NULL, NULL, '李红元', 4, '100042', '22c045f8b70a485bb6c85342d991628d'),
	('bfd33b4aee6e47ef9609d98c3bd87d2e', '2016-01-07 10:15:56', NULL, NULL, '李红元', 4, '100061', '6fbd497ae1074a58803c82febf485494'),
	('c0fafa4aaaca4e4c9de0819b9e96a7f6', '2016-04-28 22:33:59', NULL, NULL, NULL, 0, '100142', 'f535092fdd2a4521be0eab96d3a8d64f'),
	('c13ace6a85854c2a82315580ba679e77', '2016-04-18 14:36:07', NULL, NULL, NULL, 0, '100120', '953faaa1d4fe45f1bd6656e7818f8fd3'),
	('c3322ace809946fd9b21d1d1eb880e52', '2016-05-12 21:44:08', NULL, NULL, NULL, 0, '100151', 'a135d152c1c74edb86e2bf858e44d8ac'),
	('c35a603f5a4d465bbe0a35bf902f8f23', '2016-05-12 22:19:44', NULL, NULL, NULL, 0, '100152', '405684807771459780aebe04982f47a4'),
	('c67371271f7e421cbeae8ecc6588eb8b', '2016-01-08 16:59:16', NULL, NULL, '李红元', 6, '100065', 'd11017f2272047bb9ebbc4d88778d396'),
	('ca21b753592444d183bf0b79a43353ca', '2016-04-11 10:18:04', NULL, NULL, NULL, 0, '100112', '285ca46463d34f1d9d3b0ac1ee215b9d'),
	('cad37d084d404ab5b92901479b13537f', '2016-01-31 20:07:16', NULL, NULL, NULL, 0, '100081', '8ee1b3e9a90a4156a43407719c5a337d'),
	('cc0bd73d2d96477487a3fc39a0939c88', '2016-03-31 17:58:19', NULL, NULL, NULL, 0, '100102', 'cc1a854b6c9c435fa9dd9696db26be64'),
	('cc41f73d665c4b44b497fdfbcaf05332', '2016-04-17 19:20:39', NULL, NULL, NULL, 0, '100117', 'ad55cb6743ad466fada77208864da91a'),
	('cd8a41e34fa44d7aabcedc4fe8063cba', '2016-04-19 10:38:27', NULL, NULL, NULL, 0, '100123', '43ceae3231fc406e887663eb96c86f46'),
	('ce6659022cc34fbcaf3d76962211557e', '2015-10-09 17:46:45', NULL, NULL, '李红元', 6, '100007', '31b9dd88ba6e497eab6c7a56c9ca4c40'),
	('ced15f691eda40608f7205e2e40ff297', '2016-01-14 20:43:13', NULL, NULL, NULL, 0, '100068', '135515df1c594cc2a30c1287746a1ecc'),
	('d33747c63456429e9e532a70606093c6', '2015-12-29 10:37:51', NULL, NULL, NULL, 0, '100056', '1567f16c066b4d758d90f49d4f813a63'),
	('d3d1767c9e014ecfbdd10a85cfdae589', '2015-10-22 20:23:57', NULL, NULL, NULL, 0, '100019', 'f27ec8aef80342a88bbe08aa4ecf337c'),
	('d6b3c4bd208a42d581b15a9c36862ca1', '2016-03-30 10:28:27', NULL, NULL, NULL, 0, '100100', '02d314bf4edb41d0a7755654f36e040b'),
	('d6b5410dd07149e4b8026b171851b1ed', '2016-02-02 12:03:49', NULL, NULL, NULL, 0, '100083', '5b76877e9575448b920f59f4515b8c15'),
	('d83f1c008ae04ce183d6040cc9ca6744', '2015-12-21 11:52:11', NULL, NULL, NULL, 0, '100051', '5600d3d0cead481e9f0015176f32e41a'),
	('d9f1c3423f3e4698aaad35ca8906968b', '2016-06-15 14:07:10', NULL, NULL, NULL, 0, '100170', '6d7b495de95a4ef1b644a9514b4819fd'),
	('da0d9df56e4744eb944e6bf0aa5db6a8', '2016-04-07 14:17:40', NULL, NULL, NULL, 0, '100109', '06e7cf496ad14e979c57206288c3ccd2'),
	('da3eaa841e514ff785dccf3190c7b31c', '2016-05-11 11:24:08', NULL, NULL, NULL, 0, '100150', 'c47e8c7960564f6bb2c31dc366609953'),
	('dbb4f457a37f4c12aad6183d34024b09', '2016-03-29 17:59:23', NULL, NULL, NULL, 0, '100099', 'b108c4ddf78b41538ef23e9a8953b954'),
	('dcfae2749a2d47a5aa80717165730b61', '2015-11-14 11:50:58', NULL, NULL, NULL, 0, '100035', '2fe9fc8c168646d4ab60fc42b538d11f'),
	('de7ff00596ce4c65974f93d307e6bf4e', '2016-04-18 10:09:39', NULL, NULL, NULL, 0, '100119', '9094e3b8538f4610a75c7bb82fd679e1'),
	('deaf0d04af5242afb3d594a6e9dae737', '2016-06-07 16:02:25', NULL, NULL, NULL, 0, '100166', 'ec91616938e948d4b75d26e67d01349b'),
	('e1bf69f6fc0048a38ded9fd6c14ccf33', '2016-06-01 13:11:41', NULL, NULL, NULL, 0, '100159', '7ff6d44c8daf4f158c76e2906a34873d'),
	('e20bd27c2a0d43819361db3621d467fc', '2016-01-07 18:00:10', NULL, NULL, '李红元', 4, '100064', 'c3699d927779497bbcfe04fe9cb6deb7'),
	('e39ea265e7bf4c218712c4a78a351008', '2016-01-07 20:12:33', NULL, NULL, NULL, 0, '100065', 'd11017f2272047bb9ebbc4d88778d396'),
	('e43341cc67554e52bc15303a5eeec1ed', '2016-01-06 15:30:08', NULL, NULL, '李红元', 6, '100060', '0639d65044ae47138f1568dea805fb91'),
	('e568e46dedaa485b953078d18c4e1a95', '2016-01-06 18:04:16', NULL, NULL, NULL, 0, '100061', '6fbd497ae1074a58803c82febf485494'),
	('e759bd4fb0a34186a1af687d03715701', '2016-01-07 15:40:34', NULL, NULL, NULL, 0, '100063', 'd59e92eee6d7467fbd90070663981a52'),
	('e966b40277f5448e8f9f917932cb4fdd', '2016-01-04 17:54:49', NULL, NULL, NULL, 0, '100058', 'f60699a16e0f47c599f94e98019c6129'),
	('ea429c3e1c4947a9a2c48fcee5edad81', '2016-01-21 14:20:21', NULL, NULL, NULL, 0, '100075', '7074981060db4c33a949773fa338e787'),
	('ea71b8276fed4c10a1b40a346ed3f05e', '2016-06-06 09:18:25', NULL, NULL, '李红元', 4, '100163', '2e926b20f08046c886b417e4a99eb4f0'),
	('ebe06b74588844f3a92966f461ec1be7', '2016-04-28 09:06:38', NULL, NULL, NULL, 0, '100137', '0ecb203e2a6a47bb87f79525d4979b33'),
	('ecca07222cdf42fca880ac5ec91ed35f', '2015-12-29 00:15:22', NULL, NULL, NULL, 0, '100055', '6eacc58eb08f4f0d815041b832bb10b1'),
	('edbec7e22153402fa996dadf519c170d', '2016-04-22 16:46:25', NULL, NULL, NULL, 0, '100131', '30d298593e43401ba74caa21ddcae711'),
	('eea5907f3d244d9798ec559c872737f4', '2016-06-28 15:52:54', NULL, NULL, NULL, 0, '100177', 'c4b849cbe4b24e37b1f2d661209f7fc0'),
	('f08ea121eb564769ab427f371c784aa7', '2016-05-06 14:47:18', NULL, NULL, NULL, 0, '100147', '1639286e18cd4564820902ec9b10d288'),
	('f298581d00224b70ab62e4cdfff6c600', '2015-12-14 16:19:01', NULL, NULL, NULL, 0, '100049', 'f881457965c140ffb72990f950fed49e'),
	('f35179384b9e479c8940284d86eb5e0e', '2016-05-17 17:45:54', NULL, NULL, NULL, 0, '100155', '9b24d7a64bb64d17a948f15976d095be'),
	('f38946519dd2418384afd82bdd396b3c', '2016-07-31 00:33:29', NULL, NULL, NULL, 0, '100181', 'e1b8bda78f224f8bbd3f43c64f6b59b6'),
	('f56315dc826b417a98b75e34498cf0bf', '2015-11-26 13:59:56', NULL, NULL, NULL, 0, '100040', '3326a7715fb84ad3b10d7d39f8cd5c59'),
	('fab1965da6bd45d2bb422f3aec59d738', '2016-01-16 12:02:47', NULL, NULL, NULL, 0, '100071', '3029dab432bc405cbe93accf28049f73'),
	('fb0c4bb6b9494430aab11a63f4e97853', '2016-04-19 09:28:50', NULL, NULL, NULL, 0, '100122', 'af2571b9fca241ebae1749d8ecf042a0'),
	('fb51bffd3ce14e94a2a91140dbab18da', '2015-10-26 15:45:21', NULL, NULL, NULL, 0, '100024', '966c5c8b88b24f0c8a7ec839c36985a9'),
	('fc726d1c7fc543e480d5b975ba3ed2e3', '2016-01-18 18:22:29', NULL, NULL, NULL, 0, '100073', 'c83b1a99038e4194882785ba017a0a4d'),
	('fcf13d85ec4246fcb520af2a4c8000fb', '2016-06-20 11:50:30', NULL, NULL, '李红元', 4, '100173', '2d91dda01f0241d0bf62faf6baedfa75'),
	('fd2c7ded27674b789bfa370487a4c611', '2015-10-23 15:56:01', NULL, NULL, '李红元', 4, '100020', '2f4813603d8c472c9fc4b30d8d579797'),
	('fd4697680a8e4375a7b89d55342a458a', '2016-02-28 11:13:49', NULL, NULL, NULL, 0, '100085', 'a002d57f9d6d4485967298e7d3427745'),
	('fdf5bccadeac42b5b2a0d6e9c157ea17', '2016-05-17 00:44:52', NULL, NULL, NULL, 0, '100153', '8e2454f48ff544498cde78a6df90a9d0'),
	('fe338e95e1794d789528967af9456a1e', '2016-04-27 08:09:22', NULL, NULL, NULL, 0, '100133', '35a4217f592f4178a72f8c47138cf9c1'),
	('feb33baf6aa04fd5b67fbf47a09f5444', '2016-08-04 20:28:52', NULL, NULL, NULL, 0, '100182', '58482fbab82a4ac8b628f1d5954b8546'),
	('ff33564a72604a618d733e84f3dcabd7', '2016-04-24 08:18:18', NULL, NULL, NULL, 0, '100132', '6127b02677284921943df96cdedc0835');
/*!40000 ALTER TABLE `orderlog` ENABLE KEYS */;


-- 导出  表 jfinalshop.orders 结构
CREATE TABLE IF NOT EXISTS `orders` (
  `id` varchar(32) NOT NULL,
  `createDate` datetime DEFAULT NULL,
  `modifyDate` datetime DEFAULT NULL,
  `deliveryFee` decimal(15,5) NOT NULL,
  `deliveryTypeName` varchar(255) NOT NULL,
  `memo` text,
  `orderSn` varchar(255) NOT NULL,
  `orderStatus` int(11) NOT NULL,
  `paidAmount` decimal(15,5) NOT NULL,
  `paymentConfigName` varchar(255) NOT NULL,
  `paymentFee` decimal(15,5) NOT NULL,
  `paymentStatus` int(11) NOT NULL,
  `productTotalPrice` decimal(15,5) NOT NULL,
  `productTotalQuantity` int(11) NOT NULL,
  `productWeight` double NOT NULL,
  `productWeightUnit` int(11) NOT NULL,
  `shipAddress` varchar(255) NOT NULL,
  `shipArea` varchar(255) NOT NULL,
  `shipAreaPath` varchar(255) DEFAULT NULL,
  `shipMobile` varchar(255) DEFAULT NULL,
  `shipName` varchar(255) NOT NULL,
  `shipPhone` varchar(255) DEFAULT NULL,
  `shipZipCode` varchar(255) NOT NULL,
  `shippingStatus` int(11) NOT NULL,
  `totalAmount` decimal(15,5) NOT NULL,
  `member_id` varchar(32) DEFAULT NULL,
  `deliveryType_id` varchar(32) DEFAULT NULL,
  `paymentConfig_id` varchar(32) DEFAULT NULL,
  PRIMARY KEY (`id`),
  UNIQUE KEY `orderSn` (`orderSn`),
  KEY `FKC3DF62E5CA10C3E` (`member_id`),
  KEY `FKC3DF62E590BFCB96` (`paymentConfig_id`),
  KEY `FKC3DF62E5FAD364DE` (`deliveryType_id`),
  CONSTRAINT `FKC3DF62E590BFCB96` FOREIGN KEY (`paymentConfig_id`) REFERENCES `paymentconfig` (`id`),
  CONSTRAINT `FKC3DF62E5CA10C3E` FOREIGN KEY (`member_id`) REFERENCES `member` (`id`),
  CONSTRAINT `FKC3DF62E5FAD364DE` FOREIGN KEY (`deliveryType_id`) REFERENCES `deliverytype` (`id`)
) ENGINE=InnoDB DEFAULT CHARSET=utf8;

-- 正在导出表  jfinalshop.orders 的数据：~186 rows (大约)
/*!40000 ALTER TABLE `orders` DISABLE KEYS */;
INSERT INTO `orders` (`id`, `createDate`, `modifyDate`, `deliveryFee`, `deliveryTypeName`, `memo`, `orderSn`, `orderStatus`, `paidAmount`, `paymentConfigName`, `paymentFee`, `paymentStatus`, `productTotalPrice`, `productTotalQuantity`, `productWeight`, `productWeightUnit`, `shipAddress`, `shipArea`, `shipAreaPath`, `shipMobile`, `shipName`, `shipPhone`, `shipZipCode`, `shippingStatus`, `totalAmount`, `member_id`, `deliveryType_id`, `paymentConfig_id`) VALUES
	('011254e186064abe98bc55e1e595c3bc', '2016-04-20 13:27:43', NULL, 0.00000, '普通快速（免费）', '', '100125', 0, 0.00000, '线下支付', 0.00000, 0, 123.00000, 1, 3, 0, 'sss', '北京崇文区', '402881882ba8753a012ba8bf474d001c,402881882ba8753a012ba8c02f9a001f', '13767777273', 'aaa', '13767777273', '332233', 0, 123.00000, 'fede43f2941f419eb0360455bd1e1eae', '402881882ba8753a012ba8bc6582001a', '402881862b9f9e78012b9fa02aca0002'),
	('02511b3fabfd421985fde706bb12ffb0', '2015-12-16 17:48:44', '2015-12-17 18:10:19', 0.00000, '普通快速（免费）', '', '100050', 2, 0.00000, '财付通', 0.00000, 0, 1000.00000, 1, 1, 1, 'test', '广东省广州市', '402881882ba8753a012ba9342b210124,402881882ba8753a012ba9345e950125', '13800138000', 'test', '13800138000', '524244', 2, 1000.00000, '15407d714c764b2695626b2b4bf62e89', '402881882ba8753a012ba8bc6582001a', '402881862b9f2bff012b9f2d616a0001'),
	('02d314bf4edb41d0a7755654f36e040b', '2016-03-30 10:28:27', NULL, 15.00000, '快递公司', '敷衍', '100100', 0, 0.00000, '支付宝', 0.00000, 0, 200.00000, 1, 0, 0, '对属地', '广东省深圳市', '402881882ba8753a012ba9342b210124,402881882ba8753a012ba934ac770127', '18656120415', '刘顽富', '18656120415', '536100', 0, 215.00000, '979dca18599b4a8db00008ff49d761fb', '402881862b9f9e78012b9f9fe5a30001', 'b7f46b2c4f394f748c77221a43fb6b5a'),
	('03a8768127774e01af1a48930352ecd3', '2016-01-28 17:21:59', NULL, 10.00000, 'EMS1', '', '100079', 0, 0.00000, '货到付款', 0.00000, 0, 199.00000, 1, 400, 0, 'test', '广东省广州市', '402881882ba8753a012ba9342b210124,402881882ba8753a012ba9345e950125', '13800138000', 'test', '13800138000', '524244', 0, 209.00000, '15407d714c764b2695626b2b4bf62e89', '402881862b9e7507012b9e7e24540008', 'b7f46b2c4f394f748c77221a43fb6b5a'),
	('0601b588639a415f884219cddf3c15d1', '2016-04-27 08:13:44', NULL, 0.00000, '普通快速（免费）', '', '100134', 0, 0.00000, '支付宝', 0.00000, 0, 400.00000, 2, 0, 0, 'aaa', '湖南省长沙市', '402881882ba8753a012ba930d6690115,402881882ba8753a012ba93101120116', '18812345678', 'aaa', '18812345678', '410000', 0, 400.00000, '15407d714c764b2695626b2b4bf62e89', '402881882ba8753a012ba8bc6582001a', 'b7f46b2c4f394f748c77221a43fb6b5a'),
	('0639d65044ae47138f1568dea805fb91', '2016-01-05 11:38:34', '2016-01-06 15:30:08', 10.00000, 'EMS1', 'aaaaaa', '100060', 2, 0.00000, '货到付款', 0.00000, 0, 1800.00000, 5, 1, 1, 'bbb', '天津和平区', '402881882ba8753a012ba8c389a2002f,402881882ba8753a012ba8c3bcc80030', '13333333333', 'aaaa', '059933333333', '111111', 2, 1810.00000, 'eb533c0e0efe43fab9fb8169f8fe05b8', '402881862b9e7507012b9e7e24540008', '402881862b9f9e78012b9fa02aca0002'),
	('06e7cf496ad14e979c57206288c3ccd2', '2016-04-07 14:17:40', NULL, 0.00000, '普通快速（免费）', '', '100109', 0, 0.00000, '线下支付', 0.00000, 0, 299.00000, 1, 1, 1, 'as', '北京东城区', '402881882ba8753a012ba8bf474d001c,402881882ba8753a012ba8bfacfd001d', '11111111111', 'as', '11111111111', '111111', 0, 299.00000, 'f6afcd4ade6e4457b4f3edc2371e9327', '402881882ba8753a012ba8bc6582001a', '402881862b9f9e78012b9fa02aca0002'),
	('09735fc33a5a43198449f938df2ee939', '2015-10-04 22:50:55', NULL, 0.00000, '普通快速（免费）', '', '100004', 0, 0.00000, '财付通', 0.00000, 0, 12.00000, 1, 0, 0, 'test', '广东省广州市', '402881882ba8753a012ba9342b210124,402881882ba8753a012ba9345e950125', '13800138000', 'test', '13800138000', '524244', 0, 12.00000, '15407d714c764b2695626b2b4bf62e89', '402881882ba8753a012ba8bc6582001a', '402881862b9f2bff012b9f2d616a0001'),
	('0a279a24a61f4502a0d73884eaaf89c0', '2016-01-09 18:26:53', '2016-01-20 15:59:32', 25.00000, '快递公司', 'test', '100066', 2, 0.00000, '支付宝', 0.00000, 0, 797.00000, 3, 2.4, 1, 'test', '山西省', '402881882ba8753a012ba8c8f0b1004e', '18955555555', 'test', '05973333333', '350000', 2, 822.00000, '65cde7ac52d54f0aa1ddd68e09641ec8', '402881862b9f9e78012b9f9fe5a30001', 'b7f46b2c4f394f748c77221a43fb6b5a'),
	('0d82a92347604ec09a114a0e1894d988', '2016-04-28 15:23:19', NULL, 10.00000, 'EMS1', '', '100140', 0, 0.00000, '货到付款', 0.00000, 0, 11.00000, 1, 2, 0, 'aaa', '湖南省长沙市', '402881882ba8753a012ba930d6690115,402881882ba8753a012ba93101120116', '18812345678', 'aaa', '18812345678', '410000', 0, 21.00000, '15407d714c764b2695626b2b4bf62e89', '402881862b9e7507012b9e7e24540008', '402881862b9f9e78012b9fa092db0003'),
	('0ecb203e2a6a47bb87f79525d4979b33', '2016-04-28 09:06:38', NULL, 15.00000, '快递公司', '232323', '100137', 0, 0.00000, '财付通', 0.00000, 0, 299.00000, 1, 1, 1, '2323', '北京西城区', '402881882ba8753a012ba8bf474d001c,402881882ba8753a012ba8bff6f6001e', '18675951275', '2323', '18675951275', '441000', 0, 314.00000, '10152e94d8774fbba1393ece36abd9a5', '402881862b9f9e78012b9f9fe5a30001', '402881862b9f2bff012b9f2d616a0001'),
	('0fed4d720c96478ebdc899138587521d', '2016-01-15 23:22:33', NULL, 0.00000, '普通快速（免费）', 'jhhjh', '100070', 0, 0.00000, '支付宝', 0.00000, 0, 1194.00000, 6, 2.4, 1, 'ty', '广东省佛山市', '402881882ba8753a012ba9342b210124,402881882ba8753a012ba9351207012a', '13888888886', 'y65ttyy', '6555454', '344343', 0, 1194.00000, '04da45fa695a4fcdb59fadf2cc8149eb', '402881882ba8753a012ba8bc6582001a', 'b7f46b2c4f394f748c77221a43fb6b5a'),
	('1003601c2244444cbacc21e9b599acab', '2016-04-14 13:08:34', NULL, 15.00000, '快递公司', '', '100115', 0, 0.00000, '支付宝', 0.00000, 0, 1000.00000, 1, 1, 1, 'ss', '山西省大同市', '402881882ba8753a012ba8c8f0b1004e,402881882ba8753a012ba8c963fd0050', '15840204605', 'zhw', '23813447', '110000', 0, 1015.00000, '27f3a9bef1294b40989d95e4c0e69164', '402881862b9f9e78012b9f9fe5a30001', 'b7f46b2c4f394f748c77221a43fb6b5a'),
	('10790451f5a3437b99fd345bda887965', '2015-10-16 08:49:15', NULL, 10.00000, 'EMS', '', '100014', 0, 0.00000, '支付宝', 0.00000, 0, 212.00000, 2, 0, 0, 'test', '广东省广州市', '402881882ba8753a012ba9342b210124,402881882ba8753a012ba9345e950125', '13800138000', 'test', '13800138000', '524244', 0, 222.00000, '15407d714c764b2695626b2b4bf62e89', '402881862b9e7507012b9e7e24540008', 'b7f46b2c4f394f748c77221a43fb6b5a'),
	('11fa0054f9684410b30d00e6ffcf91a7', '2016-03-06 11:40:02', NULL, 15.00000, '快递公司', 'ssgdfgdfgdf', '100092', 0, 0.00000, '财付通', 0.00000, 0, 299.00000, 1, 1, 1, '冯绍峰', '北京东城区', '402881882ba8753a012ba8bf474d001c,402881882ba8753a012ba8bfacfd001d', '15711182838', '古典风格', '15711182838', '100000', 0, 314.00000, 'cdbfcd54824d4c2cb14289570a5df8f5', '402881862b9f9e78012b9f9fe5a30001', '402881862b9f2bff012b9f2d616a0001'),
	('135515df1c594cc2a30c1287746a1ecc', '2016-01-14 20:43:13', NULL, 10.00000, 'EMS1', '', '100068', 0, 0.00000, '货到付款', 0.00000, 0, 200.00000, 1, 0, 0, '111', '北京东城区', '402881882ba8753a012ba8bf474d001c,402881882ba8753a012ba8bfacfd001d', '11111111111', '111', '11111111111', '111111', 0, 210.00000, '3f9fa521dca141d5bd8119d34e728bdc', '402881862b9e7507012b9e7e24540008', 'b7f46b2c4f394f748c77221a43fb6b5a'),
	('144cb760d09044909e066c464d090c08', '2015-12-04 16:52:02', NULL, 25.00000, 'EMS1', '', '100045', 0, 0.00000, '货到付款', 0.00000, 0, 2598.00000, 4, 4, 1, 'oamokdokwo', '北京东城区', '402881882ba8753a012ba8bf474d001c,402881882ba8753a012ba8bfacfd001d', '11111111111', 's', '1111111111111', '111111', 0, 2623.00000, '15407d714c764b2695626b2b4bf62e89', '402881862b9e7507012b9e7e24540008', '402881862b9f2bff012b9f2d616a0001'),
	('1567f16c066b4d758d90f49d4f813a63', '2015-12-29 10:37:51', NULL, 0.00000, '普通快速（免费）', '', '100056', 0, 0.00000, '支付宝', 0.00000, 0, 10.00000, 1, 1, 0, '万东路', '天津河东区', '402881882ba8753a012ba8c389a2002f,402881882ba8753a012ba8c3e4460031', '13512344321', 'starglow', '13512344321', '300000', 0, 10.00000, 'cc55f846070b4c55b57726b3301d1b83', '402881882ba8753a012ba8bc6582001a', 'b7f46b2c4f394f748c77221a43fb6b5a'),
	('1639286e18cd4564820902ec9b10d288', '2016-05-06 14:47:18', NULL, 15.00000, '快递公司', '', '100147', 0, 0.00000, '支付宝', 0.00000, 0, 200.00000, 1, 0, 0, 'fsdfwer', '北京丰台区', '402881882ba8753a012ba8bf474d001c,402881882ba8753a012ba8c0ade20022', '15332684975', 'ssddfwe', '153326849752', '555913', 0, 215.00000, 'a0b75adb1e174b7bb89e0dbd42845aa8', '402881862b9f9e78012b9f9fe5a30001', 'b7f46b2c4f394f748c77221a43fb6b5a'),
	('16754902ce4e420e9317b4d396e27c84', '2016-04-22 09:42:30', NULL, 10.00000, 'EMS1', '', '100130', 0, 0.00000, '货到付款', 0.00000, 0, 123.00000, 1, 3, 0, '湖南省耒阳市', '北京东城区', '402881882ba8753a012ba8bf474d001c,402881882ba8753a012ba8bfacfd001d', '13017044931', 'xms', '13017044931', '400000', 0, 133.00000, '855d229b7b5b4fc6a2556cf111fb2626', '402881862b9e7507012b9e7e24540008', 'b7f46b2c4f394f748c77221a43fb6b5a'),
	('19a936a22f654777b28590684708ccbc', '2016-09-27 12:05:02', NULL, 10.00000, 'EMS1', '', '100184', 0, 0.00000, '货到付款', 0.00000, 0, 12000.00000, 2, 464, 0, 'asdfasdf', '江苏省无锡市', '402881882ba8753a012ba8d780a800a2,402881882ba8753a012ba8d8605a00a4', '15923009785', '罗彬志', '15923009785', '408300', 0, 12010.00000, 'a167fed62bb0459081bc4127d2d28d7f', '402881862b9e7507012b9e7e24540008', '402881862b9f9e78012b9fa092db0003'),
	('1aa81bf071cd4767bc1292e41d192ae7', '2015-10-30 15:20:50', '2015-11-20 00:25:49', 10.00000, 'EMS', 'aaaa', '100026', 0, 0.00000, '支付宝', 0.00000, 0, 200.00000, 1, 0, 0, 'aaa', '湖南省长沙市', '402881882ba8753a012ba930d6690115,402881882ba8753a012ba93101120116', '18812345678', 'aaa', '18812345678', '410000', 2, 210.00000, '15407d714c764b2695626b2b4bf62e89', '402881862b9e7507012b9e7e24540008', 'b7f46b2c4f394f748c77221a43fb6b5a'),
	('1c3eb6313007407cae225c2cb1ba29ae', '2016-06-14 17:43:38', '2016-06-21 14:52:40', 15.00000, '快递公司', '', '100168', 0, 0.00000, '支付宝', 0.00000, 0, 4.00000, 2, 6, 0, 'fdafsd', '北京西城区', '402881882ba8753a012ba8bf474d001c,402881882ba8753a012ba8bff6f6001e', '18661888888', 'dfas', '18661888888', '518000', 2, 19.00000, '533034d4cec64fd388d86618eb24fcf4', '402881862b9f9e78012b9f9fe5a30001', 'b7f46b2c4f394f748c77221a43fb6b5a'),
	('1dd863e21e2841518b39b71af71ba80f', '2015-11-04 16:22:23', NULL, 15.00000, 'EMS1', '', '100031', 0, 0.00000, '货到付款', 0.00000, 0, 2000.00000, 2, 2, 1, '1', '北京东城区', '402881882ba8753a012ba8bf474d001c,402881882ba8753a012ba8bfacfd001d', '13911111111', '11', '01011111111', '111111', 0, 2015.00000, '2eec6d45dfed4ba1825dc078d00134fd', '402881862b9e7507012b9e7e24540008', 'b7f46b2c4f394f748c77221a43fb6b5a'),
	('20d2cec6709a4adbafc1912c8b85c040', '2015-12-22 15:34:40', '2015-12-24 10:44:31', 15.00000, '快递公司', 'test', '100053', 2, 0.00000, '支付宝', 0.00000, 0, 1000.00000, 1, 1, 1, '咳咳咳咳咳咳', '北京西城区', '402881882ba8753a012ba8bf474d001c,402881882ba8753a012ba8bff6f6001e', '15116347584', '咳咳咳', '15116347584', '410000', 2, 1015.00000, 'c685a24476af4a07977e3d98b16713b0', '402881862b9f9e78012b9f9fe5a30001', 'b7f46b2c4f394f748c77221a43fb6b5a'),
	('22c045f8b70a485bb6c85342d991628d', '2015-11-30 17:07:51', '2016-01-08 16:56:42', 0.00000, '普通快速（免费）', '', '100042', 0, 0.00000, '支付宝', 0.00000, 0, 200.00000, 1, 0, 0, '11', '北京东城区', '402881882ba8753a012ba8bf474d001c,402881882ba8753a012ba8bfacfd001d', '13012223322', '11', '010-10101121', '100093', 2, 200.00000, 'cf951dc5277a4d4493f8a8f37e4cc7c4', '402881882ba8753a012ba8bc6582001a', 'b7f46b2c4f394f748c77221a43fb6b5a'),
	('244e9191f45d4ba99c22e04c0bcd68a9', '2016-06-14 17:56:16', NULL, 10.00000, 'EMS1', '', '100169', 0, 0.00000, '货到付款', 0.00000, 0, 50.00000, 1, 200, 0, 'fdafsd', '北京西城区', '402881882ba8753a012ba8bf474d001c,402881882ba8753a012ba8bff6f6001e', '18661888888', 'dfas', '18661888888', '518000', 0, 60.00000, '533034d4cec64fd388d86618eb24fcf4', '402881862b9e7507012b9e7e24540008', 'b7f46b2c4f394f748c77221a43fb6b5a'),
	('249ca78e22b44a57b400ddbb2293ea7a', '2015-11-27 09:51:40', NULL, 0.00000, '普通快速（免费）', '', '100041', 0, 0.00000, '支付宝', 0.00000, 0, 12.00000, 1, 0, 0, '2344', '北京崇文区', '402881882ba8753a012ba8bf474d001c,402881882ba8753a012ba8c02f9a001f', '13800138000', '北京人', '020-2222200', '421518', 0, 12.00000, '402881862bf08f18012bf0a16b7c0010', '402881882ba8753a012ba8bc6582001a', 'b7f46b2c4f394f748c77221a43fb6b5a'),
	('2528d64cb6fa489eb117cc491bd7e1b5', '2015-10-10 21:58:53', '2015-10-13 17:09:31', 10.00000, 'EMS', '', '100012', 0, 0.00000, '支付宝', 0.00000, 0, 1.00000, 1, 10, 0, 'test', '广东省广州市', '402881882ba8753a012ba9342b210124,402881882ba8753a012ba9345e950125', '13800138000', 'test', '13800138000', '524244', 2, 11.00000, '15407d714c764b2695626b2b4bf62e89', '402881862b9e7507012b9e7e24540008', 'b7f46b2c4f394f748c77221a43fb6b5a'),
	('285ca46463d34f1d9d3b0ac1ee215b9d', '2016-04-11 10:18:04', NULL, 20.00000, '快递公司', '', '100112', 0, 0.00000, '财付通', 0.00000, 0, 498.00000, 2, 1.4, 1, 'ddd', '山西省', '402881882ba8753a012ba8c8f0b1004e', '13235627222', 'dd', '13235627222', '430070', 0, 518.00000, '0011bd5ba3cd4a34a85eb1e55e9b1d53', '402881862b9f9e78012b9f9fe5a30001', '402881862b9f2bff012b9f2d616a0001'),
	('291d21e8c98d43878f0e691c2b74ea52', '2016-05-26 15:10:38', NULL, 10.00000, 'EMS1', '', '100157', 0, 0.00000, '货到付款', 0.00000, 0, 1000.00000, 1, 1, 1, 'test', '广东省广州市', '402881882ba8753a012ba9342b210124,402881882ba8753a012ba9345e950125', '13800138000', 'test', '13800138000', '524244', 0, 1010.00000, '15407d714c764b2695626b2b4bf62e89', '402881862b9e7507012b9e7e24540008', '402881862b9f2bff012b9f2d616a0001'),
	('295bcb7850894aa6a6e7c215435263af', '2016-04-19 11:58:48', NULL, 0.00000, '普通快速（免费）', '', '100124', 0, 0.00000, '财付通', 0.00000, 0, 123.00000, 1, 3, 0, '测试', '浙江省杭州市', '402881882ba8753a012ba8da48e000b0,402881882ba8753a012ba8da7d2f00b1', '15068171713', '陈亮', NULL, '300000', 0, 123.00000, 'adb78f369af54fa8acf0b581958ce54d', '402881882ba8753a012ba8bc6582001a', '402881862b9f2bff012b9f2d616a0001'),
	('2a4b36643d6d46918f0dceeef3c7b67e', '2015-10-10 21:47:53', NULL, 10.00000, 'EMS', '', '100009', 0, 0.00000, '支付宝', 0.00000, 0, 200.00000, 1, 0, 0, 'test', '广东省广州市', '402881882ba8753a012ba9342b210124,402881882ba8753a012ba9345e950125', '13800138000', 'test', '13800138000', '524244', 0, 210.00000, '15407d714c764b2695626b2b4bf62e89', '402881862b9e7507012b9e7e24540008', 'b7f46b2c4f394f748c77221a43fb6b5a'),
	('2d91dda01f0241d0bf62faf6baedfa75', '2016-06-19 20:24:45', '2016-06-20 11:50:56', 15.00000, '快递公司', 'asfsdfsf', '100173', 2, 0.00000, '支付宝', 0.00000, 0, 11.00000, 1, 2, 0, 'werwrw', '北京东城区', '402881882ba8753a012ba8bf474d001c,402881882ba8753a012ba8bfacfd001d', '13622222222', 'tttt', '12313412341', '100086', 2, 26.00000, '3f2ad58932254f448558dbdb77e47013', '402881862b9f9e78012b9f9fe5a30001', 'b7f46b2c4f394f748c77221a43fb6b5a'),
	('2e710997aa5f40238785a25e509a1c8d', '2016-04-06 23:28:25', NULL, 10.00000, 'EMS1', '', '100108', 0, 0.00000, '货到付款', 0.00000, 0, 123.00000, 1, 3, 0, '对方水电费', '北京西城区', '402881882ba8753a012ba8bf474d001c,402881882ba8753a012ba8bff6f6001e', '15802863002', '防守打法', '07763922299', '533707', 0, 133.00000, '21ca887c8675474ca4865a6532a077a4', '402881862b9e7507012b9e7e24540008', 'b7f46b2c4f394f748c77221a43fb6b5a'),
	('2e926b20f08046c886b417e4a99eb4f0', '2016-06-02 11:43:08', '2016-06-06 09:18:25', 0.00000, '普通快速（免费）', '', '100163', 0, 0.00000, '财付通', 0.00000, 0, 1611.00000, 9, 18, 1, 'test', '广东省广州市', '402881882ba8753a012ba9342b210124,402881882ba8753a012ba9345e950125', '13800138000', 'test', '13800138000', '524244', 2, 1611.00000, '15407d714c764b2695626b2b4bf62e89', '402881882ba8753a012ba8bc6582001a', '402881862b9f2bff012b9f2d616a0001'),
	('2f4813603d8c472c9fc4b30d8d579797', '2015-10-23 15:53:49', '2015-10-23 15:57:14', 0.00000, '普通快速（免费）', '', '100020', 2, 0.00000, '线下支付', 0.00000, 0, 400.00000, 2, 0, 0, '天安门', '北京东城区', '402881882ba8753a012ba8bf474d001c,402881882ba8753a012ba8bfacfd001d', '18818881888', 'test', '8888888', '555555', 2, 400.00000, 'c966b8e9ec514997a9b17075d6091091', '402881882ba8753a012ba8bc6582001a', '402881862b9f9e78012b9fa02aca0002'),
	('2f66c444e4784c08b1a0c8cb5373a212', '2016-02-28 11:16:19', NULL, 15.00000, '快递公司', '', '100088', 0, 0.00000, '支付宝', 0.00000, 0, 12.00000, 1, 123, 0, '耒阳市', '河北省秦皇岛市', '402881882ba8753a012ba8c689d30042,402881882ba8753a012ba8c73d920045', '13798064110', '李红元', '13798064110', '421819', 0, 27.00000, '150c791333b24223b4e12bf0fe1730e6', '402881862b9f9e78012b9f9fe5a30001', 'b7f46b2c4f394f748c77221a43fb6b5a'),
	('2fca876a64a54089b42dc00891ceff62', '2016-06-19 19:17:45', NULL, 15.00000, '快递公司', '44444', '100172', 0, 0.00000, '支付宝', 0.00000, 0, 58.00000, 5, 212, 0, 'sdfsdf', '北京东城区', '402881882ba8753a012ba8bf474d001c,402881882ba8753a012ba8bfacfd001d', '15210455588', 'sfsdf ', '15210455588', '100000', 0, 73.00000, '15407d714c764b2695626b2b4bf62e89', '402881862b9f9e78012b9f9fe5a30001', 'b7f46b2c4f394f748c77221a43fb6b5a'),
	('2fe9fc8c168646d4ab60fc42b538d11f', '2015-11-14 11:50:58', '2015-11-17 09:09:13', 0.00000, '普通快速（免费）', '', '100035', 2, 0.00000, '财付通', 0.00000, 0, 1200.00000, 2, 1, 1, 'test', '广东省广州市', '402881882ba8753a012ba9342b210124,402881882ba8753a012ba9345e950125', '13800138000', 'test', '13800138000', '524244', 2, 1200.00000, '15407d714c764b2695626b2b4bf62e89', '402881882ba8753a012ba8bc6582001a', '402881862b9f2bff012b9f2d616a0001'),
	('3029dab432bc405cbe93accf28049f73', '2016-01-16 12:02:47', NULL, 10.00000, 'EMS1', '', '100071', 0, 0.00000, '货到付款', 0.00000, 0, 199.00000, 1, 400, 0, '111', '浙江省杭州市', '402881882ba8753a012ba8da48e000b0,402881882ba8753a012ba8da7d2f00b1', '13588877105', '周国丰', '13588877105', '310000', 0, 209.00000, '7d06feb7e45246bf8ccd8fab5f0838a0', '402881862b9e7507012b9e7e24540008', '402881862b9f9e78012b9fa02aca0002'),
	('308e5620f7b14f8cb42d98e28706c6d8', '2016-07-19 13:31:39', NULL, 15.00000, 'EMS1', '1212', '100180', 0, 0.00000, '货到付款', 0.00000, 0, 498.00000, 2, 1.4, 1, 'test', '广东省广州市', '402881882ba8753a012ba9342b210124,402881882ba8753a012ba9345e950125', '13800138000', 'test', '13800138000', '524244', 0, 513.00000, '15407d714c764b2695626b2b4bf62e89', '402881862b9e7507012b9e7e24540008', 'b7f46b2c4f394f748c77221a43fb6b5a'),
	('30d298593e43401ba74caa21ddcae711', '2016-04-22 16:46:25', NULL, 15.00000, '快递公司', '', '100131', 0, 0.00000, '支付宝', 0.00000, 0, 1000.00000, 1, 1, 1, '湖南省耒阳市', '北京东城区', '402881882ba8753a012ba8bf474d001c,402881882ba8753a012ba8bfacfd001d', '13017044931', 'xms', '13017044931', '400000', 0, 1015.00000, '855d229b7b5b4fc6a2556cf111fb2626', '402881862b9f9e78012b9f9fe5a30001', 'b7f46b2c4f394f748c77221a43fb6b5a'),
	('31b9dd88ba6e497eab6c7a56c9ca4c40', '2015-10-09 17:39:19', '2015-10-09 17:46:45', 10.00000, 'EMS', '', '100007', 2, 0.00000, '财付通', 0.00000, 0, 299.00000, 1, 1, 1, '重庆市渝中区大坪', '重庆市渝中区', '402881882ba8753a012ba93a6743014c,402881882ba8753a012ba93b5898014f', '13800138000', '刘兴松', '47334726', '402289', 2, 309.00000, 'f1553304a01f4de4bb0fa15dff9a5246', '402881862b9e7507012b9e7e24540008', '402881862b9f2bff012b9f2d616a0001'),
	('32133c0ce2c244a9b07659ae5db4d7f7', '2016-03-31 17:42:47', NULL, 10.00000, 'EMS1', '', '100101', 0, 0.00000, '货到付款', 0.00000, 0, 1000.00000, 1, 1, 1, '对方水电费', '北京西城区', '402881882ba8753a012ba8bf474d001c,402881882ba8753a012ba8bff6f6001e', '15802863002', '防守打法', '07763922299', '533707', 0, 1010.00000, '21ca887c8675474ca4865a6532a077a4', '402881862b9e7507012b9e7e24540008', 'b7f46b2c4f394f748c77221a43fb6b5a'),
	('3326a7715fb84ad3b10d7d39f8cd5c59', '2015-11-26 13:59:56', '2015-12-15 10:06:56', 15.00000, '快递公司', '', '100040', 2, 0.00000, '线下支付', 0.00000, 0, 1000.00000, 1, 1, 1, 'aaa', '湖南省长沙市', '402881882ba8753a012ba930d6690115,402881882ba8753a012ba93101120116', '18812345678', 'aaa', '18812345678', '410000', 2, 1015.00000, '15407d714c764b2695626b2b4bf62e89', '402881862b9f9e78012b9f9fe5a30001', '402881862b9f9e78012b9fa02aca0002'),
	('35981d5c69a147098834797ed01a45bb', '2016-05-24 00:48:39', NULL, 10.00000, 'EMS1', '', '100156', 0, 0.00000, '货到付款', 0.00000, 0, 199.00000, 1, 400, 0, 'test', '广东省广州市', '402881882ba8753a012ba9342b210124,402881882ba8753a012ba9345e950125', '13800138000', 'test', '13800138000', '524244', 0, 209.00000, '15407d714c764b2695626b2b4bf62e89', '402881862b9e7507012b9e7e24540008', '402881862b9f2bff012b9f2d616a0001'),
	('35a4217f592f4178a72f8c47138cf9c1', '2016-04-27 08:09:22', NULL, 0.00000, '普通快速（免费）', '', '100133', 0, 0.00000, '支付宝', 0.00000, 0, 199.00000, 1, 400, 0, 'test', '广东省广州市', '402881882ba8753a012ba9342b210124,402881882ba8753a012ba9345e950125', '13800138000', 'test', '13800138000', '524244', 0, 199.00000, '15407d714c764b2695626b2b4bf62e89', '402881882ba8753a012ba8bc6582001a', 'b7f46b2c4f394f748c77221a43fb6b5a'),
	('37331b95cdbf48eda0bde65831f11cd6', '2016-06-07 11:38:11', NULL, 15.00000, 'EMS1', '', '100165', 0, 0.00000, '货到付款', 0.00000, 0, 498.00000, 2, 1.4, 1, 'aaa', '湖南省长沙市', '402881882ba8753a012ba930d6690115,402881882ba8753a012ba93101120116', '18812345678', 'aaa', '18812345678', '410000', 0, 513.00000, '15407d714c764b2695626b2b4bf62e89', '402881862b9e7507012b9e7e24540008', '402881862b9f2bff012b9f2d616a0001'),
	('39c9b66faff445cd84976801f23ac01b', '2015-11-24 19:11:15', NULL, 10.00000, 'EMS1', '', '100039', 0, 0.00000, '货到付款', 0.00000, 0, 1000.00000, 1, 1, 1, 'test', '广东省广州市', '402881882ba8753a012ba9342b210124,402881882ba8753a012ba9345e950125', '13800138000', 'test', '13800138000', '524244', 0, 1010.00000, '15407d714c764b2695626b2b4bf62e89', '402881862b9e7507012b9e7e24540008', '402881862b9f2bff012b9f2d616a0001'),
	('3cd481eebbb64513923ba8e35d66bd95', '2016-04-27 08:53:02', NULL, 0.00000, '普通快速（免费）', '', '100135', 0, 0.00000, '支付宝', 0.00000, 0, 400.00000, 2, 0, 0, 'aaa', '湖南省长沙市', '402881882ba8753a012ba930d6690115,402881882ba8753a012ba93101120116', '18812345678', 'aaa', '18812345678', '410000', 0, 400.00000, '15407d714c764b2695626b2b4bf62e89', '402881882ba8753a012ba8bc6582001a', 'b7f46b2c4f394f748c77221a43fb6b5a'),
	('405684807771459780aebe04982f47a4', '2016-05-12 22:19:44', NULL, 10.00000, 'EMS1', '', '100152', 0, 0.00000, '货到付款', 0.00000, 0, 200.00000, 1, 0, 0, 'test', '广东省广州市', '402881882ba8753a012ba9342b210124,402881882ba8753a012ba9345e950125', '13800138000', 'test', '13800138000', '524244', 0, 210.00000, '15407d714c764b2695626b2b4bf62e89', '402881862b9e7507012b9e7e24540008', 'b7f46b2c4f394f748c77221a43fb6b5a'),
	('407d74d6b46f47098fc9513148c9645d', '2015-10-23 15:59:44', '2015-10-26 15:48:36', 15.00000, '快递公司', '', '100021', 0, 0.00000, '支付宝', 0.00000, 0, 200.00000, 1, 0, 0, '天安门', '北京东城区', '402881882ba8753a012ba8bf474d001c,402881882ba8753a012ba8bfacfd001d', '18818881888', 'test', '8888888', '555555', 2, 215.00000, 'c966b8e9ec514997a9b17075d6091091', '402881862b9f9e78012b9f9fe5a30001', 'b7f46b2c4f394f748c77221a43fb6b5a'),
	('43ceae3231fc406e887663eb96c86f46', '2016-04-19 10:38:27', NULL, 0.00000, '普通快速（免费）', '', '100123', 0, 0.00000, '支付宝', 0.00000, 0, 2000.00000, 2, 2, 1, '测试地址', '湖南省长沙市', '402881882ba8753a012ba930d6690115,402881882ba8753a012ba93101120116', '13713793579', '测试地址', '13713793579', '410100', 0, 2000.00000, 'b1bedc76936d430cbb1649ed59bf4821', '402881882ba8753a012ba8bc6582001a', 'b7f46b2c4f394f748c77221a43fb6b5a'),
	('4436d98b22c444cc8ee50b1bb9e90375', '2016-06-07 22:10:49', NULL, 15.00000, 'EMS1', '', '100167', 0, 0.00000, '货到付款', 0.00000, 0, 179.00000, 1, 2, 1, '方法', '北京东城区', '402881882ba8753a012ba8bf474d001c,402881882ba8753a012ba8bfacfd001d', '12345678888', '方法', '12345678', '310000', 0, 194.00000, 'bce3c42712ca4bce9f2b8eb21b1538ed', '402881862b9e7507012b9e7e24540008', '402881862b9f2bff012b9f2d616a0001'),
	('44eec2bfb2174b33bdc89e07d199b1da', '2016-04-11 10:37:59', NULL, 10.00000, 'EMS1', '', '100113', 0, 0.00000, '货到付款', 0.00000, 0, 12.00000, 1, 123, 0, 'ddd', '山西省', '402881882ba8753a012ba8c8f0b1004e', '13235627222', 'dd', '13235627222', '430070', 0, 22.00000, '0011bd5ba3cd4a34a85eb1e55e9b1d53', '402881862b9e7507012b9e7e24540008', 'b7f46b2c4f394f748c77221a43fb6b5a'),
	('470a6e507fd84675b878e9071db1186d', '2015-11-03 10:49:01', NULL, 10.00000, 'EMS', '', '100028', 0, 0.00000, '财付通', 0.00000, 0, 400.00000, 2, 0, 0, 'test', '广东省广州市', '402881882ba8753a012ba9342b210124,402881882ba8753a012ba9345e950125', '13800138000', 'test', '13800138000', '524244', 0, 410.00000, '15407d714c764b2695626b2b4bf62e89', '402881862b9e7507012b9e7e24540008', '402881862b9f2bff012b9f2d616a0001'),
	('490d1d5b37eb4dbdbb4fce75add207db', '2016-01-22 20:57:14', '2016-01-22 20:59:37', 10.00000, 'EMS1', '', '100077', 2, 0.00000, '货到付款', 0.00000, 0, 0.00000, 1, 0, 0, '长沙1009', '湖南省长沙市', '402881882ba8753a012ba930d6690115,402881882ba8753a012ba93101120116', '12312312312', '张三', '12312312312', '100010', 2, 10.00000, '442639dcb7c6476c8a127d1dfbdd7a30', '402881862b9e7507012b9e7e24540008', '402881862b9f9e78012b9fa02aca0002'),
	('499e9c7a80d54cdd83eb73b335b372f7', '2016-04-10 23:27:45', NULL, 15.00000, '快递公司', 'dddd', '100111', 0, 0.00000, '支付宝', 0.00000, 0, 200.00000, 1, 0, 0, 'ddd', '山西省', '402881882ba8753a012ba8c8f0b1004e', '13235627222', 'dd', '13235627222', '430070', 0, 215.00000, '0011bd5ba3cd4a34a85eb1e55e9b1d53', '402881862b9f9e78012b9f9fe5a30001', 'b7f46b2c4f394f748c77221a43fb6b5a'),
	('49cd8adf3bdc4839b905c0cb1b6d84fd', '2016-05-31 13:08:10', NULL, 20.00000, 'EMS1', '', '100158', 0, 0.00000, '货到付款', 0.00000, 0, 1294.00000, 6, 3, 1, 'test', '广东省广州市', '402881882ba8753a012ba9342b210124,402881882ba8753a012ba9345e950125', '13800138000', 'test', '13800138000', '524244', 0, 1314.00000, '15407d714c764b2695626b2b4bf62e89', '402881862b9e7507012b9e7e24540008', '402881862b9f9e78012b9fa02aca0002'),
	('4a1c681bde044836bee4b8551f5f4cc1', '2016-04-03 14:32:55', NULL, 0.00000, '普通快速（免费）', '', '100106', 0, 0.00000, '支付宝', 0.00000, 0, 123.00000, 1, 3, 0, 'aaa', '湖南省长沙市', '402881882ba8753a012ba930d6690115,402881882ba8753a012ba93101120116', '18812345678', 'aaa', '18812345678', '410000', 0, 123.00000, '15407d714c764b2695626b2b4bf62e89', '402881882ba8753a012ba8bc6582001a', 'b7f46b2c4f394f748c77221a43fb6b5a'),
	('53f38194eca14d51b2315b550ecb70da', '2016-03-14 21:33:33', NULL, 0.00000, '普通快速（免费）', '', '100094', 0, 0.00000, '支付宝', 0.00000, 0, 123.00000, 1, 3, 0, 'oamokdokwo', '北京东城区', '402881882ba8753a012ba8bf474d001c,402881882ba8753a012ba8bfacfd001d', '11111111111', 's', '1111111111111', '111111', 0, 123.00000, '15407d714c764b2695626b2b4bf62e89', '402881882ba8753a012ba8bc6582001a', 'b7f46b2c4f394f748c77221a43fb6b5a'),
	('5600d3d0cead481e9f0015176f32e41a', '2015-12-21 11:52:11', '2015-12-21 18:14:54', 0.00000, '普通快速（免费）', '', '100051', 0, 0.00000, '支付宝', 0.00000, 0, 1000.00000, 1, 1, 1, 'test', '广东省广州市', '402881882ba8753a012ba9342b210124,402881882ba8753a012ba9345e950125', '13800138000', 'test', '13800138000', '524244', 2, 1000.00000, '15407d714c764b2695626b2b4bf62e89', '402881882ba8753a012ba8bc6582001a', 'b7f46b2c4f394f748c77221a43fb6b5a'),
	('58482fbab82a4ac8b628f1d5954b8546', '2016-08-04 20:28:52', NULL, 15.00000, '快递公司', '', '100182', 0, 0.00000, '支付宝', 0.00000, 0, 6100.00000, 2, 242, 0, '222', '广西壮族自治区柳州市', '402881882ba8753a012ba9376770013a,402881882ba8753a012ba937bf06013c', '18910111111', '222', '18910111111', '111111', 0, 6115.00000, '4da8c619c7c04e0c8b14b18c3407af7f', '402881862b9f9e78012b9f9fe5a30001', 'b7f46b2c4f394f748c77221a43fb6b5a'),
	('58fb98cab5ae4385b03ac1385bb37875', '2016-02-28 11:15:39', NULL, 15.00000, '快递公司', '', '100087', 0, 0.00000, '预存款', 0.00000, 0, 299.00000, 1, 1, 1, '耒阳市', '河北省秦皇岛市', '402881882ba8753a012ba8c689d30042,402881882ba8753a012ba8c73d920045', '13798064110', '李红元', '13798064110', '421819', 0, 314.00000, '150c791333b24223b4e12bf0fe1730e6', '402881862b9f9e78012b9f9fe5a30001', '402881862b9f9e78012b9fa092db0003'),
	('5b76877e9575448b920f59f4515b8c15', '2016-02-02 12:03:49', NULL, 15.00000, '快递公司', '', '100083', 0, 0.00000, '支付宝', 0.00000, 0, 123.00000, 1, 3, 0, 'ss', '河南省开封市', '402881882ba8753a012ba92ba9c300f6,402881882ba8753a012ba92bfab200f8', '13899357712', 'ss', '8557951', '844700', 0, 138.00000, '00499dbb4fd34befb399aa122f120da8', '402881862b9f9e78012b9f9fe5a30001', 'b7f46b2c4f394f748c77221a43fb6b5a'),
	('5bb671f2ca2c4a539c52e5bd806ca308', '2015-10-10 21:50:40', NULL, 15.00000, '快递公司', '', '100011', 0, 0.00000, '支付宝', 0.00000, 0, 199.00000, 1, 400, 0, 'test', '广东省广州市', '402881882ba8753a012ba9342b210124,402881882ba8753a012ba9345e950125', '13800138000', 'test', '13800138000', '524244', 0, 214.00000, '15407d714c764b2695626b2b4bf62e89', '402881862b9f9e78012b9f9fe5a30001', 'b7f46b2c4f394f748c77221a43fb6b5a'),
	('6127b02677284921943df96cdedc0835', '2016-04-24 08:18:18', NULL, 15.00000, 'EMS1', '', '100132', 0, 0.00000, '货到付款', 0.00000, 0, 179.00000, 1, 2, 1, 'aaa', '湖南省长沙市', '402881882ba8753a012ba930d6690115,402881882ba8753a012ba93101120116', '18812345678', 'aaa', '18812345678', '410000', 0, 194.00000, '15407d714c764b2695626b2b4bf62e89', '402881862b9e7507012b9e7e24540008', 'b7f46b2c4f394f748c77221a43fb6b5a'),
	('622635790bbe4ac7bde059e4498408f8', '2016-03-01 00:02:44', NULL, 15.00000, '快递公司', '21212', '100090', 0, 0.00000, '预存款', 0.00000, 0, 200.00000, 1, 0, 0, '212', '天津河东区', '402881882ba8753a012ba8c389a2002f,402881882ba8753a012ba8c3e4460031', '18210099362', '212', NULL, '111111', 0, 215.00000, '47408022513e4162835aa991cbbbfe86', '402881862b9f9e78012b9f9fe5a30001', '402881862b9f9e78012b9fa092db0003'),
	('626850795ed44ff6a45b5aa1a705cd3c', '2016-01-07 13:23:18', NULL, 0.00000, '普通快速（免费）', '', '100062', 0, 0.00000, '支付宝', 0.00000, 0, 4.00000, 2, 6, 0, '11', '北京东城区', '402881882ba8753a012ba8bf474d001c,402881882ba8753a012ba8bfacfd001d', '13666666666', '11', '13666666666', '360000', 0, 4.00000, '67be4dcd77884176b9c2318522e3789b', '402881882ba8753a012ba8bc6582001a', 'b7f46b2c4f394f748c77221a43fb6b5a'),
	('635f62b71275471abb9485aeca02ceba', '2015-11-04 16:21:21', '2015-11-20 00:28:20', 20.00000, '快递公司', '', '100030', 0, 0.00000, '支付宝', 0.00000, 0, 2000.00000, 2, 2, 1, '1', '北京东城区', '402881882ba8753a012ba8bf474d001c,402881882ba8753a012ba8bfacfd001d', '13911111111', '11', '01011111111', '111111', 2, 2020.00000, '2eec6d45dfed4ba1825dc078d00134fd', '402881862b9f9e78012b9f9fe5a30001', 'b7f46b2c4f394f748c77221a43fb6b5a'),
	('63c63748d8ca4d82a016c6541a127c2f', '2016-03-03 23:08:12', NULL, 0.00000, '普通快速（免费）', '', '100091', 0, 0.00000, '支付宝', 0.00000, 0, 299.00000, 1, 1, 1, 'Ggj', '山西省朔州市', '402881882ba8753a012ba8c8f0b1004e,402881882ba8753a012ba8ca0e460054', '13333333333', 'gg', '13333333333', '623000', 0, 299.00000, '861c821a2f0044768d9f3025aed0fb28', '402881882ba8753a012ba8bc6582001a', 'b7f46b2c4f394f748c77221a43fb6b5a'),
	('63e2444e14754682b5ba1f7d5a900df4', '2016-02-28 11:14:48', NULL, 10.00000, 'EMS1', '', '100086', 0, 0.00000, '货到付款', 0.00000, 0, 299.00000, 1, 1, 1, '耒阳市', '河北省秦皇岛市', '402881882ba8753a012ba8c689d30042,402881882ba8753a012ba8c73d920045', '13798064110', '李红元', '13798064110', '421819', 0, 309.00000, '150c791333b24223b4e12bf0fe1730e6', '402881862b9e7507012b9e7e24540008', '402881862b9f2bff012b9f2d616a0001'),
	('686c19898c134ed988224b80a8440fea', '2016-01-28 20:36:05', NULL, 0.00000, '普通快速（免费）', '', '100080', 0, 0.00000, '支付宝', 0.00000, 0, 179.00000, 1, 2, 1, '延安路126事', '北京东城区', '402881882ba8753a012ba8bf474d001c,402881882ba8753a012ba8bfacfd001d', '13020201222', 'xfei', '13020201222', '100011', 0, 179.00000, '74a5f9ab2932482a973b813c9af48c37', '402881882ba8753a012ba8bc6582001a', 'b7f46b2c4f394f748c77221a43fb6b5a'),
	('6a5b6de522b14c8e9f1837e3eb90878a', '2016-06-28 16:52:56', NULL, 10.00000, 'EMS1', '', '100178', 0, 0.00000, '货到付款', 0.00000, 0, 1.00000, 1, 1, 0, '点点滴滴', '浙江省丽水市', '402881882ba8753a012ba8da48e000b0,402881882ba8753a012ba8dc1c9700bb', '18381673237', '梅景飞', '18381673237', '323600', 0, 11.00000, 'd51d782038874a5e84b2f11deb70ed94', '402881862b9e7507012b9e7e24540008', 'b7f46b2c4f394f748c77221a43fb6b5a'),
	('6c25a4a4779d40c69e9a0bbe42fdf19f', '2016-04-20 13:32:59', NULL, 15.00000, '快递公司', '', '100127', 0, 0.00000, '支付宝', 0.00000, 0, 1000.00000, 1, 1, 1, 'test', '广东省广州市', '402881882ba8753a012ba9342b210124,402881882ba8753a012ba9345e950125', '13800138000', 'test', '13800138000', '524244', 0, 1015.00000, '15407d714c764b2695626b2b4bf62e89', '402881862b9f9e78012b9f9fe5a30001', 'b7f46b2c4f394f748c77221a43fb6b5a'),
	('6d7b495de95a4ef1b644a9514b4819fd', '2016-06-15 14:07:10', NULL, 15.00000, '快递公司', '', '100170', 0, 0.00000, '支付宝', 0.00000, 0, 200.00000, 1, 0, 0, 'test', '广东省广州市', '402881882ba8753a012ba9342b210124,402881882ba8753a012ba9345e950125', '13800138000', 'test', '13800138000', '524244', 0, 215.00000, '15407d714c764b2695626b2b4bf62e89', '402881862b9f9e78012b9f9fe5a30001', 'b7f46b2c4f394f748c77221a43fb6b5a'),
	('6eacc58eb08f4f0d815041b832bb10b1', '2015-12-29 00:15:22', NULL, 0.00000, '普通快速（免费）', '', '100055', 0, 0.00000, '支付宝', 0.00000, 0, 179.00000, 1, 2, 1, '龙华路', '海南省', '402881882ba8753a012ba939ac010149', '13876601236', 'qq', '66799683', '570100', 0, 179.00000, 'c045bc9db9d74084a5af851308fc3341', '402881882ba8753a012ba8bc6582001a', 'b7f46b2c4f394f748c77221a43fb6b5a'),
	('6fbd497ae1074a58803c82febf485494', '2016-01-06 18:04:16', '2016-01-07 10:15:56', 10.00000, 'EMS1', '', '100061', 0, 0.00000, '货到付款', 0.00000, 0, 400.00000, 2, 0, 0, 'oamokdokwo', '北京东城区', '402881882ba8753a012ba8bf474d001c,402881882ba8753a012ba8bfacfd001d', '11111111111', 's', '1111111111111', '111111', 2, 410.00000, '15407d714c764b2695626b2b4bf62e89', '402881862b9e7507012b9e7e24540008', 'b7f46b2c4f394f748c77221a43fb6b5a'),
	('6fd127028644444caaaf893f78274601', '2016-06-01 18:26:27', NULL, 0.00000, '普通快速（免费）', '', '100161', 0, 0.00000, '支付宝', 0.00000, 0, 1800.00000, 9, 0, 0, 'test', '广东省广州市', '402881882ba8753a012ba9342b210124,402881882ba8753a012ba9345e950125', '13800138000', 'test', '13800138000', '524244', 0, 1800.00000, '15407d714c764b2695626b2b4bf62e89', '402881882ba8753a012ba8bc6582001a', 'b7f46b2c4f394f748c77221a43fb6b5a'),
	('704fd05b61464bc5bcc83797f0e5dd36', '2016-04-05 20:25:00', NULL, 0.00000, '普通快速（免费）', '', '100107', 0, 0.00000, '财付通', 0.00000, 0, 1000.00000, 1, 1, 1, 'test', '广东省广州市', '402881882ba8753a012ba9342b210124,402881882ba8753a012ba9345e950125', '13800138000', 'test', '13800138000', '524244', 0, 1000.00000, '15407d714c764b2695626b2b4bf62e89', '402881882ba8753a012ba8bc6582001a', '402881862b9f2bff012b9f2d616a0001'),
	('7074981060db4c33a949773fa338e787', '2016-01-21 14:20:21', NULL, 15.00000, 'EMS1', '', '100075', 0, 0.00000, '货到付款', 0.00000, 0, 179.00000, 1, 2, 1, 'aaaa', '北京东城区', '402881882ba8753a012ba8bf474d001c,402881882ba8753a012ba8bfacfd001d', '13967138010', 'aaaa', '13967138010', '111111', 0, 194.00000, 'b2fee980147a44de83c5169969b1ec76', '402881862b9e7507012b9e7e24540008', '402881862b9f2bff012b9f2d616a0001'),
	('70a337f1d2664664af30cae608bcd2fc', '2015-10-20 15:53:13', '2015-10-20 17:23:25', 15.00000, '快递公司', '', '100017', 0, 0.00000, '支付宝', 0.00000, 0, 400.00000, 2, 0, 0, 'test', '广东省广州市', '402881882ba8753a012ba9342b210124,402881882ba8753a012ba9345e950125', '13800138000', 'test', '13800138000', '524244', 2, 415.00000, '15407d714c764b2695626b2b4bf62e89', '402881862b9f9e78012b9f9fe5a30001', 'b7f46b2c4f394f748c77221a43fb6b5a'),
	('71259949435c454d88dcaab5e2e791bb', '2016-01-05 09:18:20', NULL, 15.00000, '快递公司', '', '100059', 0, 0.00000, '支付宝', 0.00000, 0, 200.00000, 1, 0, 0, 'asdfadsf', '天津河东区', '402881882ba8753a012ba8c389a2002f,402881882ba8753a012ba8c3e4460031', '15182456874', 'dsfasdf', '15182456874', '610100', 0, 215.00000, '2ed32e1a1a994aa48c1c3d3da4a1c256', '402881862b9f9e78012b9f9fe5a30001', 'b7f46b2c4f394f748c77221a43fb6b5a'),
	('750de6267f124adcb72c9aa08b46d7e5', '2016-07-19 13:01:03', NULL, 15.00000, '快递公司', '', '100179', 0, 0.00000, '支付宝', 0.00000, 0, 144.00000, 3, 56, 0, 'test', '广东省广州市', '402881882ba8753a012ba9342b210124,402881882ba8753a012ba9345e950125', '13800138000', 'test', '13800138000', '524244', 0, 159.00000, '15407d714c764b2695626b2b4bf62e89', '402881862b9f9e78012b9f9fe5a30001', 'b7f46b2c4f394f748c77221a43fb6b5a'),
	('764cb87e45304cc18f345565f926e181', '2016-10-08 14:16:52', NULL, 0.00000, '普通快速（免费）', '', '100185', 0, 0.00000, '线下支付', 0.00000, 0, 6143.00000, 3, 287, 0, 'aaa', '湖南省长沙市', '402881882ba8753a012ba930d6690115,402881882ba8753a012ba93101120116', '18812345678', 'aaa', '18812345678', '410000', 0, 6143.00000, '15407d714c764b2695626b2b4bf62e89', '402881882ba8753a012ba8bc6582001a', '402881862b9f9e78012b9fa02aca0002'),
	('7af299c8c670489ba7b81f4e9583db75', '2016-05-17 14:13:26', NULL, 0.00000, '普通快速（免费）', '', '100154', 0, 0.00000, '线下支付', 0.00000, 0, 499.00000, 2, 1, 1, '12', '北京西城区', '402881882ba8753a012ba8bf474d001c,402881882ba8753a012ba8bff6f6001e', '18350019454', '21', NULL, '352211', 0, 499.00000, '650af84fe9cb4b2a91ff9ae776669fb0', '402881882ba8753a012ba8bc6582001a', '402881862b9f9e78012b9fa02aca0002'),
	('7b0c92ea765d404ca7c58002aa061003', '2016-04-17 21:09:06', NULL, 25.00000, '快递公司', '', '100118', 0, 0.00000, '预存款', 0.00000, 0, 1179.00000, 2, 3, 1, '北京三李屯', '北京', '402881882ba8753a012ba8bf474d001c', '13456578494', '孙悟空', '010-98986853', '100020', 0, 1204.00000, 'b403d3ab3dda404180676299aa7bcde1', '402881862b9f9e78012b9f9fe5a30001', '402881862b9f9e78012b9fa092db0003'),
	('7ff6d44c8daf4f158c76e2906a34873d', '2016-06-01 13:11:41', NULL, 0.00000, '普通快速（免费）', '323', '100159', 0, 0.00000, '财付通', 0.00000, 0, 597.00000, 3, 1.2, 1, 'zf', '北京西城区', '402881882ba8753a012ba8bf474d001c,402881882ba8753a012ba8bff6f6001e', '13573432123', 'zf', '13573432123', '250000', 0, 597.00000, '06b81f1ef9434a57b0bf24c76920a851', '402881882ba8753a012ba8bc6582001a', '402881862b9f2bff012b9f2d616a0001'),
	('8169ef843e0f4bbb882a838c6c325d13', '2016-01-02 14:29:01', NULL, 15.00000, '快递公司', '', '100057', 0, 0.00000, '财付通', 0.00000, 0, 199.00000, 1, 400, 0, '33', '北京西城区', '402881882ba8753a012ba8bf474d001c,402881882ba8753a012ba8bff6f6001e', '18653217930', '33', '82308732', '266000', 0, 214.00000, '659bd9f7a45f4ba38e9a07c851bb53c0', '402881862b9f9e78012b9f9fe5a30001', '402881862b9f2bff012b9f2d616a0001'),
	('83152edca4be474789025a0286c844ae', '2016-05-06 09:27:53', NULL, 20.00000, '快递公司', '', '100146', 0, 0.00000, '支付宝', 0.00000, 0, 179.00000, 1, 2, 1, '1', '天津和平区', '402881882ba8753a012ba8c389a2002f,402881882ba8753a012ba8c3bcc80030', '13992315157', '1', '7310844', '666100', 0, 199.00000, '1ad197e502444e9fb721f7c8f2914881', '402881862b9f9e78012b9f9fe5a30001', 'b7f46b2c4f394f748c77221a43fb6b5a'),
	('83c1e73af7624056bd60918176e86dc6', '2016-02-04 00:46:47', NULL, 0.00000, '普通快速（免费）', '', '100084', 0, 0.00000, '支付宝', 0.00000, 0, 1000.00000, 1, 1, 1, 'a', '北京西城区', '402881882ba8753a012ba8bf474d001c,402881882ba8753a012ba8bff6f6001e', '15201069327', 'aa', '15201069327', '100000', 0, 1000.00000, '48aa0eaf02bd4d00b523e9670b186a7a', '402881882ba8753a012ba8bc6582001a', 'b7f46b2c4f394f748c77221a43fb6b5a'),
	('85b9e83497874bbe8a5a834d8ed9733b', '2016-06-21 00:51:05', '2016-06-25 12:38:13', 15.00000, '快递公司', '', '100176', 2, 0.00000, '预存款', 0.00000, 0, 50.00000, 1, 200, 0, 'aaa', '湖南省长沙市', '402881882ba8753a012ba930d6690115,402881882ba8753a012ba93101120116', '18812345678', 'aaa', '18812345678', '410000', 0, 65.00000, '15407d714c764b2695626b2b4bf62e89', '402881862b9f9e78012b9f9fe5a30001', '402881862b9f9e78012b9fa092db0003'),
	('86561cd493e345e68519ebe61c4f2b45', '2016-04-27 08:54:00', NULL, 0.00000, '普通快速（免费）', '', '100136', 0, 0.00000, '支付宝', 0.00000, 0, 597.00000, 3, 1.2, 1, 'aaa', '湖南省长沙市', '402881882ba8753a012ba930d6690115,402881882ba8753a012ba93101120116', '18812345678', 'aaa', '18812345678', '410000', 0, 597.00000, '15407d714c764b2695626b2b4bf62e89', '402881882ba8753a012ba8bc6582001a', 'b7f46b2c4f394f748c77221a43fb6b5a'),
	('86b52c7c89dc4367af93f53446d48d96', '2015-10-07 00:39:42', NULL, 10.00000, 'EMS', '', '100005', 0, 0.00000, '支付宝', 0.00000, 0, 400.00000, 2, 0, 0, '32131', '北京西城区', '402881882ba8753a012ba8bf474d001c,402881882ba8753a012ba8bff6f6001e', '13333333333', '213123', '33213231', '222222', 0, 410.00000, '872103f0c6484dfcad0864d9e8491338', '402881862b9e7507012b9e7e24540008', 'b7f46b2c4f394f748c77221a43fb6b5a'),
	('88fe860923bb457e988f71e1e3ce2c51', '2016-04-28 21:11:50', NULL, 20.00000, '快递公司', '', '100141', 0, 0.00000, '支付宝', 0.00000, 0, 2200.00000, 3, 2, 1, 'fdsfd', '四川省成都市', '402881882ba8753a012ba93d95780160,402881882ba8753a012ba93dc8110161', '13308175417', '梁先平', '13308175417', '252555', 0, 2220.00000, '21496ddcdadb4e3c954b5964cb138bad', '402881862b9f9e78012b9f9fe5a30001', 'b7f46b2c4f394f748c77221a43fb6b5a'),
	('8c0fbbaf198a49b78d1c94502d1569eb', '2015-09-02 14:06:27', NULL, 0.00000, '普通快速（免费）', 'fdsd', '100001', 0, 0.00000, '线下支付', 0.00000, 0, 299.00000, 1, 1, 1, 'fdss', '上海市黄浦区', '402881882ba8753a012ba8d3f4f1008e,402881882ba8753a012ba8d45968008f', '13002878734', 'fdfds', '02154122456', '200000', 0, 299.00000, '15ee25399a9742cb9eda930ca211e4c6', '402881882ba8753a012ba8bc6582001a', '402881862b9f9e78012b9fa02aca0002'),
	('8e2454f48ff544498cde78a6df90a9d0', '2016-05-17 00:44:52', NULL, 10.00000, 'EMS1', '2', '100153', 0, 0.00000, '货到付款', 0.00000, 0, 1000.00000, 1, 1, 1, '1', '天津河西区', '402881882ba8753a012ba8c389a2002f,402881882ba8753a012ba8c409df0032', '13333333333', '1', '22222222222', '136200', 0, 1010.00000, 'b47594b101ed44279ff69a300cd435f5', '402881862b9e7507012b9e7e24540008', 'b7f46b2c4f394f748c77221a43fb6b5a'),
	('8ee1b3e9a90a4156a43407719c5a337d', '2016-01-31 20:07:16', NULL, 15.00000, '快递公司', '', '100081', 0, 0.00000, '支付宝', 0.00000, 0, 123.00000, 1, 3, 0, 'oamokdokwo', '北京东城区', '402881882ba8753a012ba8bf474d001c,402881882ba8753a012ba8bfacfd001d', '11111111111', 's', '1111111111111', '111111', 0, 138.00000, '15407d714c764b2695626b2b4bf62e89', '402881862b9f9e78012b9f9fe5a30001', 'b7f46b2c4f394f748c77221a43fb6b5a'),
	('8fe40e71ba6244d6b67757d5075713bd', '2016-04-28 15:19:30', NULL, 0.00000, '普通快速（免费）', '', '100139', 0, 0.00000, '支付宝', 0.00000, 0, 242.00000, 2, 445, 0, 'aaa', '湖南省长沙市', '402881882ba8753a012ba930d6690115,402881882ba8753a012ba93101120116', '18812345678', 'aaa', '18812345678', '410000', 0, 242.00000, '15407d714c764b2695626b2b4bf62e89', '402881882ba8753a012ba8bc6582001a', 'b7f46b2c4f394f748c77221a43fb6b5a'),
	('9094e3b8538f4610a75c7bb82fd679e1', '2016-04-18 10:09:39', NULL, 30.00000, '快递公司', '343443', '100119', 0, 0.00000, '支付宝', 0.00000, 0, 4400.00000, 6, 4, 1, 'sfsf', '北京西城区', '402881882ba8753a012ba8bf474d001c,402881882ba8753a012ba8bff6f6001e', '18561590689', 'dsf', '18561590689', '266232', 0, 4430.00000, 'ce03ce603ff94d0e91e6c7d9cbb4fdaf', '402881862b9f9e78012b9f9fe5a30001', 'b7f46b2c4f394f748c77221a43fb6b5a'),
	('933798d325734f19844c26b35d4beb49', '2015-10-23 16:22:15', '2015-10-26 15:43:18', 0.00000, '普通快速（免费）', '', '100022', 0, 0.00000, '线下支付', 0.00000, 0, 200.00000, 1, 0, 0, 'test', '广东省广州市', '402881882ba8753a012ba9342b210124,402881882ba8753a012ba9345e950125', '13800138000', 'test', '13800138000', '524244', 2, 200.00000, '15407d714c764b2695626b2b4bf62e89', '402881882ba8753a012ba8bc6582001a', '402881862b9f9e78012b9fa02aca0002'),
	('953faaa1d4fe45f1bd6656e7818f8fd3', '2016-04-18 14:36:07', NULL, 10.00000, 'EMS1', '', '100120', 0, 0.00000, '货到付款', 0.00000, 0, 12.00000, 1, 123, 0, 'oamokdokwo', '北京东城区', '402881882ba8753a012ba8bf474d001c,402881882ba8753a012ba8bfacfd001d', '11111111111', 's', '1111111111111', '111111', 0, 22.00000, '15407d714c764b2695626b2b4bf62e89', '402881862b9e7507012b9e7e24540008', 'b7f46b2c4f394f748c77221a43fb6b5a'),
	('966c5c8b88b24f0c8a7ec839c36985a9', '2015-10-26 15:45:21', '2015-10-26 15:45:53', 0.00000, '普通快速（免费）', '', '100024', 0, 0.00000, '线下支付', 0.00000, 0, 400.00000, 2, 0, 0, 'test', '广东省广州市', '402881882ba8753a012ba9342b210124,402881882ba8753a012ba9345e950125', '13800138000', 'test', '13800138000', '524244', 2, 400.00000, '15407d714c764b2695626b2b4bf62e89', '402881882ba8753a012ba8bc6582001a', '402881862b9f9e78012b9fa02aca0002'),
	('97e939fc011a43838c3fc1e5ba9d7af8', '2015-11-17 09:54:02', NULL, 0.00000, '普通快速（免费）', '', '100036', 0, 0.00000, '支付宝', 0.00000, 0, 6001.00000, 7, 6.004, 1, 'test', '广东省广州市', '402881882ba8753a012ba9342b210124,402881882ba8753a012ba9345e950125', '13800138000', 'test', '13800138000', '524244', 0, 6001.00000, '15407d714c764b2695626b2b4bf62e89', '402881882ba8753a012ba8bc6582001a', 'b7f46b2c4f394f748c77221a43fb6b5a'),
	('982fcb236cea49a5a5ede8d408c8fc61', '2016-02-01 17:50:12', NULL, 20.00000, '快递公司', '', '100082', 0, 0.00000, '支付宝', 0.00000, 0, 179.00000, 1, 2, 1, 'sdfsdf', '北京东城区', '402881882ba8753a012ba8bf474d001c,402881882ba8753a012ba8bfacfd001d', '15210455588', 'sfsdf ', '15210455588', '100000', 0, 199.00000, '15407d714c764b2695626b2b4bf62e89', '402881862b9f9e78012b9f9fe5a30001', 'b7f46b2c4f394f748c77221a43fb6b5a'),
	('9a35c8d3eb634c7aa1d8d7723963dcd4', '2016-08-11 14:44:07', NULL, 15.00000, '快递公司', '', '100183', 0, 0.00000, '预存款', 0.00000, 0, 2.00000, 1, 3, 0, '咳咳咳咳咳咳', '北京西城区', '402881882ba8753a012ba8bf474d001c,402881882ba8753a012ba8bff6f6001e', '15116347584', '咳咳咳', '15116347584', '410000', 0, 17.00000, 'c685a24476af4a07977e3d98b16713b0', '402881862b9f9e78012b9f9fe5a30001', '402881862b9f9e78012b9fa092db0003'),
	('9ae9d83f7ce542c59054a36232e98eef', '2015-12-22 15:22:55', NULL, 0.00000, '普通快速（免费）', '', '100052', 0, 0.00000, '支付宝', 0.00000, 0, 110.00000, 2, 2, 0, 'ssdfadfaadf', '北京西城区', '402881882ba8753a012ba8bf474d001c,402881882ba8753a012ba8bff6f6001e', '13245678901', 'adfsss', '12121212121', '212122', 0, 110.00000, 'a8170b1c3cf94279af5851f0cffe8eb6', '402881882ba8753a012ba8bc6582001a', 'b7f46b2c4f394f748c77221a43fb6b5a'),
	('9b24d7a64bb64d17a948f15976d095be', '2016-05-17 17:45:54', NULL, 15.00000, '快递公司', '', '100155', 0, 0.00000, '支付宝', 0.00000, 0, 28.00000, 5, 13, 0, 'test', '广东省广州市', '402881882ba8753a012ba9342b210124,402881882ba8753a012ba9345e950125', '13800138000', 'test', '13800138000', '524244', 0, 43.00000, '15407d714c764b2695626b2b4bf62e89', '402881862b9f9e78012b9f9fe5a30001', 'b7f46b2c4f394f748c77221a43fb6b5a'),
	('9c225ad1a5df4e4c863a70f68221781e', '2016-06-20 12:00:19', NULL, 10.00000, 'EMS1', '', '100174', 0, 0.00000, '货到付款', 0.00000, 0, 15.00000, 3, 8, 0, '123', '天津河西区', '402881882ba8753a012ba8c389a2002f,402881882ba8753a012ba8c409df0032', '13811111111', '123', '11111111', '122222', 0, 25.00000, '6c19a03bbc994605811b1ad9e01fc67f', '402881862b9e7507012b9e7e24540008', 'b7f46b2c4f394f748c77221a43fb6b5a'),
	('9e0bb7c64009445caa45a32a5de4fc35', '2015-10-09 16:19:00', NULL, 15.00000, 'EMS', '', '100006', 0, 0.00000, '支付宝', 0.00000, 0, 179.00000, 1, 2, 1, '重庆市渝中区大坪', '重庆市渝中区', '402881882ba8753a012ba93a6743014c,402881882ba8753a012ba93b5898014f', '13800138000', '刘兴松', '47334726', '402289', 0, 194.00000, 'f1553304a01f4de4bb0fa15dff9a5246', '402881862b9e7507012b9e7e24540008', 'b7f46b2c4f394f748c77221a43fb6b5a'),
	('9ebd37e777bb498884aaaf6e27df9c65', '2015-10-16 14:25:56', NULL, 10.00000, 'EMS', '', '100015', 0, 0.00000, '线下支付', 0.00000, 0, 199.00000, 1, 400, 0, 'xxxx', '四川省成都市', '402881882ba8753a012ba93d95780160,402881882ba8753a012ba93dc8110161', '10000000000', 'zhangsan', '00000000', '000000', 0, 209.00000, '869eebfade574f21b85890ac0aadb653', '402881862b9e7507012b9e7e24540008', '402881862b9f9e78012b9fa02aca0002'),
	('9fe2bc46a10745a0b8821c6c7f0455a5', '2015-10-14 16:54:13', NULL, 15.00000, '快递公司', '', '100013', 0, 0.00000, '支付宝', 0.00000, 0, 199.00000, 1, 400, 0, '13312341234', '天津', '402881882ba8753a012ba8c389a2002f', '13312341234', '13312341234', '13312341234', '123123', 0, 214.00000, '4001e67493154fb9a1dd6736b904ff6c', '402881862b9f9e78012b9f9fe5a30001', 'b7f46b2c4f394f748c77221a43fb6b5a'),
	('a002d57f9d6d4485967298e7d3427745', '2016-02-28 11:13:48', NULL, 20.00000, '快递公司', '', '100085', 0, 0.00000, '线下支付', 0.00000, 0, 1499.00000, 3, 2, 1, '耒阳市', '河北省秦皇岛市', '402881882ba8753a012ba8c689d30042,402881882ba8753a012ba8c73d920045', '13798064110', '李红元', '13798064110', '421819', 0, 1519.00000, '150c791333b24223b4e12bf0fe1730e6', '402881862b9f9e78012b9f9fe5a30001', '402881862b9f9e78012b9fa02aca0002'),
	('a0b862333b444dbf9ec87d0086f00a15', '2015-11-17 11:00:40', NULL, 10.00000, 'EMS1', '', '100038', 0, 0.00000, '货到付款', 0.00000, 0, 1000.00000, 1, 1, 1, 'aaa', '湖南省长沙市', '402881882ba8753a012ba930d6690115,402881882ba8753a012ba93101120116', '18812345678', 'aaa', '18812345678', '410000', 0, 1010.00000, '15407d714c764b2695626b2b4bf62e89', '402881862b9e7507012b9e7e24540008', '402881862b9f2bff012b9f2d616a0001'),
	('a135d152c1c74edb86e2bf858e44d8ac', '2016-05-12 21:44:08', NULL, 10.00000, 'EMS1', '1111', '100151', 0, 0.00000, '货到付款', 0.00000, 0, 299.00000, 1, 1, 1, '通州区', '北京东城区', '402881882ba8753a012ba8bf474d001c,402881882ba8753a012ba8bfacfd001d', '18612713746', '电放费', '8645654', '100027', 0, 309.00000, '7c2d461372d54a97bde893384c7fdc15', '402881862b9e7507012b9e7e24540008', '402881862b9f9e78012b9fa02aca0002'),
	('a4bc018b17514f6183d3f5ec3ffbf78c', '2016-05-09 14:06:15', NULL, 0.00000, '普通快速（免费）', '', '100149', 0, 0.00000, '支付宝', 0.00000, 0, 200.00000, 1, 0, 0, 'sadgasdg', '北京西城区', '402881882ba8753a012ba8bf474d001c,402881882ba8753a012ba8bff6f6001e', '13000000000', 'sdgsad', '13000000000', '528000', 0, 200.00000, '3e5a0d36230e4466a7cf7c5d09ed7aa1', '402881882ba8753a012ba8bc6582001a', 'b7f46b2c4f394f748c77221a43fb6b5a'),
	('a6a8ac97cd2a4690a367a9a7f0479491', '2015-11-01 10:41:11', NULL, 0.00000, '普通快速（免费）', '123123', '100027', 0, 0.00000, '支付宝', 0.00000, 0, 2.00000, 2, 8, 0, '123123', '河北省石家庄市', '402881882ba8753a012ba8c689d30042,402881882ba8753a012ba8c6da830043', '15909510727', '123123', '15909510727', '750021', 0, 2.00000, '7e2b465231d44610ae6699c7d7ea8e61', '402881882ba8753a012ba8bc6582001a', 'b7f46b2c4f394f748c77221a43fb6b5a'),
	('a749a132c9f84a35a38befc97704b843', '2015-12-24 10:24:53', '2015-12-24 10:41:12', 0.00000, '普通快速（免费）', '12312312', '100054', 2, 0.00000, '支付宝', 0.00000, 0, 1000.00000, 1, 1, 1, '大声道', '江西省九江市', '402881882ba8753a012ba8e362b600d8,402881882ba8753a012ba8e4808a00dc', '12312312311', '阿达', '1231231', '332106', 0, 1000.00000, '8f24cc613feb48d48a9e3d7562b72eae', '402881882ba8753a012ba8bc6582001a', 'b7f46b2c4f394f748c77221a43fb6b5a'),
	('a787c7216f134465b979cec5d1701802', '2016-01-18 18:23:56', '2016-01-20 15:57:57', 10.00000, 'EMS1', '', '100074', 0, 0.00000, '货到付款', 0.00000, 0, 1200.00000, 2, 1, 1, 'aaa', '湖南省长沙市', '402881882ba8753a012ba930d6690115,402881882ba8753a012ba93101120116', '18812345678', 'aaa', '18812345678', '410000', 2, 1210.00000, '15407d714c764b2695626b2b4bf62e89', '402881862b9e7507012b9e7e24540008', 'b7f46b2c4f394f748c77221a43fb6b5a'),
	('a7b2150c2b1d432f92e5b9377f324788', '2016-05-04 08:53:41', NULL, 0.00000, '普通快速（免费）', '', '100144', 0, 0.00000, '支付宝', 0.00000, 0, 1200.00000, 2, 1, 1, '首体南路2号', '北京海淀区', '402881882ba8753a012ba8bf474d001c,402881882ba8753a012ba8c0fb850024', '13800138000', '刘星', '15810104530', '100000', 0, 1200.00000, '0d7903abb677425f82298f94a6cd98a1', '402881882ba8753a012ba8bc6582001a', 'b7f46b2c4f394f748c77221a43fb6b5a'),
	('a85f9739a52b4809b5c7f3297a75dd7d', '2016-04-02 23:31:01', NULL, 10.00000, 'EMS1', '', '100104', 0, 0.00000, '货到付款', 0.00000, 0, 123.00000, 1, 3, 0, 'test', '广东省广州市', '402881882ba8753a012ba9342b210124,402881882ba8753a012ba9345e950125', '13800138000', 'test', '13800138000', '524244', 0, 133.00000, '15407d714c764b2695626b2b4bf62e89', '402881862b9e7507012b9e7e24540008', 'b7f46b2c4f394f748c77221a43fb6b5a'),
	('a890a15a3e8446b49e7585b4fd2b4b39', '2016-01-21 18:02:05', NULL, 0.00000, '普通快速（免费）', '', '100076', 0, 0.00000, '支付宝', 0.00000, 0, 11.00000, 1, 2, 0, 'sadfa1e', '天津', '402881882ba8753a012ba8c389a2002f', '11111111111', 'abc', '11111111111', '111111', 0, 11.00000, '30d0eaf0328d4a7ea1e14ab0449ddaec', '402881882ba8753a012ba8bc6582001a', 'b7f46b2c4f394f748c77221a43fb6b5a'),
	('a89b945f40aa4ff6aa3508abc0656c55', '2015-12-08 16:03:00', NULL, 15.00000, '快递公司', '', '100046', 0, 0.00000, '支付宝', 0.00000, 0, 199.00000, 1, 400, 0, 'asdfasdf', '河北省秦皇岛市', '402881882ba8753a012ba8c689d30042,402881882ba8753a012ba8c73d920045', '15023123123', 'asfsdf', '12312312312', '310012', 0, 214.00000, 'b7c28475fc9b41a3aa759a3c309acf24', '402881862b9f9e78012b9f9fe5a30001', 'b7f46b2c4f394f748c77221a43fb6b5a'),
	('aa212eb04f2c48b882c9f452d1626855', '2016-03-27 18:20:14', NULL, 15.00000, '快递公司', 'sdafasd', '100097', 0, 0.00000, '支付宝', 0.00000, 0, 299.00000, 1, 1, 1, 'sadf', '天津河西区', '402881882ba8753a012ba8c389a2002f,402881882ba8753a012ba8c409df0032', '15909510727', 'sdfasdf', '15909510722', '750021', 0, 314.00000, 'c3ee5c1c0f73448791840c1869594744', '402881862b9f9e78012b9f9fe5a30001', 'b7f46b2c4f394f748c77221a43fb6b5a'),
	('ad55cb6743ad466fada77208864da91a', '2016-04-17 19:20:39', NULL, 0.00000, '普通快速（免费）', '', '100117', 0, 0.00000, '支付宝', 0.00000, 0, 1011.00000, 2, 1.002, 1, '222', '天津河西区', '402881882ba8753a012ba8c389a2002f,402881882ba8753a012ba8c409df0032', '15212322935', '张博', '15212322935', '711709', 0, 1011.00000, '8052267c08554f878cd7ff8740a71b5b', '402881882ba8753a012ba8bc6582001a', 'b7f46b2c4f394f748c77221a43fb6b5a'),
	('af2571b9fca241ebae1749d8ecf042a0', '2016-04-19 09:28:50', NULL, 0.00000, '普通快速（免费）', '', '100122', 0, 0.00000, '线下支付', 0.00000, 0, 166.00000, 2, 48, 0, '什么西安', '湖南省衡阳市', '402881882ba8753a012ba930d6690115,402881882ba8753a012ba9316a7b0119', '13148474526', '而', '1523456', '757000', 0, 166.00000, '438c7d1eea56412c85b0fc80021ac3ef', '402881882ba8753a012ba8bc6582001a', '402881862b9f9e78012b9fa02aca0002'),
	('b108c4ddf78b41538ef23e9a8953b954', '2016-03-29 17:59:23', NULL, 10.00000, 'EMS1', '', '100099', 0, 0.00000, '货到付款', 0.00000, 0, 600.00000, 3, 0, 0, '下面呢', '福建省厦门市', '402881882ba8753a012ba8e0243500ce,402881882ba8753a012ba8e1f17300d0', '15959969131', '测试', '15959969131', '361000', 0, 610.00000, 'd449eb4310634470adaf2e2e17a21582', '402881862b9e7507012b9e7e24540008', '402881862b9f2bff012b9f2d616a0001'),
	('b1c3042dea804f30ae9e48859235248d', '2016-04-21 08:41:54', NULL, 0.00000, '普通快速（免费）', '', '100128', 0, 0.00000, '线下支付', 0.00000, 0, 598.00000, 2, 2, 1, 'as', '北京东城区', '402881882ba8753a012ba8bf474d001c,402881882ba8753a012ba8bfacfd001d', '11111111111', 'as', '11111111111', '111111', 0, 598.00000, 'f6afcd4ade6e4457b4f3edc2371e9327', '402881882ba8753a012ba8bc6582001a', '402881862b9f9e78012b9fa02aca0002'),
	('b2cd7d2b2cce448680e6aba76a9428de', '2015-12-03 20:37:08', NULL, 10.00000, 'EMS1', '', '100044', 0, 0.00000, '货到付款', 0.00000, 0, 1000.00000, 1, 1, 1, 'test', '广东省广州市', '402881882ba8753a012ba9342b210124,402881882ba8753a012ba9345e950125', '13800138000', 'test', '13800138000', '524244', 0, 1010.00000, '15407d714c764b2695626b2b4bf62e89', '402881862b9e7507012b9e7e24540008', 'b7f46b2c4f394f748c77221a43fb6b5a'),
	('b40c1958317a478c901d0ee47873e839', '2016-01-26 15:52:18', NULL, 0.00000, '普通快速（免费）', '', '100078', 0, 0.00000, '支付宝', 0.00000, 0, 1000.00000, 1, 1, 1, 'aaa', '湖南省长沙市', '402881882ba8753a012ba930d6690115,402881882ba8753a012ba93101120116', '18812345678', 'aaa', '18812345678', '410000', 0, 1000.00000, '15407d714c764b2695626b2b4bf62e89', '402881882ba8753a012ba8bc6582001a', 'b7f46b2c4f394f748c77221a43fb6b5a'),
	('b64653cdd3ba42cc92cd52cc74496f6f', '2015-10-03 14:12:13', NULL, 0.00000, '普通快速（免费）', '', '100003', 0, 0.00000, '支付宝', 0.00000, 0, 12.00000, 1, 0, 0, 'test', '广东省广州市', '402881882ba8753a012ba9342b210124,402881882ba8753a012ba9345e950125', '13800138000', 'test', '13800138000', '524244', 0, 12.00000, '15407d714c764b2695626b2b4bf62e89', '402881882ba8753a012ba8bc6582001a', 'b7f46b2c4f394f748c77221a43fb6b5a'),
	('b6a1b3eee1604b8fb81358c81d4215ef', '2015-10-26 13:45:23', '2015-10-26 15:43:02', 10.00000, 'EMS', '', '100023', 2, 0.00000, '支付宝', 0.00000, 0, 2000.00000, 10, 0, 0, 'test', '广东省广州市', '402881882ba8753a012ba9342b210124,402881882ba8753a012ba9345e950125', '13800138000', 'test', '13800138000', '524244', 0, 2010.00000, '15407d714c764b2695626b2b4bf62e89', '402881862b9e7507012b9e7e24540008', 'b7f46b2c4f394f748c77221a43fb6b5a'),
	('ba3658a02fe74505a689e8baf84959e4', '2016-05-03 17:28:44', NULL, 0.00000, '普通快速（免费）', '', '100143', 0, 0.00000, '支付宝', 0.00000, 0, 1200.00000, 2, 1, 1, 'aaa', '湖南省长沙市', '402881882ba8753a012ba930d6690115,402881882ba8753a012ba93101120116', '18812345678', 'aaa', '18812345678', '410000', 0, 1200.00000, '15407d714c764b2695626b2b4bf62e89', '402881882ba8753a012ba8bc6582001a', 'b7f46b2c4f394f748c77221a43fb6b5a'),
	('bb6f7317d7b2458196885fe41331a63e', '2015-10-20 19:15:47', '2015-10-20 19:18:13', 15.00000, '快递公司', '21312', '100018', 0, 0.00000, '线下支付', 0.00000, 0, 200.00000, 1, 0, 0, '213', '北京西城区', '402881882ba8753a012ba8bf474d001c,402881882ba8753a012ba8bff6f6001e', '13800138000', '213', '13800138000', '213214', 2, 215.00000, 'c69925d80dda4df0aba47705e7d1a71d', '402881862b9f9e78012b9f9fe5a30001', '402881862b9f9e78012b9fa02aca0002'),
	('bc435f9fdbb04f3e8f37a59459304874', '2015-10-10 21:49:12', NULL, 15.00000, '快递公司', '', '100010', 0, 0.00000, '财付通', 0.00000, 0, 200.00000, 1, 0, 0, 'test', '广东省广州市', '402881882ba8753a012ba9342b210124,402881882ba8753a012ba9345e950125', '13800138000', 'test', '13800138000', '524244', 0, 215.00000, '15407d714c764b2695626b2b4bf62e89', '402881862b9f9e78012b9f9fe5a30001', '402881862b9f2bff012b9f2d616a0001'),
	('bd74fc0708164690afe82660e333ba58', '2016-04-18 17:45:39', NULL, 10.00000, 'EMS1', '', '100121', 0, 0.00000, '货到付款', 0.00000, 0, 11.00000, 1, 2, 0, '222', '天津河西区', '402881882ba8753a012ba8c389a2002f,402881882ba8753a012ba8c409df0032', '15212322935', '张博', '15212322935', '711709', 0, 21.00000, '8052267c08554f878cd7ff8740a71b5b', '402881862b9e7507012b9e7e24540008', '402881862b9f9e78012b9fa092db0003'),
	('c3699d927779497bbcfe04fe9cb6deb7', '2016-01-07 17:11:13', '2016-01-07 18:00:10', 0.00000, '普通快速（免费）', '', '100064', 0, 0.00000, '支付宝', 0.00000, 0, 299.00000, 1, 1, 1, 'wywy', '北京', '402881882ba8753a012ba8bf474d001c', '15626898789', 'wy', '15626898789', '510000', 2, 299.00000, '6b08b11383924ce9b00c2b6f6489184d', '402881882ba8753a012ba8bc6582001a', 'b7f46b2c4f394f748c77221a43fb6b5a'),
	('c47e8c7960564f6bb2c31dc366609953', '2016-05-11 11:24:07', NULL, 0.00000, '普通快速（免费）', '', '100150', 0, 0.00000, '线下支付', 0.00000, 0, 1074.00000, 6, 12, 1, '开福区100号', '湖南省长沙市', '402881882ba8753a012ba930d6690115,402881882ba8753a012ba93101120116', '18323232323', '周兵', '18323232323', '410611', 0, 1074.00000, '0e922f00ffc74fbe9c7e5bf9e20348a5', '402881882ba8753a012ba8bc6582001a', '402881862b9f9e78012b9fa02aca0002'),
	('c4b849cbe4b24e37b1f2d661209f7fc0', '2016-06-28 15:52:54', NULL, 10.00000, 'EMS1', '', '100177', 0, 0.00000, '货到付款', 0.00000, 0, 398.00000, 2, 800, 0, 'test', '广东省广州市', '402881882ba8753a012ba9342b210124,402881882ba8753a012ba9345e950125', '13800138000', 'test', '13800138000', '524244', 0, 408.00000, '15407d714c764b2695626b2b4bf62e89', '402881862b9e7507012b9e7e24540008', 'b7f46b2c4f394f748c77221a43fb6b5a'),
	('c7ba288418ab4636b0173376148d89d1', '2016-04-20 13:28:47', NULL, 505.00000, 'EMS1', '', '100126', 0, 0.00000, '货到付款', 0.00000, 0, 0.00000, 1, 100, 1, 'sss', '北京崇文区', '402881882ba8753a012ba8bf474d001c,402881882ba8753a012ba8c02f9a001f', '13767777273', 'aaa', '13767777273', '332233', 0, 505.00000, 'fede43f2941f419eb0360455bd1e1eae', '402881862b9e7507012b9e7e24540008', '402881862b9f9e78012b9fa02aca0002'),
	('c83b1a99038e4194882785ba017a0a4d', '2016-01-18 18:22:29', NULL, 15.00000, '快递公司', '', '100073', 0, 0.00000, '财付通', 0.00000, 0, 1600.00000, 4, 1, 1, 'oamokdokwo', '北京东城区', '402881882ba8753a012ba8bf474d001c,402881882ba8753a012ba8bfacfd001d', '11111111111', 's', '1111111111111', '111111', 0, 1615.00000, '15407d714c764b2695626b2b4bf62e89', '402881862b9f9e78012b9f9fe5a30001', '402881862b9f2bff012b9f2d616a0001'),
	('c89ebc03aebf442c810ebbc33a77f59b', '2016-06-21 00:50:08', NULL, 10.00000, 'EMS1', '', '100175', 0, 0.00000, '货到付款', 0.00000, 0, 50.00000, 1, 200, 0, 'test', '广东省广州市', '402881882ba8753a012ba9342b210124,402881882ba8753a012ba9345e950125', '13800138000', 'test', '13800138000', '524244', 0, 60.00000, '15407d714c764b2695626b2b4bf62e89', '402881862b9e7507012b9e7e24540008', '402881862b9f9e78012b9fa092db0003'),
	('cc1a854b6c9c435fa9dd9696db26be64', '2016-03-31 17:58:19', NULL, 10.00000, 'EMS1', '', '100102', 0, 0.00000, '货到付款', 0.00000, 0, 1000.00000, 1, 1, 1, '对方水电费', '北京西城区', '402881882ba8753a012ba8bf474d001c,402881882ba8753a012ba8bff6f6001e', '15802863002', '防守打法', '07763922299', '533707', 0, 1010.00000, '21ca887c8675474ca4865a6532a077a4', '402881862b9e7507012b9e7e24540008', 'b7f46b2c4f394f748c77221a43fb6b5a'),
	('ce64b575359347119618433007d1b5e9', '2016-03-12 11:30:32', NULL, 15.00000, '快递公司', '', '100093', 0, 0.00000, '支付宝', 0.00000, 0, 242.00000, 2, 445, 0, 'aaa', '湖南省长沙市', '402881882ba8753a012ba930d6690115,402881882ba8753a012ba93101120116', '18812345678', 'aaa', '18812345678', '410000', 0, 257.00000, '15407d714c764b2695626b2b4bf62e89', '402881862b9f9e78012b9f9fe5a30001', 'b7f46b2c4f394f748c77221a43fb6b5a'),
	('cec4176760ef41fc9453eaf1f0b68ee6', '2016-01-15 23:18:41', NULL, 15.00000, '快递公司', 'aaaa', '100069', 0, 0.00000, '支付宝', 0.00000, 0, 199.00000, 1, 400, 0, '12312311231231', '河北省秦皇岛市', '402881882ba8753a012ba8c689d30042,402881882ba8753a012ba8c73d920045', '13512341234', 'qqq', '01066666666', '200000', 0, 214.00000, '284e700c871a4a86897c734dc9551332', '402881862b9f9e78012b9f9fe5a30001', 'b7f46b2c4f394f748c77221a43fb6b5a'),
	('cf2b9fb10db54a449d1a0c91ec297b77', '2016-03-17 12:56:55', NULL, 15.00000, '快递公司', '111', '100096', 0, 0.00000, '支付宝', 0.00000, 0, 299.00000, 1, 1, 1, '111', '北京朝阳区', '402881882ba8753a012ba8bf474d001c,402881882ba8753a012ba8c088690021', '13436948901', '付学亮', '13436948901', '100010', 0, 314.00000, '9604f3dbffe84cda81f64288467d69a1', '402881862b9f9e78012b9f9fe5a30001', 'b7f46b2c4f394f748c77221a43fb6b5a'),
	('d0bb1f63bcc14740be5d43d279cd45b4', '2016-05-04 15:02:24', NULL, 0.00000, '普通快速（免费）', '', '100145', 0, 0.00000, '支付宝', 0.00000, 0, 200.00000, 1, 0, 0, '大家看法大量', '浙江省嘉兴市', '402881882ba8753a012ba8da48e000b0,402881882ba8753a012ba8daf15500b4', '13456723456', 'ninghao', '13456723456', '446987', 0, 200.00000, 'dd6614635fae4c0bb021600cd207fbbd', '402881882ba8753a012ba8bc6582001a', 'b7f46b2c4f394f748c77221a43fb6b5a'),
	('d11017f2272047bb9ebbc4d88778d396', '2016-01-07 20:12:33', '2016-01-08 16:59:16', 10.00000, 'EMS1', '123', '100065', 2, 0.00000, '货到付款', 0.00000, 0, 14.00000, 7, 21, 0, '123', '天津和平区', '402881882ba8753a012ba8c389a2002f,402881882ba8753a012ba8c3bcc80030', '13958555557', '123', '13958555557', '330181', 2, 24.00000, '467af879ef4c41439c845bdc3b4e94cf', '402881862b9e7507012b9e7e24540008', 'b7f46b2c4f394f748c77221a43fb6b5a'),
	('d3855f4a1f404f04b95383fd85c14fd6', '2016-04-28 13:23:07', NULL, 0.00000, '普通快速（免费）', 'dsfdsfdsafds', '100138', 0, 0.00000, '支付宝', 0.00000, 0, 1000.00000, 1, 1, 1, 'fdsfd', '四川省成都市', '402881882ba8753a012ba93d95780160,402881882ba8753a012ba93dc8110161', '13308175417', '梁先平', '13308175417', '252555', 0, 1000.00000, '21496ddcdadb4e3c954b5964cb138bad', '402881882ba8753a012ba8bc6582001a', 'b7f46b2c4f394f748c77221a43fb6b5a'),
	('d41f4758d4c344a293431f760988ad09', '2015-11-13 11:54:35', NULL, 0.00000, '普通快速（免费）', '', '100034', 0, 0.00000, '线下支付', 0.00000, 0, 2.00000, 2, 5, 0, 'test', '广东省广州市', '402881882ba8753a012ba9342b210124,402881882ba8753a012ba9345e950125', '13800138000', 'test', '13800138000', '524244', 0, 2.00000, '15407d714c764b2695626b2b4bf62e89', '402881882ba8753a012ba8bc6582001a', '402881862b9f9e78012b9fa02aca0002'),
	('d51c6bb7461741da838107a4ac74cd0c', '2015-11-17 10:50:19', NULL, 10.00000, 'EMS1', '', '100037', 0, 0.00000, '货到付款', 0.00000, 0, 1.00000, 1, 4, 0, 'test', '广东省广州市', '402881882ba8753a012ba9342b210124,402881882ba8753a012ba9345e950125', '13800138000', 'test', '13800138000', '524244', 0, 11.00000, '15407d714c764b2695626b2b4bf62e89', '402881862b9e7507012b9e7e24540008', '402881862b9f2bff012b9f2d616a0001'),
	('d54e0487fe754c08b2d4a366cc51ebb7', '2016-01-12 09:38:34', '2016-01-12 18:41:00', 0.00000, '普通快速（免费）', '', '100067', 2, 0.00000, '支付宝', 0.00000, 0, 199.00000, 1, 400, 0, '1', '北京东城区', '402881882ba8753a012ba8bf474d001c,402881882ba8753a012ba8bfacfd001d', '13412341234', '1', '13412341234', '100000', 0, 199.00000, '9b6fd8d60d0246a38cef71f85840e165', '402881882ba8753a012ba8bc6582001a', 'b7f46b2c4f394f748c77221a43fb6b5a'),
	('d59e92eee6d7467fbd90070663981a52', '2016-01-07 15:40:34', NULL, 0.00000, '普通快速（免费）', '', '100063', 0, 0.00000, '财付通', 0.00000, 0, 537.00000, 3, 6, 1, 'sdfsfasd', '山西省晋城市', '402881882ba8753a012ba8c8f0b1004e,402881882ba8753a012ba8c9e15a0053', '13912668856', 'ffdf', '13912668856', '412300', 0, 537.00000, 'd55880cb47ed4d2a9349bbac32c56ea4', '402881882ba8753a012ba8bc6582001a', '402881862b9f2bff012b9f2d616a0001'),
	('d6d50f5549e64fb5a72c17cd0de44276', '2015-11-04 15:46:06', NULL, 10.00000, 'EMS', '', '100029', 0, 0.00000, '支付宝', 0.00000, 0, 200.00000, 1, 0, 0, '1', '北京东城区', '402881882ba8753a012ba8bf474d001c,402881882ba8753a012ba8bfacfd001d', '13911111111', '11', '01011111111', '111111', 0, 210.00000, '2eec6d45dfed4ba1825dc078d00134fd', '402881862b9e7507012b9e7e24540008', 'b7f46b2c4f394f748c77221a43fb6b5a'),
	('d705cf90a9594470a9ce19dde6480a71', '2016-04-11 10:48:17', NULL, 510.00000, '快递公司', '', '100114', 0, 0.00000, '支付宝', 0.00000, 0, 0.00000, 1, 100, 1, 'ddd', '山西省', '402881882ba8753a012ba8c8f0b1004e', '13235627222', 'dd', '13235627222', '430070', 0, 510.00000, '0011bd5ba3cd4a34a85eb1e55e9b1d53', '402881862b9f9e78012b9f9fe5a30001', 'b7f46b2c4f394f748c77221a43fb6b5a'),
	('d9008183f78e4406916d9bd01285eb3b', '2016-05-09 11:59:47', NULL, 25.00000, '快递公司', '', '100148', 0, 0.00000, '支付宝', 0.00000, 0, 1698.00000, 4, 2.4, 1, '首体南路2号', '北京东城区', '402881882ba8753a012ba8bf474d001c,402881882ba8753a012ba8bfacfd001d', '13800138000', '刘星', '15810104530', '100000', 0, 1723.00000, 'ba67d3cf36144db79ed3adaebac386bc', '402881862b9f9e78012b9f9fe5a30001', 'b7f46b2c4f394f748c77221a43fb6b5a'),
	('d95464956f51425188ae065557fce0fe', '2016-03-29 15:37:15', NULL, 10.00000, 'EMS1', '', '100098', 0, 0.00000, '货到付款', 0.00000, 0, 123.00000, 1, 3, 0, '123', '湖北省宜昌市', '402881882ba8753a012ba92e37a20108,402881882ba8753a012ba92edfe8010c', '11111111111', '123', '12345678', '310000', 0, 133.00000, 'a970831cf5384568b02578ab30b72a1c', '402881862b9e7507012b9e7e24540008', '402881862b9f2bff012b9f2d616a0001'),
	('da4120601cc84a0c990847d313b80e06', '2016-04-07 17:53:53', NULL, 20.00000, '快递公司', '', '100110', 0, 0.00000, '支付宝', 0.00000, 0, 2000.00000, 2, 2, 1, 'sdfsdf', '北京东城区', '402881882ba8753a012ba8bf474d001c,402881882ba8753a012ba8bfacfd001d', '15210455588', 'sfsdf ', '15210455588', '100000', 0, 2020.00000, '15407d714c764b2695626b2b4bf62e89', '402881862b9f9e78012b9f9fe5a30001', 'b7f46b2c4f394f748c77221a43fb6b5a'),
	('dd179ff427a7427cb82c06e356be635d', '2016-01-18 15:49:18', NULL, 15.00000, '快递公司', 'adaf', '100072', 0, 0.00000, '支付宝', 0.00000, 0, 199.00000, 1, 400, 0, 'adfa', '河北省', '402881882ba8753a012ba8c689d30042', '13911256521', 'adfa', '010-9123123', '100254', 0, 214.00000, '4ad9f387e305454e885edae9e0578ff0', '402881862b9f9e78012b9f9fe5a30001', 'b7f46b2c4f394f748c77221a43fb6b5a'),
	('de57a21e603e40c1a4a6d61ea7581d25', '2016-06-01 14:27:58', NULL, 0.00000, '普通快速（免费）', '', '100160', 0, 0.00000, '支付宝', 0.00000, 0, 11.00000, 1, 2, 0, 'test', '广东省广州市', '402881882ba8753a012ba9342b210124,402881882ba8753a012ba9345e950125', '13800138000', 'test', '13800138000', '524244', 0, 11.00000, '15407d714c764b2695626b2b4bf62e89', '402881882ba8753a012ba8bc6582001a', 'b7f46b2c4f394f748c77221a43fb6b5a'),
	('e1b8bda78f224f8bbd3f43c64f6b59b6', '2016-07-31 00:33:29', NULL, 15.00000, '快递公司', 'abc', '100181', 0, 0.00000, '支付宝', 0.00000, 0, 100.00000, 1, 10, 0, 'dsfsdfdsfdsf', '北京东城区', '402881882ba8753a012ba8bf474d001c,402881882ba8753a012ba8bfacfd001d', '13946477845', 'daqian', NULL, '478512', 0, 115.00000, '0e35ccf8bdbe42c1a34f0d05c105c99f', '402881862b9f9e78012b9f9fe5a30001', 'b7f46b2c4f394f748c77221a43fb6b5a'),
	('e54b2a74e8594596b88e2bebb64a5924', '2016-04-03 01:10:26', NULL, 0.00000, '普通快速（免费）', '123', '100105', 0, 0.00000, '支付宝', 0.00000, 0, 179.00000, 1, 2, 1, '18620090411', '广东省广州市', '402881882ba8753a012ba9342b210124,402881882ba8753a012ba9345e950125', '18620090411', 'ceshi yong d ', '020-12345678', '510510', 0, 179.00000, '821352f2c5264eb799d35dd1077aa26c', '402881882ba8753a012ba8bc6582001a', 'b7f46b2c4f394f748c77221a43fb6b5a'),
	('e5de8fd0b4de4470acf97457b6822ce5', '2015-11-05 16:08:19', NULL, 10.00000, 'EMS1', 'qqqqq', '100032', 0, 0.00000, '货到付款', 0.00000, 0, 400.00000, 2, 0, 0, 'aaaa', '北京东城区', '402881882ba8753a012ba8bf474d001c,402881882ba8753a012ba8bfacfd001d', '12345674567', 'aaa', '12345674567', '410000', 0, 410.00000, '15407d714c764b2695626b2b4bf62e89', '402881862b9e7507012b9e7e24540008', '402881862b9f9e78012b9fa02aca0002'),
	('e666d4baa08741e2963a67173fd08587', '2016-04-21 17:49:48', NULL, 0.00000, '普通快速（免费）', '', '100129', 0, 0.00000, '支付宝', 0.00000, 0, 0.00000, 1, 0, 0, 'asd', '福建省厦门市', '402881882ba8753a012ba8e0243500ce,402881882ba8753a012ba8e1f17300d0', '13110927550', 'asd', '13110927550', '363300', 0, 0.00000, 'e58ef20e1d104d71bebf194fb28460f9', '402881882ba8753a012ba8bc6582001a', 'b7f46b2c4f394f748c77221a43fb6b5a'),
	('e7e1f8510b404a3caf76108fa2b536e2', '2016-06-18 10:28:08', NULL, 10.00000, 'EMS1', 'asdasd', '100171', 0, 0.00000, '货到付款', 0.00000, 0, 50.00000, 1, 200, 0, 'asdsa', '天津南开区', '402881882ba8753a012ba8c389a2002f,402881882ba8753a012ba8c42e5e0033', '13570832256', 'sfdhsh', '13570832256', '123456', 0, 60.00000, '163b8aaa35354ac9a6563fdc4433e987', '402881862b9e7507012b9e7e24540008', '402881862b9f9e78012b9fa02aca0002'),
	('eab905e5951249d98653b0a5005b87b3', '2015-10-17 22:52:43', NULL, 15.00000, '快递公司', '', '100016', 0, 0.00000, '线下支付', 0.00000, 0, 200.00000, 1, 0, 0, 'test', '广东省广州市', '402881882ba8753a012ba9342b210124,402881882ba8753a012ba9345e950125', '13800138000', 'test', '13800138000', '524244', 0, 215.00000, '15407d714c764b2695626b2b4bf62e89', '402881862b9f9e78012b9f9fe5a30001', '402881862b9f9e78012b9fa02aca0002'),
	('eb3868b1f52c4edba08cad693a3154c0', '2015-09-07 09:23:46', '2015-09-27 23:28:00', 20.00000, '快递公司', '', '100002', 2, 0.00000, '支付宝', 0.00000, 0, 179.00000, 1, 2, 1, '烽火大厦', '江苏省南京市', '402881882ba8753a012ba8d780a800a2,402881882ba8753a012ba8d82d2500a3', '13333333333', '袁鸿乾', '13333333333', '420000', 2, 199.00000, '3f758780d496456eb63c5ce28cc467e6', '402881862b9f9e78012b9f9fe5a30001', 'b7f46b2c4f394f748c77221a43fb6b5a'),
	('ec91616938e948d4b75d26e67d01349b', '2016-06-07 16:02:24', NULL, 10.00000, 'EMS1', '', '100166', 0, 0.00000, '货到付款', 0.00000, 0, 299.00000, 1, 1, 1, 'sdfsdf', '北京东城区', '402881882ba8753a012ba8bf474d001c,402881882ba8753a012ba8bfacfd001d', '15210455588', 'sfsdf ', '15210455588', '100000', 0, 309.00000, '15407d714c764b2695626b2b4bf62e89', '402881862b9e7507012b9e7e24540008', 'b7f46b2c4f394f748c77221a43fb6b5a'),
	('ed93241227444fb59b006c0347285ff0', '2015-11-12 14:30:13', NULL, 10.00000, 'EMS1', '', '100033', 0, 0.00000, '货到付款', 0.00000, 0, 299.00000, 1, 1, 1, 'test', '广东省广州市', '402881882ba8753a012ba9342b210124,402881882ba8753a012ba9345e950125', '13800138000', 'test', '13800138000', '524244', 0, 309.00000, '15407d714c764b2695626b2b4bf62e89', '402881862b9e7507012b9e7e24540008', '402881862b9f9e78012b9fa02aca0002'),
	('ed9e6a57c5374926a34115c7bd4aa5f1', '2016-04-14 15:47:34', NULL, 20.00000, '快递公司', '', '100116', 0, 0.00000, '线下支付', 0.00000, 0, 179.00000, 1, 2, 1, 'test', '广东省广州市', '402881882ba8753a012ba9342b210124,402881882ba8753a012ba9345e950125', '13800138000', 'test', '13800138000', '524244', 0, 199.00000, '15407d714c764b2695626b2b4bf62e89', '402881862b9f9e78012b9f9fe5a30001', '402881862b9f9e78012b9fa02aca0002'),
	('eff74b38218d44c5b51f8a103d561b97', '2016-06-02 11:17:53', NULL, 0.00000, '普通快速（免费）', '', '100162', 0, 0.00000, '支付宝', 0.00000, 0, 1000.00000, 1, 1, 1, 'test', '广东省广州市', '402881882ba8753a012ba9342b210124,402881882ba8753a012ba9345e950125', '13800138000', 'test', '13800138000', '524244', 0, 1000.00000, '15407d714c764b2695626b2b4bf62e89', '402881882ba8753a012ba8bc6582001a', 'b7f46b2c4f394f748c77221a43fb6b5a'),
	('f02a5c34238e457a82daf14ef0f48d1d', '2016-02-29 15:05:03', NULL, 0.00000, '普通快速（免费）', '', '100089', 0, 0.00000, '支付宝', 0.00000, 0, 123.00000, 1, 3, 0, '耒阳市', '河北省秦皇岛市', '402881882ba8753a012ba8c689d30042,402881882ba8753a012ba8c73d920045', '13798064110', '李红元', '13798064110', '421819', 0, 123.00000, '150c791333b24223b4e12bf0fe1730e6', '402881882ba8753a012ba8bc6582001a', 'b7f46b2c4f394f748c77221a43fb6b5a'),
	('f27ec8aef80342a88bbe08aa4ecf337c', '2015-10-22 20:23:57', '2015-10-28 23:10:18', 10.00000, 'EMS', '', '100019', 0, 0.00000, '支付宝', 0.00000, 0, 600.00000, 3, 0, 0, 'oamokdokwo', '北京东城区', '402881882ba8753a012ba8bf474d001c,402881882ba8753a012ba8bfacfd001d', '11111111111', 's', '1111111111111', '111111', 2, 610.00000, '15407d714c764b2695626b2b4bf62e89', '402881862b9e7507012b9e7e24540008', 'b7f46b2c4f394f748c77221a43fb6b5a'),
	('f52dc4a8919349adb3d3ec4227098340', '2015-10-28 21:44:32', NULL, 15.00000, '快递公司', 'kkk', '100025', 0, 0.00000, '支付宝', 0.00000, 0, 60.00000, 5, 0, 0, 'oamokdokwo', '北京东城区', '402881882ba8753a012ba8bf474d001c,402881882ba8753a012ba8bfacfd001d', '11111111111', 's', '1111111111111', '111111', 0, 75.00000, '15407d714c764b2695626b2b4bf62e89', '402881862b9f9e78012b9f9fe5a30001', 'b7f46b2c4f394f748c77221a43fb6b5a'),
	('f535092fdd2a4521be0eab96d3a8d64f', '2016-04-28 22:33:59', NULL, 20.00000, '快递公司', 'fdsfdsfds', '100142', 0, 0.00000, '财付通', 0.00000, 0, 179.00000, 1, 2, 1, 'fdsfd', '四川省成都市', '402881882ba8753a012ba93d95780160,402881882ba8753a012ba93dc8110161', '13308175417', '梁先平', '13308175417', '252555', 0, 199.00000, '21496ddcdadb4e3c954b5964cb138bad', '402881862b9f9e78012b9f9fe5a30001', '402881862b9f2bff012b9f2d616a0001'),
	('f60699a16e0f47c599f94e98019c6129', '2016-01-04 17:54:49', NULL, 15.00000, '快递公司', '', '100058', 0, 0.00000, '预存款', 0.00000, 0, 1000.00000, 1, 1, 1, 'aaaa', '北京东城区', '402881882ba8753a012ba8bf474d001c,402881882ba8753a012ba8bfacfd001d', '11111111111', 'zzzz', '84848484', '111111', 0, 1015.00000, '2fb179e44ad14151aa1641f431e3529d', '402881862b9f9e78012b9f9fe5a30001', '402881862b9f9e78012b9fa092db0003'),
	('f68ce28a1e2f4241bbee49a9005403e7', '2016-06-06 10:59:50', '2016-06-06 18:23:29', 0.00000, '普通快速（免费）', '', '100164', 2, 0.00000, '支付宝', 0.00000, 0, 1000.00000, 1, 1, 1, '天安门', '北京东城区', '402881882ba8753a012ba8bf474d001c,402881882ba8753a012ba8bfacfd001d', '18818881888', 'test', '8888888', '555555', 0, 1000.00000, 'c966b8e9ec514997a9b17075d6091091', '402881882ba8753a012ba8bc6582001a', 'b7f46b2c4f394f748c77221a43fb6b5a'),
	('f7383aed9f6c46e09b8f021a2a569041', '2015-10-10 18:03:13', NULL, 0.00000, '普通快速（免费）', '', '100008', 0, 0.00000, '支付宝', 0.00000, 0, 12.00000, 1, 0, 0, '复兴路77号院', '北京海淀区', '402881882ba8753a012ba8bf474d001c,402881882ba8753a012ba8c0fb850024', '18998998909', 'troy', '010-23222333', '100010', 0, 12.00000, 'd833981ef44f49f88ad7e6309e0ac84b', '402881882ba8753a012ba8bc6582001a', 'b7f46b2c4f394f748c77221a43fb6b5a'),
	('f7ac1f09ed4341f5a5cc0c2437b2c32f', '2015-12-01 14:00:08', NULL, 15.00000, '快递公司', '', '100043', 0, 0.00000, '支付宝', 0.00000, 0, 200.00000, 1, 0, 0, 'aaa', '湖南省长沙市', '402881882ba8753a012ba930d6690115,402881882ba8753a012ba93101120116', '18812345678', 'aaa', '18812345678', '410000', 0, 215.00000, '15407d714c764b2695626b2b4bf62e89', '402881862b9f9e78012b9f9fe5a30001', 'b7f46b2c4f394f748c77221a43fb6b5a'),
	('f881457965c140ffb72990f950fed49e', '2015-12-14 16:19:01', NULL, 0.00000, '普通快速（免费）', '', '100049', 0, 0.00000, '支付宝', 0.00000, 0, 199.00000, 1, 400, 0, 'test', '广东省广州市', '402881882ba8753a012ba9342b210124,402881882ba8753a012ba9345e950125', '18000112233', 'test', '18000112233', '413102', 0, 199.00000, 'adfb7ecceb1e4766ad29552126d89b0f', '402881882ba8753a012ba8bc6582001a', 'b7f46b2c4f394f748c77221a43fb6b5a'),
	('fa37acaf43204c1788b7e4241275b0a8', '2015-12-09 15:45:39', '2015-12-31 18:57:11', 0.00000, '普通快速（免费）', 'ewf', '100047', 0, 0.00000, '支付宝', 0.00000, 0, 199.00000, 1, 400, 0, 'ewf', '天津和平区', '402881882ba8753a012ba8c389a2002f,402881882ba8753a012ba8c3bcc80030', '13583180156', 'ewf', '4472364', '250000', 2, 199.00000, 'edede80203b0494d9a8e9e11cc8cc633', '402881882ba8753a012ba8bc6582001a', 'b7f46b2c4f394f748c77221a43fb6b5a'),
	('fac703d7234a48cf9f4a02992df43ecf', '2016-04-02 13:20:52', NULL, 15.00000, '快递公司', '', '100103', 0, 0.00000, '支付宝', 0.00000, 0, 299.00000, 1, 1, 1, 'sdfsdf', '北京东城区', '402881882ba8753a012ba8bf474d001c,402881882ba8753a012ba8bfacfd001d', '15210455588', 'sfsdf ', '15210455588', '100000', 0, 314.00000, '15407d714c764b2695626b2b4bf62e89', '402881862b9f9e78012b9f9fe5a30001', 'b7f46b2c4f394f748c77221a43fb6b5a'),
	('fb5694960588430e96cf539f0e9d3c47', '2015-12-13 17:07:35', NULL, 10.00000, 'EMS1', '', '100048', 0, 0.00000, '货到付款', 0.00000, 0, 200.00000, 1, 0, 0, '大撒旦', '天津河西区', '402881882ba8753a012ba8c389a2002f,402881882ba8753a012ba8c409df0032', '18635733727', '654', '18635733727', '041000', 0, 210.00000, '808583e7d40d49e3a08e7343fb232e79', '402881862b9e7507012b9e7e24540008', 'b7f46b2c4f394f748c77221a43fb6b5a'),
	('fd15ef77a4254bd4b401f222fb8faccc', '2016-03-17 10:06:44', NULL, 15.00000, '快递公司', '', '100095', 0, 0.00000, '支付宝', 0.00000, 0, 2.00000, 1, 3, 0, '2432', '天津', '402881882ba8753a012ba8c389a2002f', '13999999999', 'e3432', '099187876545', '830000', 0, 17.00000, '597da43d7dc046139b07347d5cb9254e', '402881862b9f9e78012b9f9fe5a30001', 'b7f46b2c4f394f748c77221a43fb6b5a');
/*!40000 ALTER TABLE `orders` ENABLE KEYS */;


-- 导出  表 jfinalshop.payment 结构
CREATE TABLE IF NOT EXISTS `payment` (
  `id` varchar(32) NOT NULL,
  `createDate` datetime DEFAULT NULL,
  `modifyDate` datetime DEFAULT NULL,
  `bankAccount` varchar(255) DEFAULT NULL,
  `bankName` varchar(255) DEFAULT NULL,
  `memo` text,
  `operator` varchar(255) DEFAULT NULL,
  `payer` varchar(255) NOT NULL,
  `paymentConfigName` varchar(255) NOT NULL,
  `paymentFee` decimal(15,5) NOT NULL,
  `paymentSn` varchar(255) NOT NULL,
  `paymentStatus` int(11) NOT NULL,
  `paymentType` int(11) NOT NULL,
  `totalAmount` decimal(15,5) NOT NULL,
  `deposit_id` varchar(32) DEFAULT NULL,
  `order_id` varchar(32) DEFAULT NULL,
  `paymentConfig_id` varchar(32) DEFAULT NULL,
  PRIMARY KEY (`id`),
  UNIQUE KEY `paymentSn` (`paymentSn`),
  KEY `FK3454C9E613C6C4B6` (`deposit_id`),
  KEY `FK3454C9E690BFCB96` (`paymentConfig_id`),
  KEY `FK3454C9E63F4585B6` (`order_id`),
  CONSTRAINT `FK3454C9E613C6C4B6` FOREIGN KEY (`deposit_id`) REFERENCES `deposit` (`id`),
  CONSTRAINT `FK3454C9E63F4585B6` FOREIGN KEY (`order_id`) REFERENCES `orders` (`id`),
  CONSTRAINT `FK3454C9E690BFCB96` FOREIGN KEY (`paymentConfig_id`) REFERENCES `paymentconfig` (`id`)
) ENGINE=InnoDB DEFAULT CHARSET=utf8;

-- 正在导出表  jfinalshop.payment 的数据：~0 rows (大约)
/*!40000 ALTER TABLE `payment` DISABLE KEYS */;
/*!40000 ALTER TABLE `payment` ENABLE KEYS */;


-- 导出  表 jfinalshop.paymentconfig 结构
CREATE TABLE IF NOT EXISTS `paymentconfig` (
  `id` varchar(32) NOT NULL,
  `createDate` datetime DEFAULT NULL,
  `modifyDate` datetime DEFAULT NULL,
  `configObjectStore` varchar(255) DEFAULT NULL,
  `description` text,
  `name` varchar(255) NOT NULL,
  `orderList` int(11) NOT NULL,
  `paymentConfigType` int(11) NOT NULL,
  `paymentFee` decimal(15,5) DEFAULT NULL,
  `paymentFeeType` int(11) NOT NULL,
  PRIMARY KEY (`id`),
  UNIQUE KEY `name` (`name`)
) ENGINE=InnoDB DEFAULT CHARSET=utf8;

-- 正在导出表  jfinalshop.paymentconfig 的数据：~4 rows (大约)
/*!40000 ALTER TABLE `paymentconfig` DISABLE KEYS */;
INSERT INTO `paymentconfig` (`id`, `createDate`, `modifyDate`, `configObjectStore`, `description`, `name`, `orderList`, `paymentConfigType`, `paymentFee`, `paymentFeeType`) VALUES
	('402881862b9f2bff012b9f2d616a0001', '2010-10-12 14:42:52', '2014-12-20 09:55:26', '{"bargainorId":"1216219001","key":"5b1444206401b1e88a6388f6c2c6baa8","tenpayType":"direct"}', '<p>财付通致力于为互联网用户和企业提供安全、便捷、专业的在线支付服务。<br />财付通构建全新的综合支付平台，业务覆盖B2B、B2C和C2C各领域，提供卓越的网上支付及清算服务。</p>', '财付通', 0, 2, 0.10000, 0),
	('402881862b9f9e78012b9fa02aca0002', '2010-10-12 16:48:15', '2010-10-27 22:47:19', NULL, '<div class="note">您可以通过现金付款或银行转帐的方式进行收款。</div>', '线下支付', 2, 1, 0.10000, 0),
	('402881862b9f9e78012b9fa092db0003', '2010-10-12 16:48:42', '2010-10-27 22:43:23', NULL, '<div class="note">预存款是客户在网站上的虚拟资金帐户。</div>', '预存款', 1, 0, 0.10000, 0),
	('b7f46b2c4f394f748c77221a43fb6b5a', '2014-12-22 16:06:50', NULL, '{"alipayType":"direct","bargainorId":"1111111111111","key":"!&%^&*^&*^*("}', '<p>ee</p>', '支付宝', 50, 3, 12.00000, 0);
/*!40000 ALTER TABLE `paymentconfig` ENABLE KEYS */;


-- 导出  表 jfinalshop.product 结构
CREATE TABLE IF NOT EXISTS `product` (
  `id` varchar(32) NOT NULL,
  `createDate` datetime DEFAULT NULL,
  `modifyDate` datetime DEFAULT NULL,
  `description` text,
  `freezeStore` int(11) NOT NULL,
  `htmlFilePath` varchar(255) NOT NULL,
  `isBest` bit(1) NOT NULL,
  `isHot` bit(1) NOT NULL,
  `isMarketable` bit(1) NOT NULL COMMENT '是否上架',
  `isNew` bit(1) NOT NULL,
  `marketPrice` decimal(15,5) NOT NULL,
  `metaDescription` text,
  `metaKeywords` text,
  `name` varchar(255) NOT NULL,
  `point` int(11) NOT NULL,
  `price` decimal(15,5) NOT NULL,
  `productImageListStore` text,
  `productSn` varchar(255) NOT NULL,
  `store` int(11) DEFAULT NULL,
  `weight` double NOT NULL,
  `weightUnit` int(11) NOT NULL,
  `brand_id` varchar(32) DEFAULT NULL,
  `productCategory_id` varchar(32) NOT NULL,
  `productType_id` varchar(32) DEFAULT NULL,
  PRIMARY KEY (`id`),
  UNIQUE KEY `productSn` (`productSn`),
  KEY `FK50C664CF738B3AF6` (`productType_id`),
  KEY `FK50C664CF59CF1676` (`productCategory_id`),
  KEY `FK50C664CFF378EF16` (`brand_id`),
  CONSTRAINT `FK50C664CF59CF1676` FOREIGN KEY (`productCategory_id`) REFERENCES `productcategory` (`id`),
  CONSTRAINT `FK50C664CF738B3AF6` FOREIGN KEY (`productType_id`) REFERENCES `producttype` (`id`),
  CONSTRAINT `FK50C664CFF378EF16` FOREIGN KEY (`brand_id`) REFERENCES `brand` (`id`)
) ENGINE=InnoDB DEFAULT CHARSET=utf8;

-- 正在导出表  jfinalshop.product 的数据：~61 rows (大约)
/*!40000 ALTER TABLE `product` DISABLE KEYS */;
INSERT INTO `product` (`id`, `createDate`, `modifyDate`, `description`, `freezeStore`, `htmlFilePath`, `isBest`, `isHot`, `isMarketable`, `isNew`, `marketPrice`, `metaDescription`, `metaKeywords`, `name`, `point`, `price`, `productImageListStore`, `productSn`, `store`, `weight`, `weightUnit`, `brand_id`, `productCategory_id`, `productType_id`) VALUES
	('04130566133846128ef3f73e528a88b3', '2015-09-30 16:15:13', NULL, NULL, 40, '/html/product_content/201509/272c07966a984c8095c64d4b5f0a49bd.html', b'0', b'1', b'1', b'1', 299.00000, '888888888888888888888', '6666', 'test', 0, 199.00000, '[\n	{\n		"bigProductImagePath":"/upload/image/201509/a6a46e3227df45b1a70a36b80c605289_big.jpg",\n		"id":"a6a46e3227df45b1a70a36b80c605289",\n		"smallProductImagePath":"/upload/image/201509/a6a46e3227df45b1a70a36b80c605289_small.jpg",\n		"sourceProductImagePath":"/upload/image/201509/a6a46e3227df45b1a70a36b80c605289.jpeg",\n		"thumbnailProductImagePath":"/upload/image/201509/a6a46e3227df45b1a70a36b80c605289_thumbnail.jpg"\n	}\n]', '1345', 100, 400, 0, '85b85945d8ae4eceac44bc753e1b7a84', '3693519d7a81423082a8639f6cfb31ef', NULL),
	('05bca87de7b7487abc50ca179f7ad321', '2015-12-24 09:45:19', NULL, NULL, 0, '/html/product_content/201512/b6ec51ae5d954ca1acbc65e3b2b8f040.html', b'0', b'0', b'1', b'0', 423412.00000, NULL, NULL, '124234', 0, 123412340.00000, '[\n	{\n		"bigProductImagePath":"/upload/image/201512/67fb577e181c4aca9966174ac0e7790e_big.jpg",\n		"id":"67fb577e181c4aca9966174ac0e7790e",\n		"smallProductImagePath":"/upload/image/201512/67fb577e181c4aca9966174ac0e7790e_small.jpg",\n		"sourceProductImagePath":"/upload/image/201512/67fb577e181c4aca9966174ac0e7790e.jpeg",\n		"thumbnailProductImagePath":"/upload/image/201512/67fb577e181c4aca9966174ac0e7790e_thumbnail.jpg"\n	},\n	{\n		"bigProductImagePath":"/upload/image/201512/dd7ecb56d8ac4db2883d94f37255ccde_big.jpg",\n		"id":"dd7ecb56d8ac4db2883d94f37255ccde",\n		"smallProductImagePath":"/upload/image/201512/dd7ecb56d8ac4db2883d94f37255ccde_small.jpg",\n		"sourceProductImagePath":"/upload/image/201512/dd7ecb56d8ac4db2883d94f37255ccde.jpeg",\n		"thumbnailProductImagePath":"/upload/image/201512/dd7ecb56d8ac4db2883d94f37255ccde_thumbnail.jpg"\n	}\n]', '3412341234234', 0, 11, 0, '1', '2dcf75f487de4c7ea62bc181a0c28662', NULL),
	('0a35bfcc4252486a86ca5d6e21782dd0', '2015-11-12 20:09:00', NULL, '<p>fdsadsafdasfdsa</p>', 1, '/html/product_content/201511/2d2df43b654b40e7adf89edee4b535dd.html', b'1', b'1', b'1', b'1', 1.00000, '111', '11', '111', 1, 1.00000, '[\n	{\n		"bigProductImagePath":"/upload/image/201511/7be278ea73df42b08ae8287abd2b0054_big.jpg",\n		"id":"7be278ea73df42b08ae8287abd2b0054",\n		"smallProductImagePath":"/upload/image/201511/7be278ea73df42b08ae8287abd2b0054_small.jpg",\n		"sourceProductImagePath":"/upload/image/201511/7be278ea73df42b08ae8287abd2b0054.png",\n		"thumbnailProductImagePath":"/upload/image/201511/7be278ea73df42b08ae8287abd2b0054_thumbnail.jpg"\n	}\n]', '111', 1, 1, 0, '2', '2505aa1eda674d78a3325db74b0bfd72', '15e9cbc5fce2428dabbd4f8a6fc2da4e'),
	('0d632eb885f441d5a0233168dd9fb986', '2015-09-24 09:40:49', NULL, NULL, 0, '/html/product_content/201509/b47919192a3c44ffa8c54a12184c5368.html', b'0', b'0', b'1', b'0', 2.00000, '123', '213', '32123', 1, 12.00000, '[\n	{\n		"bigProductImagePath":"/upload/image/201509/68492d5eda694587b16e608320342e3d_big.jpg",\n		"id":"68492d5eda694587b16e608320342e3d",\n		"smallProductImagePath":"/upload/image/201509/68492d5eda694587b16e608320342e3d_small.jpg",\n		"sourceProductImagePath":"/upload/image/201509/68492d5eda694587b16e608320342e3d.jpeg",\n		"thumbnailProductImagePath":"/upload/image/201509/68492d5eda694587b16e608320342e3d_thumbnail.jpg"\n	}\n]', '123123', 0, 0, 0, '1', 'c5910cfe886244c9b23bd0234d946c3e', NULL),
	('121666e46e4d4ef287cd0e2929ec2b3b', '2016-01-04 11:00:28', NULL, NULL, 0, '/html/product_content/201601/aff5259e8d8146d08a4dcd03d5e8a7a1.html', b'1', b'1', b'1', b'1', 1234.00000, 'fdsaf', 'dsa', 'dsda', 234, 1213.00000, '[\n	{\n		"bigProductImagePath":"/upload/image/201601/52765b8c48b043b9b4bd7f04a7353415_big.jpg",\n		"id":"52765b8c48b043b9b4bd7f04a7353415",\n		"smallProductImagePath":"/upload/image/201601/52765b8c48b043b9b4bd7f04a7353415_small.jpg",\n		"sourceProductImagePath":"/upload/image/201601/52765b8c48b043b9b4bd7f04a7353415.png",\n		"thumbnailProductImagePath":"/upload/image/201601/52765b8c48b043b9b4bd7f04a7353415_thumbnail.jpg"\n	}\n]', 'fdas', 0, 23, 2, '68568cd84c854bf39878f76399ebe38d', '2dcf75f487de4c7ea62bc181a0c28662', NULL),
	('14a71d88fc11461881294757c7c430b4', '2016-01-30 14:26:18', NULL, NULL, 12, '/html/product_content/201601/f41eae0470144915912fb140daad0cc2.html', b'1', b'1', b'1', b'1', 24.00000, '1', '1', '啊沙发沙发', 4, 123.00000, '[\n	{\n		"bigProductImagePath":"/upload/image/201601/60daf325a80e4728801c816ee3d47360_big.jpg",\n		"id":"60daf325a80e4728801c816ee3d47360",\n		"smallProductImagePath":"/upload/image/201601/60daf325a80e4728801c816ee3d47360_small.jpg",\n		"sourceProductImagePath":"/upload/image/201601/60daf325a80e4728801c816ee3d47360.jpeg",\n		"thumbnailProductImagePath":"/upload/image/201601/60daf325a80e4728801c816ee3d47360_thumbnail.jpg"\n	}\n]', 'SN_DBA1517711C0', 12, 3, 0, '2', '578a2cc339924e04914658f6ac16cd3c', NULL),
	('1d4cdfd2d5304a1aa2f9fc571f67fdcf', '2016-10-07 17:03:45', NULL, NULL, 0, '/html/product_content/201610/4752271be20b47f2861bd666a30ca9ad.html', b'0', b'0', b'1', b'0', 0.00000, NULL, NULL, 'test', 0, 0.00000, '[\n	{\n		"bigProductImagePath":"/upload/image/201610/49591a2f62614636b05257b8968b6f44_big.jpg",\n		"id":"49591a2f62614636b05257b8968b6f44",\n		"smallProductImagePath":"/upload/image/201610/49591a2f62614636b05257b8968b6f44_small.jpg",\n		"sourceProductImagePath":"/upload/image/201610/49591a2f62614636b05257b8968b6f44.png",\n		"thumbnailProductImagePath":"/upload/image/201610/49591a2f62614636b05257b8968b6f44_thumbnail.jpg"\n	}\n]', 'SN_79280BB4FCCB', 0, 0, 0, '1', '2dcf75f487de4c7ea62bc181a0c28662', NULL),
	('2b61411ed3fd4ec392d2abfc4f11370b', '2016-01-22 20:50:15', NULL, NULL, 0, '/html/product_content/201601/fa1c8e36868142039accaae638763229.html', b'0', b'0', b'1', b'0', 200.00000, NULL, NULL, 'abc123', 0, 100.00000, NULL, '12399990000', 0, 0, 0, '1', '2dcf75f487de4c7ea62bc181a0c28662', NULL),
	('31ac24445aed4c45a8ea69804c075c67', '2016-10-02 20:35:54', NULL, NULL, 0, '/html/product_content/201610/24bca79db4194469b3cc0828708715af.html', b'0', b'0', b'1', b'0', 0.00000, NULL, NULL, '商品名字', 0, 0.00000, NULL, 'SN_79018989CCAD', 0, 0, 0, '1', '013a720f70e747388938d40628ad0510', NULL),
	('350fd248fd0e4ec88de3c5413084097a', '2016-06-15 16:31:33', NULL, NULL, 0, '/html/product_content/201606/b992da8080a84fd282290e48c7c9c5d8.html', b'0', b'0', b'1', b'0', 111.00000, NULL, NULL, 'bishecc', 0, 11111.00000, NULL, 'SN_8E523723C8D6', 111, 444, 0, '1', '178184a92a69437d88178526dffb45df', NULL),
	('3d82df4cbd7b491ebecf226e19f2e847', '2016-01-22 20:53:27', '2016-06-13 12:32:37', NULL, 2, '/html/product_content/201601/0a6a1d0100ed41cea561e5be50f7fe48.html', b'1', b'1', b'1', b'1', 5100.00000, 'iphone最新款', '苹果 iphone', '苹果iphone6s', 100, 4988.00000, NULL, 'ceshi20160122', 1000, 169, 0, '5115080b00dc465fb31f3809b5e629d6', '0e3d1018956045ea8588796d321f7317', NULL),
	('4ca488921b714c3bbdf332fe31ba50f7', '2016-06-21 15:27:30', NULL, NULL, 0, '/html/product_content/201606/590ed5ef951a4ceb8d7427969caa2091.html', b'0', b'0', b'1', b'0', 111.00000, '111', '111', '11111111111111111', 111, 1111.00000, NULL, 'SN_6A959A8B984C', 111, 111, 0, '5115080b00dc465fb31f3809b5e629d6', '578a2cc339924e04914658f6ac16cd3c', NULL),
	('4f5e5aa3e3e84bf4a89e0263cd12b081', '2015-01-09 14:57:39', '2016-01-12 03:01:32', '<p>rtffdsresrrrrrrrrrrrrrrrrrrrrrrrrrrrrrrrrrrrrrrrrrrrrrrrrrrrrrrrrrrrrrrrrrrrrrrrtffdsresrrrrrrrrrrrrrrrrrrrrrrrrrrrrrrrrrrrrrrrrrrrrrrrrrrrrrrrrrrrrrrrrrrrrrrrtffdsresrrrrrrrrrrrrrrrrrrrrrrrrrrrrrrrrrrrrrrrrrrrrrrrrrrrrrrrrrrrrrrrrrrrrrr</p>\r\n<p>rtffdsresrrrrrrrrrrrrrrrrrrrrrrrrrrrrrrrrrrrrrrrrrrrrrrrrrrrrrrrrrrrrrrrrrrrrrrrtffdsresrrrrrrrrrrrrrrrrrrrrrrrrrrrrrrrrrrrrrrrrrrrrrrrrrrrrrrrrrrrrrrrrrrrrrrrtffdsresrrrrrrrrrrrrrrrrrrrrrrrrrrrrrrrrrrrrrrrrrrrrrrrrrrrrrrrrrrrrrrrrrrrrrr</p>\r\n<p>rtffdsresrrrrrrrrrrrrrrrrrrrrrrrrrrrrrrrrrrrrrrrrrrrrrrrrrrrrrrrrrrrrrrrrrrrrrr</p>\r\n<p>rtffdsresrrrrrrrrrrrrrrrrrrrrrrrrrrrrrrrrrrrrrrrrrrrrrrrrrrrrrrrrrrrrrrrrrrrrrrrtffdsresrrrrrrrrrrrrrrrrrrrrrrrrrrrrrrrrrrrrrrrrrrrrrrrrrrrrrrrrrrrrrrrrrrrrrr</p>\r\n<p>rtffdsresrrrrrrrrrrrrrrrrrrrrrrrrrrrrrrrrrrrrrrrrrrrrrrrrrrrrrrrrrrrrrrrrrrrrrr</p>\r\n<p>&nbsp;</p>\r\n<p>&nbsp;</p>\r\n<p>rtffdsresrrrrrrrrrrrrrrrrrrrrrrrrrrrrrrrrrrrrrrrrrrrrrrrrrrrrrrrrrrrrrrrrrrrrrr</p>\r\n<p>&nbsp;</p>\r\n<p>&nbsp;</p>\r\n<p>rtffdsresrrrrrrrrrrrrrrrrrrrrrrrrrrrrrrrrrrrrrrrrrrrrrrrrrrrrrrrrrrrrrrrrrrrrrr</p>', 28, '/html/product_content/201501/709936434ae64444b52dd29edda6618a.html', b'1', b'1', b'1', b'1', 699.00000, '新款SKG GW3315榨汁机 不锈钢 婴儿榨汁机 出汁率高 特价ZZ1318', '新款SKG GW3315榨汁机', '新款SKG GW3315榨汁机 不锈钢 婴儿榨汁机 出汁率高 特价ZZ1318', 299, 299.00000, '[\n	{\n		"bigProductImagePath":"/upload/image/201501/d7ac6f6bcf734de3a37411bd405166d4_big.jpg",\n		"id":"d7ac6f6bcf734de3a37411bd405166d4",\n		"smallProductImagePath":"/upload/image/201501/d7ac6f6bcf734de3a37411bd405166d4_small.jpg",\n		"sourceProductImagePath":"/upload/image/201501/d7ac6f6bcf734de3a37411bd405166d4.jpeg",\n		"thumbnailProductImagePath":"/upload/image/201501/d7ac6f6bcf734de3a37411bd405166d4_thumbnail.jpg"\n	},\n	{\n		"bigProductImagePath":"/upload/image/201501/0aa1288168694b2c8686ffaa20ddb8d0_big.jpg",\n		"id":"0aa1288168694b2c8686ffaa20ddb8d0",\n		"smallProductImagePath":"/upload/image/201501/0aa1288168694b2c8686ffaa20ddb8d0_small.jpg",\n		"sourceProductImagePath":"/upload/image/201501/0aa1288168694b2c8686ffaa20ddb8d0.jpeg",\n		"thumbnailProductImagePath":"/upload/image/201501/0aa1288168694b2c8686ffaa20ddb8d0_thumbnail.jpg"\n	},\n	{\n		"bigProductImagePath":"/upload/image/201501/afc61a6a107140f8a504140f60087055_big.jpg",\n		"id":"afc61a6a107140f8a504140f60087055",\n		"smallProductImagePath":"/upload/image/201501/afc61a6a107140f8a504140f60087055_small.jpg",\n		"sourceProductImagePath":"/upload/image/201501/afc61a6a107140f8a504140f60087055.jpeg",\n		"thumbnailProductImagePath":"/upload/image/201501/afc61a6a107140f8a504140f60087055_thumbnail.jpg"\n	},\n	{\n		"bigProductImagePath":"/upload/image/201501/f04cdde6d96b4ffb9dccc2ea5211f8bf_big.jpg",\n		"id":"f04cdde6d96b4ffb9dccc2ea5211f8bf",\n		"smallProductImagePath":"/upload/image/201501/f04cdde6d96b4ffb9dccc2ea5211f8bf_small.jpg",\n		"sourceProductImagePath":"/upload/image/201501/f04cdde6d96b4ffb9dccc2ea5211f8bf.jpeg",\n		"thumbnailProductImagePath":"/upload/image/201501/f04cdde6d96b4ffb9dccc2ea5211f8bf_thumbnail.jpg"\n	},\n	{\n		"bigProductImagePath":"/upload/image/201501/85ba9b4cb06d4f0e9945e3688ce27550_big.jpg",\n		"id":"85ba9b4cb06d4f0e9945e3688ce27550",\n		"smallProductImagePath":"/upload/image/201501/85ba9b4cb06d4f0e9945e3688ce27550_small.jpg",\n		"sourceProductImagePath":"/upload/image/201501/85ba9b4cb06d4f0e9945e3688ce27550.jpeg",\n		"thumbnailProductImagePath":"/upload/image/201501/85ba9b4cb06d4f0e9945e3688ce27550_thumbnail.jpg"\n	},\n	{\n		"bigProductImagePath":"/upload/image/201501/74fdc7fb076c4d44b08480d842c22b9c_big.jpg",\n		"id":"74fdc7fb076c4d44b08480d842c22b9c",\n		"smallProductImagePath":"/upload/image/201501/74fdc7fb076c4d44b08480d842c22b9c_small.jpg",\n		"sourceProductImagePath":"/upload/image/201501/74fdc7fb076c4d44b08480d842c22b9c.jpeg",\n		"thumbnailProductImagePath":"/upload/image/201501/74fdc7fb076c4d44b08480d842c22b9c_thumbnail.jpg"\n	},\n	{\n		"bigProductImagePath":"/upload/image/201501/88eb2fd8d06542dc9692309d059cf0ed_big.jpg",\n		"id":"88eb2fd8d06542dc9692309d059cf0ed",\n		"smallProductImagePath":"/upload/image/201501/88eb2fd8d06542dc9692309d059cf0ed_small.jpg",\n		"sourceProductImagePath":"/upload/image/201501/88eb2fd8d06542dc9692309d059cf0ed.jpeg",\n		"thumbnailProductImagePath":"/upload/image/201501/88eb2fd8d06542dc9692309d059cf0ed_thumbnail.jpg"\n	},\n	{\n		"bigProductImagePath":"/upload/image/201501/366962fc937f41a3a035117fbc619cb8_big.jpg",\n		"id":"366962fc937f41a3a035117fbc619cb8",\n		"smallProductImagePath":"/upload/image/201501/366962fc937f41a3a035117fbc619cb8_small.jpg",\n		"sourceProductImagePath":"/upload/image/201501/366962fc937f41a3a035117fbc619cb8.jpeg",\n		"thumbnailProductImagePath":"/upload/image/201501/366962fc937f41a3a035117fbc619cb8_thumbnail.jpg"\n	}\n]', 'SN_E322127BDD6A', 135, 1, 1, '85b85945d8ae4eceac44bc753e1b7a84', '3693519d7a81423082a8639f6cfb31ef', '641950e9a55943f3b44477319671a081'),
	('58a633353ce142d4b94b2d880f22c481', '2015-01-09 13:47:33', '2015-01-09 14:20:07', '<p><img src="http://localhost/upload/image/201501/9d560e7ecbdc47b0bd5936dee5af5069.jpg" alt="" width="750" height="17317" /></p>', 0, '/html/product_content/201501/f08704d9d0e64c4dadd9500f925d9ce1.html', b'1', b'0', b'0', b'1', 208.00000, 'SKG1101电热开水瓶 一次沸腾 特有气压出水 健康除氟 不锈钢材质', 'SKG1101电热开水瓶 一次沸腾 特有气压出水 健康除氟 不锈钢材质', 'SKG1101电热开水瓶 一次沸腾 特有气压出水 健康除氟 不锈钢材质', 199, 199.00000, '[\n	{\n		"bigProductImagePath":"/upload/image/201501/38999f27a6db4f41b2042bd1094a7398_big.jpg",\n		"id":"38999f27a6db4f41b2042bd1094a7398",\n		"smallProductImagePath":"/upload/image/201501/38999f27a6db4f41b2042bd1094a7398_small.jpg",\n		"sourceProductImagePath":"/upload/image/201501/38999f27a6db4f41b2042bd1094a7398.jpeg",\n		"thumbnailProductImagePath":"/upload/image/201501/38999f27a6db4f41b2042bd1094a7398_thumbnail.jpg"\n	},\n	{\n		"bigProductImagePath":"/upload/image/201501/1dae9983b68d46f4a6a3fb9295c0816b_big.jpg",\n		"id":"1dae9983b68d46f4a6a3fb9295c0816b",\n		"smallProductImagePath":"/upload/image/201501/1dae9983b68d46f4a6a3fb9295c0816b_small.jpg",\n		"sourceProductImagePath":"/upload/image/201501/1dae9983b68d46f4a6a3fb9295c0816b.jpeg",\n		"thumbnailProductImagePath":"/upload/image/201501/1dae9983b68d46f4a6a3fb9295c0816b_thumbnail.jpg"\n	},\n	{\n		"bigProductImagePath":"/upload/image/201501/988e8bc3cd944fa481ab4fc807790e63_big.jpg",\n		"id":"988e8bc3cd944fa481ab4fc807790e63",\n		"smallProductImagePath":"/upload/image/201501/988e8bc3cd944fa481ab4fc807790e63_small.jpg",\n		"sourceProductImagePath":"/upload/image/201501/988e8bc3cd944fa481ab4fc807790e63.jpeg",\n		"thumbnailProductImagePath":"/upload/image/201501/988e8bc3cd944fa481ab4fc807790e63_thumbnail.jpg"\n	},\n	{\n		"bigProductImagePath":"/upload/image/201501/e29199834b8d491287560cf2d3ce2a99_big.jpg",\n		"id":"e29199834b8d491287560cf2d3ce2a99",\n		"smallProductImagePath":"/upload/image/201501/e29199834b8d491287560cf2d3ce2a99_small.jpg",\n		"sourceProductImagePath":"/upload/image/201501/e29199834b8d491287560cf2d3ce2a99.jpeg",\n		"thumbnailProductImagePath":"/upload/image/201501/e29199834b8d491287560cf2d3ce2a99_thumbnail.jpg"\n	},\n	{\n		"bigProductImagePath":"/upload/image/201501/48c4a9e7e09647c7b2517ebd4b8224d9_big.jpg",\n		"id":"48c4a9e7e09647c7b2517ebd4b8224d9",\n		"smallProductImagePath":"/upload/image/201501/48c4a9e7e09647c7b2517ebd4b8224d9_small.jpg",\n		"sourceProductImagePath":"/upload/image/201501/48c4a9e7e09647c7b2517ebd4b8224d9.jpeg",\n		"thumbnailProductImagePath":"/upload/image/201501/48c4a9e7e09647c7b2517ebd4b8224d9_thumbnail.jpg"\n	}\n]', 'SN_4A53A384F02C', 197, 500, 0, '85b85945d8ae4eceac44bc753e1b7a84', '2505aa1eda674d78a3325db74b0bfd72', '79b67a8dce2e451588a4f42a9475dd9d'),
	('5bf13cf3aeb04efbbb257018abc100f5', '2016-01-20 15:43:51', NULL, NULL, 0, '/html/product_content/201601/8b3721514e934739885e810822a7fa59.html', b'0', b'0', b'1', b'0', 0.00000, '332323', '32', '2332323232', 0, 0.00000, NULL, 'SN_EC88BBFE4C88', 0, 0, 0, '5115080b00dc465fb31f3809b5e629d6', 'c1462f9b673d4db9a9c3dbae2f3f2ded', '34ba020158f14418a749420df4cd9c46'),
	('5f240116e10c40ba87924014c4630d6a', '2016-06-21 15:25:59', NULL, NULL, 4, '/html/product_content/201606/870410d0abef47b0a67650afc5243dd9.html', b'0', b'0', b'1', b'0', 6000.00000, '2323', '2332', '1', 100, 6000.00000, NULL, 'SN_BA612A76A5CC', 10, 232, 0, '5115080b00dc465fb31f3809b5e629d6', '279f2b1edd254f9596414c1bd3320b0e', NULL),
	('6', '2015-01-09 16:41:20', '2015-11-12 11:24:04', '<p><img src="http://localhost/upload/image/201501/50628c8d22d04953a610eab42bdbceb5.jpg" alt="" width="750" height="11129" /></p>', 0, '/html/product_content/201501/5c8d0f1a3f9e4b26b510f36cb0dbd40a.html', b'1', b'0', b'0', b'1', 509.00000, 'SKG手机平板移动电源商务', 'SKG手机平板移动电源商务', 'SKG手机平板移动电源商务 超薄聚合物锂电芯 安卓通用充电宝5802', 286, 286.00000, '[\n	{\n		"bigProductImagePath":"/upload/image/201501/b48c479983cf4ae98b55c1fb03f257b2_big.jpg",\n		"id":"b48c479983cf4ae98b55c1fb03f257b2",\n		"smallProductImagePath":"/upload/image/201501/b48c479983cf4ae98b55c1fb03f257b2_small.jpg",\n		"sourceProductImagePath":"/upload/image/201501/b48c479983cf4ae98b55c1fb03f257b2.jpeg",\n		"thumbnailProductImagePath":"/upload/image/201501/b48c479983cf4ae98b55c1fb03f257b2_thumbnail.jpg"\n	},\n	{\n		"bigProductImagePath":"/upload/image/201501/1a5a5cfb934f4c389cde2c1187270677_big.jpg",\n		"id":"1a5a5cfb934f4c389cde2c1187270677",\n		"smallProductImagePath":"/upload/image/201501/1a5a5cfb934f4c389cde2c1187270677_small.jpg",\n		"sourceProductImagePath":"/upload/image/201501/1a5a5cfb934f4c389cde2c1187270677.jpeg",\n		"thumbnailProductImagePath":"/upload/image/201501/1a5a5cfb934f4c389cde2c1187270677_thumbnail.jpg"\n	},\n	{\n		"bigProductImagePath":"/upload/image/201501/43e36bd8c975417e82046454ad1aacf1_big.jpg",\n		"id":"43e36bd8c975417e82046454ad1aacf1",\n		"smallProductImagePath":"/upload/image/201501/43e36bd8c975417e82046454ad1aacf1_small.jpg",\n		"sourceProductImagePath":"/upload/image/201501/43e36bd8c975417e82046454ad1aacf1.jpeg",\n		"thumbnailProductImagePath":"/upload/image/201501/43e36bd8c975417e82046454ad1aacf1_thumbnail.jpg"\n	},\n	{\n		"bigProductImagePath":"/upload/image/201501/bdd9193c8ae94df380bf5c5895ea35a4_big.jpg",\n		"id":"bdd9193c8ae94df380bf5c5895ea35a4",\n		"smallProductImagePath":"/upload/image/201501/bdd9193c8ae94df380bf5c5895ea35a4_small.jpg",\n		"sourceProductImagePath":"/upload/image/201501/bdd9193c8ae94df380bf5c5895ea35a4.jpeg",\n		"thumbnailProductImagePath":"/upload/image/201501/bdd9193c8ae94df380bf5c5895ea35a4_thumbnail.jpg"\n	},\n	{\n		"bigProductImagePath":"/upload/image/201501/ee74969af8e645569b1bef6dce568847_big.jpg",\n		"id":"ee74969af8e645569b1bef6dce568847",\n		"smallProductImagePath":"/upload/image/201501/ee74969af8e645569b1bef6dce568847_small.jpg",\n		"sourceProductImagePath":"/upload/image/201501/ee74969af8e645569b1bef6dce568847.jpeg",\n		"thumbnailProductImagePath":"/upload/image/201501/ee74969af8e645569b1bef6dce568847_thumbnail.jpg"\n	}\n]', '6', 1966, 150, 0, '85b85945d8ae4eceac44bc753e1b7a84', '340f3673c9f340529a89398228a0cc87', '7ad4f0c4ae544a78952623f2d417519c'),
	('6402339746e04840932a5d400dcc8654', '2015-01-09 16:28:11', NULL, '<p><img src="http://localhost/upload/image/201501/8ec9e136d5df49c5ac4d19f2997317c9.jpg" alt="" width="750" height="11958" /></p>', 31, '/html/product_content/201501/7bb5a5692a164d6d93af2ff318808185.html', b'1', b'1', b'1', b'1', 399.00000, 'SKG 1638 家用静音电陶炉', 'SKG 1638 家用静音电陶炉', 'SKG 1638 家用静音电陶炉 不锈钢 包邮特价 无辐射黑晶炉', 179, 179.00000, '[\n	{\n		"bigProductImagePath":"/upload/image/201501/877e84f41e07437c9e3756a3ac32c2e7_big.jpg",\n		"id":"877e84f41e07437c9e3756a3ac32c2e7",\n		"smallProductImagePath":"/upload/image/201501/877e84f41e07437c9e3756a3ac32c2e7_small.jpg",\n		"sourceProductImagePath":"/upload/image/201501/877e84f41e07437c9e3756a3ac32c2e7.jpeg",\n		"thumbnailProductImagePath":"/upload/image/201501/877e84f41e07437c9e3756a3ac32c2e7_thumbnail.jpg"\n	},\n	{\n		"bigProductImagePath":"/upload/image/201501/3589d5d0f08642daa64fdf584f8f7f76_big.jpg",\n		"id":"3589d5d0f08642daa64fdf584f8f7f76",\n		"smallProductImagePath":"/upload/image/201501/3589d5d0f08642daa64fdf584f8f7f76_small.jpg",\n		"sourceProductImagePath":"/upload/image/201501/3589d5d0f08642daa64fdf584f8f7f76.jpeg",\n		"thumbnailProductImagePath":"/upload/image/201501/3589d5d0f08642daa64fdf584f8f7f76_thumbnail.jpg"\n	},\n	{\n		"bigProductImagePath":"/upload/image/201501/a1a51991b59a45ed8a546707c257c279_big.jpg",\n		"id":"a1a51991b59a45ed8a546707c257c279",\n		"smallProductImagePath":"/upload/image/201501/a1a51991b59a45ed8a546707c257c279_small.jpg",\n		"sourceProductImagePath":"/upload/image/201501/a1a51991b59a45ed8a546707c257c279.jpeg",\n		"thumbnailProductImagePath":"/upload/image/201501/a1a51991b59a45ed8a546707c257c279_thumbnail.jpg"\n	},\n	{\n		"bigProductImagePath":"/upload/image/201501/3a33fc7fe7644049b38b010b0a480b66_big.jpg",\n		"id":"3a33fc7fe7644049b38b010b0a480b66",\n		"smallProductImagePath":"/upload/image/201501/3a33fc7fe7644049b38b010b0a480b66_small.jpg",\n		"sourceProductImagePath":"/upload/image/201501/3a33fc7fe7644049b38b010b0a480b66.jpeg",\n		"thumbnailProductImagePath":"/upload/image/201501/3a33fc7fe7644049b38b010b0a480b66_thumbnail.jpg"\n	},\n	{\n		"bigProductImagePath":"/upload/image/201501/eddaa91ac3234644be7c2f7abcafad56_big.jpg",\n		"id":"eddaa91ac3234644be7c2f7abcafad56",\n		"smallProductImagePath":"/upload/image/201501/eddaa91ac3234644be7c2f7abcafad56_small.jpg",\n		"sourceProductImagePath":"/upload/image/201501/eddaa91ac3234644be7c2f7abcafad56.jpeg",\n		"thumbnailProductImagePath":"/upload/image/201501/eddaa91ac3234644be7c2f7abcafad56_thumbnail.jpg"\n	},\n	{\n		"bigProductImagePath":"/upload/image/201501/0626d0484b64438fb0253a01ce2cd9f0_big.jpg",\n		"id":"0626d0484b64438fb0253a01ce2cd9f0",\n		"smallProductImagePath":"/upload/image/201501/0626d0484b64438fb0253a01ce2cd9f0_small.jpg",\n		"sourceProductImagePath":"/upload/image/201501/0626d0484b64438fb0253a01ce2cd9f0.jpeg",\n		"thumbnailProductImagePath":"/upload/image/201501/0626d0484b64438fb0253a01ce2cd9f0_thumbnail.jpg"\n	}\n]', 'SN_EB60E254149C', 2382, 2, 1, '85b85945d8ae4eceac44bc753e1b7a84', 'a2a54141e9c04a20ac81d9b18b6e96ab', '6615e9f8f28f47e184968837a24864a5'),
	('6854487b8a224be5bed7962d184e6cba', '2016-06-22 19:58:24', NULL, NULL, 1, '/html/product_content/201606/1896ece6f40443628437fe7318068efd.html', b'0', b'0', b'1', b'0', 1.00000, NULL, NULL, '哈喽', 1, 1.00000, '[\n	{\n		"bigProductImagePath":"/upload/image/201606/32ef0337e14a44e49c915bdcd3405520_big.jpg",\n		"id":"32ef0337e14a44e49c915bdcd3405520",\n		"smallProductImagePath":"/upload/image/201606/32ef0337e14a44e49c915bdcd3405520_small.jpg",\n		"sourceProductImagePath":"/upload/image/201606/32ef0337e14a44e49c915bdcd3405520.jpeg",\n		"thumbnailProductImagePath":"/upload/image/201606/32ef0337e14a44e49c915bdcd3405520_thumbnail.jpg"\n	}\n]', '123231232', 1, 1, 0, '2', '013a720f70e747388938d40628ad0510', NULL),
	('7', '2015-01-09 16:41:20', NULL, '<p><img src="http://localhost/upload/image/201501/50628c8d22d04953a610eab42bdbceb5.jpg" alt="" width="750" height="11129" /></p>', 0, '/html/product_content/201501/5c8d0f1a3f9e4b26b510f36cb0dbd40a.html', b'1', b'0', b'0', b'1', 509.00000, 'SKG手机平板移动电源商务', 'SKG手机平板移动电源商务', 'SKG手机平板移动电源商务 超薄聚合物锂电芯 安卓通用充电宝5802', 286, 286.00000, '[\n	{\n		"bigProductImagePath":"/upload/image/201501/b48c479983cf4ae98b55c1fb03f257b2_big.jpg",\n		"id":"b48c479983cf4ae98b55c1fb03f257b2",\n		"smallProductImagePath":"/upload/image/201501/b48c479983cf4ae98b55c1fb03f257b2_small.jpg",\n		"sourceProductImagePath":"/upload/image/201501/b48c479983cf4ae98b55c1fb03f257b2.jpeg",\n		"thumbnailProductImagePath":"/upload/image/201501/b48c479983cf4ae98b55c1fb03f257b2_thumbnail.jpg"\n	},\n	{\n		"bigProductImagePath":"/upload/image/201501/1a5a5cfb934f4c389cde2c1187270677_big.jpg",\n		"id":"1a5a5cfb934f4c389cde2c1187270677",\n		"smallProductImagePath":"/upload/image/201501/1a5a5cfb934f4c389cde2c1187270677_small.jpg",\n		"sourceProductImagePath":"/upload/image/201501/1a5a5cfb934f4c389cde2c1187270677.jpeg",\n		"thumbnailProductImagePath":"/upload/image/201501/1a5a5cfb934f4c389cde2c1187270677_thumbnail.jpg"\n	},\n	{\n		"bigProductImagePath":"/upload/image/201501/43e36bd8c975417e82046454ad1aacf1_big.jpg",\n		"id":"43e36bd8c975417e82046454ad1aacf1",\n		"smallProductImagePath":"/upload/image/201501/43e36bd8c975417e82046454ad1aacf1_small.jpg",\n		"sourceProductImagePath":"/upload/image/201501/43e36bd8c975417e82046454ad1aacf1.jpeg",\n		"thumbnailProductImagePath":"/upload/image/201501/43e36bd8c975417e82046454ad1aacf1_thumbnail.jpg"\n	},\n	{\n		"bigProductImagePath":"/upload/image/201501/bdd9193c8ae94df380bf5c5895ea35a4_big.jpg",\n		"id":"bdd9193c8ae94df380bf5c5895ea35a4",\n		"smallProductImagePath":"/upload/image/201501/bdd9193c8ae94df380bf5c5895ea35a4_small.jpg",\n		"sourceProductImagePath":"/upload/image/201501/bdd9193c8ae94df380bf5c5895ea35a4.jpeg",\n		"thumbnailProductImagePath":"/upload/image/201501/bdd9193c8ae94df380bf5c5895ea35a4_thumbnail.jpg"\n	},\n	{\n		"bigProductImagePath":"/upload/image/201501/ee74969af8e645569b1bef6dce568847_big.jpg",\n		"id":"ee74969af8e645569b1bef6dce568847",\n		"smallProductImagePath":"/upload/image/201501/ee74969af8e645569b1bef6dce568847_small.jpg",\n		"sourceProductImagePath":"/upload/image/201501/ee74969af8e645569b1bef6dce568847.jpeg",\n		"thumbnailProductImagePath":"/upload/image/201501/ee74969af8e645569b1bef6dce568847_thumbnail.jpg"\n	}\n]', '8', 1966, 150, 0, '85b85945d8ae4eceac44bc753e1b7a84', '340f3673c9f340529a89398228a0cc87', '7ad4f0c4ae544a78952623f2d417519c'),
	('75f0cf2253974031a2ab4a53dc75c14c', '2015-10-31 23:16:07', NULL, NULL, 5, '/html/product_content/201510/35134aebfa024d00926817e550c0a91b.html', b'1', b'1', b'1', b'1', 2.00000, NULL, NULL, 'ceshi', 3, 1.00000, NULL, '1222', 5, 4, 0, '1', '2505aa1eda674d78a3325db74b0bfd72', NULL),
	('760b30f6e07a4606a19bd28894b12cfd', '2016-01-12 02:14:54', NULL, NULL, 0, '/html/product_content/201601/1fa5d6cd986d419197f995e2af0a2373.html', b'0', b'0', b'1', b'0', 0.00000, NULL, NULL, '00222', 0, 0.00000, '[\n	{\n		"bigProductImagePath":"/upload/image/201601/20ae0a0ba2f74c1490fd4181b2c505c9_big.jpg",\n		"id":"20ae0a0ba2f74c1490fd4181b2c505c9",\n		"smallProductImagePath":"/upload/image/201601/20ae0a0ba2f74c1490fd4181b2c505c9_small.jpg",\n		"sourceProductImagePath":"/upload/image/201601/20ae0a0ba2f74c1490fd4181b2c505c9.png",\n		"thumbnailProductImagePath":"/upload/image/201601/20ae0a0ba2f74c1490fd4181b2c505c9_thumbnail.jpg"\n	}\n]', 'SN_914BA3C4E817', 0, 0, 0, '5115080b00dc465fb31f3809b5e629d6', 'aa8a751bfa47466fbb8a2e41993043d9', '34ba020158f14418a749420df4cd9c46'),
	('7fce9b1083054c32afeb57d4cab3f3ae', '2016-01-22 20:55:15', NULL, NULL, 2, '/html/product_content/201601/077108d6b9264901a3e3ffe24447eb5a.html', b'0', b'0', b'1', b'0', 0.00000, NULL, NULL, '100000090', 100, 0.00000, NULL, '100000090', 100, 0, 0, '1', '2dcf75f487de4c7ea62bc181a0c28662', NULL),
	('8', '2015-01-09 16:41:20', NULL, '<p><img src="http://localhost/upload/image/201501/50628c8d22d04953a610eab42bdbceb5.jpg" alt="" width="750" height="11129" /></p>', 0, '/html/product_content/201501/5c8d0f1a3f9e4b26b510f36cb0dbd40a.html', b'1', b'0', b'0', b'1', 509.00000, 'SKG手机平板移动电源商务', 'SKG手机平板移动电源商务', 'SKG手机平板移动电源商务 超薄聚合物锂电芯 安卓通用充电宝5802', 286, 286.00000, '[\n	{\n		"bigProductImagePath":"/upload/image/201501/b48c479983cf4ae98b55c1fb03f257b2_big.jpg",\n		"id":"b48c479983cf4ae98b55c1fb03f257b2",\n		"smallProductImagePath":"/upload/image/201501/b48c479983cf4ae98b55c1fb03f257b2_small.jpg",\n		"sourceProductImagePath":"/upload/image/201501/b48c479983cf4ae98b55c1fb03f257b2.jpeg",\n		"thumbnailProductImagePath":"/upload/image/201501/b48c479983cf4ae98b55c1fb03f257b2_thumbnail.jpg"\n	},\n	{\n		"bigProductImagePath":"/upload/image/201501/1a5a5cfb934f4c389cde2c1187270677_big.jpg",\n		"id":"1a5a5cfb934f4c389cde2c1187270677",\n		"smallProductImagePath":"/upload/image/201501/1a5a5cfb934f4c389cde2c1187270677_small.jpg",\n		"sourceProductImagePath":"/upload/image/201501/1a5a5cfb934f4c389cde2c1187270677.jpeg",\n		"thumbnailProductImagePath":"/upload/image/201501/1a5a5cfb934f4c389cde2c1187270677_thumbnail.jpg"\n	},\n	{\n		"bigProductImagePath":"/upload/image/201501/43e36bd8c975417e82046454ad1aacf1_big.jpg",\n		"id":"43e36bd8c975417e82046454ad1aacf1",\n		"smallProductImagePath":"/upload/image/201501/43e36bd8c975417e82046454ad1aacf1_small.jpg",\n		"sourceProductImagePath":"/upload/image/201501/43e36bd8c975417e82046454ad1aacf1.jpeg",\n		"thumbnailProductImagePath":"/upload/image/201501/43e36bd8c975417e82046454ad1aacf1_thumbnail.jpg"\n	},\n	{\n		"bigProductImagePath":"/upload/image/201501/bdd9193c8ae94df380bf5c5895ea35a4_big.jpg",\n		"id":"bdd9193c8ae94df380bf5c5895ea35a4",\n		"smallProductImagePath":"/upload/image/201501/bdd9193c8ae94df380bf5c5895ea35a4_small.jpg",\n		"sourceProductImagePath":"/upload/image/201501/bdd9193c8ae94df380bf5c5895ea35a4.jpeg",\n		"thumbnailProductImagePath":"/upload/image/201501/bdd9193c8ae94df380bf5c5895ea35a4_thumbnail.jpg"\n	},\n	{\n		"bigProductImagePath":"/upload/image/201501/ee74969af8e645569b1bef6dce568847_big.jpg",\n		"id":"ee74969af8e645569b1bef6dce568847",\n		"smallProductImagePath":"/upload/image/201501/ee74969af8e645569b1bef6dce568847_small.jpg",\n		"sourceProductImagePath":"/upload/image/201501/ee74969af8e645569b1bef6dce568847.jpeg",\n		"thumbnailProductImagePath":"/upload/image/201501/ee74969af8e645569b1bef6dce568847_thumbnail.jpg"\n	}\n]', '9', 1966, 150, 0, '85b85945d8ae4eceac44bc753e1b7a84', '340f3673c9f340529a89398228a0cc87', '7ad4f0c4ae544a78952623f2d417519c'),
	('80e1e02c67d642fb8e19cca211569d09', '2016-01-10 16:53:40', NULL, NULL, 9, '/html/product_content/201601/1b45d43d1a164a7183c768b6b071c397.html', b'0', b'0', b'1', b'0', 11.00000, NULL, NULL, '测试商品', 1, 11.00000, NULL, '测试商品', 12, 2, 0, '1', '008193d04dd649588681b22f16babc8a', '34ba020158f14418a749420df4cd9c46'),
	('822dacb55ec248fbbd0f4cc11b5ae212', '2016-01-07 10:05:50', NULL, NULL, 22, '/html/product_content/201601/ef704dd23c774dffb7330e72674f1a07.html', b'0', b'0', b'1', b'0', 1.00000, 'asdf', 'asd', 'xcdsf', 1, 2.00000, '[\n	{\n		"bigProductImagePath":"/upload/image/201601/13bcb59e32ad4761b1df5e4153379513_big.jpg",\n		"id":"13bcb59e32ad4761b1df5e4153379513",\n		"smallProductImagePath":"/upload/image/201601/13bcb59e32ad4761b1df5e4153379513_small.jpg",\n		"sourceProductImagePath":"/upload/image/201601/13bcb59e32ad4761b1df5e4153379513.jpeg",\n		"thumbnailProductImagePath":"/upload/image/201601/13bcb59e32ad4761b1df5e4153379513_thumbnail.jpg"\n	},\n	{\n		"bigProductImagePath":"/upload/image/201601/bf18600dcfc54fbeb89b7e089f3cbed9_big.jpg",\n		"id":"bf18600dcfc54fbeb89b7e089f3cbed9",\n		"smallProductImagePath":"/upload/image/201601/bf18600dcfc54fbeb89b7e089f3cbed9_small.jpg",\n		"sourceProductImagePath":"/upload/image/201601/bf18600dcfc54fbeb89b7e089f3cbed9.jpeg",\n		"thumbnailProductImagePath":"/upload/image/201601/bf18600dcfc54fbeb89b7e089f3cbed9_thumbnail.jpg"\n	}\n]', 'asdf', 100, 3, 0, '2', '008193d04dd649588681b22f16babc8a', NULL),
	('838050aef79f4898ac8741f05e8975ca', '2016-01-08 13:09:23', '2016-01-20 15:46:07', '<p>士大夫电风扇电风扇发射点犯得上</p>', 0, '/html/product_content/201601/f33750c376f74155b4b52ee9af9a325e.html', b'1', b'1', b'1', b'1', 0.00000, '啊实打实大苏打似的', '啊', '这是个商品', 0, 200.00000, '[\n	{\n		"bigProductImagePath":"/upload/image/201601/6f8b93263f0d4c579edd31e03e65ba6e_big.jpg",\n		"id":"6f8b93263f0d4c579edd31e03e65ba6e",\n		"smallProductImagePath":"/upload/image/201601/6f8b93263f0d4c579edd31e03e65ba6e_small.jpg",\n		"sourceProductImagePath":"/upload/image/201601/6f8b93263f0d4c579edd31e03e65ba6e.png",\n		"thumbnailProductImagePath":"/upload/image/201601/6f8b93263f0d4c579edd31e03e65ba6e_thumbnail.jpg"\n	},\n	{\n		"bigProductImagePath":"/upload/image/201601/ed951d639cd04251969344819ae63af0_big.jpg",\n		"id":"ed951d639cd04251969344819ae63af0",\n		"smallProductImagePath":"/upload/image/201601/ed951d639cd04251969344819ae63af0_small.jpg",\n		"sourceProductImagePath":"/upload/image/201601/ed951d639cd04251969344819ae63af0.png",\n		"thumbnailProductImagePath":"/upload/image/201601/ed951d639cd04251969344819ae63af0_thumbnail.jpg"\n	},\n	{\n		"bigProductImagePath":"/upload/image/201601/914af33798a0404eb38c8646f431be83_big.jpg",\n		"id":"914af33798a0404eb38c8646f431be83",\n		"smallProductImagePath":"/upload/image/201601/914af33798a0404eb38c8646f431be83_small.jpg",\n		"sourceProductImagePath":"/upload/image/201601/914af33798a0404eb38c8646f431be83.png",\n		"thumbnailProductImagePath":"/upload/image/201601/914af33798a0404eb38c8646f431be83_thumbnail.jpg"\n	},\n	{\n		"bigProductImagePath":"/upload/image/201601/6bde1cbdc6d6439480f9cea04bbae98f_big.jpg",\n		"id":"6bde1cbdc6d6439480f9cea04bbae98f",\n		"smallProductImagePath":"/upload/image/201601/6bde1cbdc6d6439480f9cea04bbae98f_small.jpg",\n		"sourceProductImagePath":"/upload/image/201601/6bde1cbdc6d6439480f9cea04bbae98f.png",\n		"thumbnailProductImagePath":"/upload/image/201601/6bde1cbdc6d6439480f9cea04bbae98f_thumbnail.jpg"\n	}\n]', '121312', 0, 200, 0, '1', '2dcf75f487de4c7ea62bc181a0c28662', '34ba020158f14418a749420df4cd9c46'),
	('8ebf669b23f84699bab4f1d0d4f85adf', '2016-06-14 17:55:14', NULL, NULL, 5, '/html/product_content/201606/112bb336a06145c6bab51c91fe4b1683.html', b'1', b'1', b'1', b'1', 55.00000, 'hhahhahahahha', 'dfdfd', 'xingyun1', 0, 50.00000, '[\n	{\n		"bigProductImagePath":"/upload/image/201606/93028a16ff4b439c928a9a85eaa541aa_big.jpg",\n		"id":"93028a16ff4b439c928a9a85eaa541aa",\n		"smallProductImagePath":"/upload/image/201606/93028a16ff4b439c928a9a85eaa541aa_small.jpg",\n		"sourceProductImagePath":"/upload/image/201606/93028a16ff4b439c928a9a85eaa541aa.jpeg",\n		"thumbnailProductImagePath":"/upload/image/201606/93028a16ff4b439c928a9a85eaa541aa_thumbnail.jpg"\n	}\n]', '998', 100, 200, 0, '68568cd84c854bf39878f76399ebe38d', '013a720f70e747388938d40628ad0510', NULL),
	('90a7c694b536492e9e51db72e90c1fe4', '2015-09-07 16:57:43', '2015-09-19 16:09:42', NULL, 10, '/html/product_content/201509/d625a6f10262481ea1b132e40b815b99.html', b'0', b'0', b'1', b'0', 123.00000, 'aaa', NULL, '眼镜', 10, 12.00000, NULL, 'SN_4C5D198063C0', 10, 0, 0, '85b85945d8ae4eceac44bc753e1b7a84', 'a2a54141e9c04a20ac81d9b18b6e96ab', NULL),
	('ab2fac1c534942b8b4c42666d3db68c8', '2016-01-27 19:25:13', NULL, NULL, 5, '/html/product_content/201601/438a7390c6064fa2988bc6e3094c986c.html', b'1', b'1', b'1', b'1', 54.00000, '45', '45', 'DDD', 4, 43.00000, '[\n	{\n		"bigProductImagePath":"/upload/image/201601/a4576efb424e437aba4ca915cd12a5b7_big.jpg",\n		"id":"a4576efb424e437aba4ca915cd12a5b7",\n		"smallProductImagePath":"/upload/image/201601/a4576efb424e437aba4ca915cd12a5b7_small.jpg",\n		"sourceProductImagePath":"/upload/image/201601/a4576efb424e437aba4ca915cd12a5b7.png",\n		"thumbnailProductImagePath":"/upload/image/201601/a4576efb424e437aba4ca915cd12a5b7_thumbnail.jpg"\n	}\n]', 'DEWE', 45, 45, 0, '1', '2dcf75f487de4c7ea62bc181a0c28662', NULL),
	('b29942699240466cb7a50f597118bf48', '2016-01-11 16:07:13', NULL, NULL, 3, '/html/product_content/201601/b56328fcf0eb44628114508e2997b0df.html', b'0', b'0', b'1', b'0', 12.00000, NULL, NULL, '闻通过', 12, 12.00000, NULL, '211', 10, 123, 0, '1', '2dcf75f487de4c7ea62bc181a0c28662', NULL),
	('b64bae8052b94f8fb6d7bc72650ba675', '2015-11-15 13:18:00', NULL, NULL, 0, '/html/product_content/201511/1ead96de0ac64a138e14598e85e54fbb.html', b'0', b'0', b'1', b'0', 0.00000, 'asd', 'asd', 'sad', 0, 0.00000, '[\n	{\n		"bigProductImagePath":"/upload/image/201511/0ded23af31a842eeb9d1089f898440ee_big.jpg",\n		"id":"0ded23af31a842eeb9d1089f898440ee",\n		"smallProductImagePath":"/upload/image/201511/0ded23af31a842eeb9d1089f898440ee_small.jpg",\n		"sourceProductImagePath":"/upload/image/201511/0ded23af31a842eeb9d1089f898440ee.jpeg",\n		"thumbnailProductImagePath":"/upload/image/201511/0ded23af31a842eeb9d1089f898440ee_thumbnail.jpg"\n	},\n	{\n		"bigProductImagePath":"/upload/image/201511/e6ac82cdbe574553a11e27c201c9497b_big.jpg",\n		"id":"e6ac82cdbe574553a11e27c201c9497b",\n		"smallProductImagePath":"/upload/image/201511/e6ac82cdbe574553a11e27c201c9497b_small.jpg",\n		"sourceProductImagePath":"/upload/image/201511/e6ac82cdbe574553a11e27c201c9497b.jpeg",\n		"thumbnailProductImagePath":"/upload/image/201511/e6ac82cdbe574553a11e27c201c9497b_thumbnail.jpg"\n	},\n	{\n		"bigProductImagePath":"/upload/image/201511/238a8eebbef24b7ca35c1d935feec700_big.jpg",\n		"id":"238a8eebbef24b7ca35c1d935feec700",\n		"smallProductImagePath":"/upload/image/201511/238a8eebbef24b7ca35c1d935feec700_small.jpg",\n		"sourceProductImagePath":"/upload/image/201511/238a8eebbef24b7ca35c1d935feec700.jpeg",\n		"thumbnailProductImagePath":"/upload/image/201511/238a8eebbef24b7ca35c1d935feec700_thumbnail.jpg"\n	}\n]', 'ad', 0, 0, 0, '1', '2505aa1eda674d78a3325db74b0bfd72', '15e9cbc5fce2428dabbd4f8a6fc2da4e'),
	('b7e611937e6949009202bd7de7c42739', '2016-06-22 19:57:13', NULL, NULL, 1, '/html/product_content/201606/19efddce24744ab2a6b01a7cd68c1310.html', b'0', b'0', b'1', b'0', 1.00000, '1', '1', 'sdfs', 1, 1.00000, '[\n	{\n		"bigProductImagePath":"/upload/image/201606/f93e3787132d4b76b3738833a347f3a9_big.jpg",\n		"id":"f93e3787132d4b76b3738833a347f3a9",\n		"smallProductImagePath":"/upload/image/201606/f93e3787132d4b76b3738833a347f3a9_small.jpg",\n		"sourceProductImagePath":"/upload/image/201606/f93e3787132d4b76b3738833a347f3a9.jpeg",\n		"thumbnailProductImagePath":"/upload/image/201606/f93e3787132d4b76b3738833a347f3a9_thumbnail.jpg"\n	},\n	{\n		"bigProductImagePath":"/upload/image/201606/672c386b7cf140d39babce0afcbad48a_big.jpg",\n		"id":"672c386b7cf140d39babce0afcbad48a",\n		"smallProductImagePath":"/upload/image/201606/672c386b7cf140d39babce0afcbad48a_small.jpg",\n		"sourceProductImagePath":"/upload/image/201606/672c386b7cf140d39babce0afcbad48a.jpeg",\n		"thumbnailProductImagePath":"/upload/image/201606/672c386b7cf140d39babce0afcbad48a_thumbnail.jpg"\n	}\n]', 'sdf', 1, 1, 0, '1', '013a720f70e747388938d40628ad0510', NULL),
	('c1f9d1081c9f43eeb94796fdc1d3ee80', '2016-01-17 15:20:43', '2016-02-01 14:09:13', NULL, 0, '/html/product_content/201601/f7f3db7f0c2043b6860a228af57ea14c.html', b'1', b'1', b'1', b'0', 12.00000, NULL, NULL, '巧克力', 0, 11.00000, '[\n	{\n		"bigProductImagePath":"/upload/image/201601/8ca4ee073aa047c880f266adf1a73e08_big.jpg",\n		"id":"8ca4ee073aa047c880f266adf1a73e08",\n		"smallProductImagePath":"/upload/image/201601/8ca4ee073aa047c880f266adf1a73e08_small.jpg",\n		"sourceProductImagePath":"/upload/image/201601/8ca4ee073aa047c880f266adf1a73e08.png",\n		"thumbnailProductImagePath":"/upload/image/201601/8ca4ee073aa047c880f266adf1a73e08_thumbnail.jpg"\n	}\n]', '111111', 0, 500, 0, '2', '2dcf75f487de4c7ea62bc181a0c28662', NULL),
	('cb5125a89dab4957bb2bb2786ce29bc0', '2016-02-03 14:55:28', NULL, NULL, 0, '/html/product_content/201602/65b91049ab7f4c3799188d119434455a.html', b'0', b'0', b'1', b'0', 0.00000, NULL, NULL, '121321311111111111111111111', 0, 0.00000, NULL, '32131', 0, 0, 0, '68568cd84c854bf39878f76399ebe38d', '013a720f70e747388938d40628ad0510', NULL),
	('d194eca0c5f44a7ab8d496ec922860a1', '2015-11-04 16:18:52', NULL, '<html />', 54, '/html/product_content/201511/2e2713bfbebf427080bdf044e706858c.html', b'0', b'0', b'1', b'0', 1000.00000, NULL, NULL, 'test', 0, 1000.00000, NULL, 'SN_E07B66B41255', 1000, 1000, 0, '68568cd84c854bf39878f76399ebe38d', '2505aa1eda674d78a3325db74b0bfd72', NULL),
	('d25f47b8cc324b6db5d961760efdf569', '2016-08-20 13:51:07', NULL, NULL, 0, '/html/product_content/201608/f3be0aee2bd94c09a1821b608946f514.html', b'1', b'1', b'1', b'1', 11.00000, NULL, NULL, '测试', 11, 11.00000, NULL, 'SN_BE3E8B6A3BA0', 11, 22, 1, '5115080b00dc465fb31f3809b5e629d6', '3693519d7a81423082a8639f6cfb31ef', NULL),
	('d4741cc07f724a6fa702b5b286ffa786', '2015-09-20 19:28:22', '2015-12-09 20:26:02', '<p style="text-align: left;">1241</p>', 0, '/html/product_content/201509/3f8667f544f74baabe8de1d47d615bcd.html', b'0', b'0', b'1', b'0', 324.00000, '阿萨德发送到', '对对对', '我商品', 0, 12.00000, '[\n	{\n		"bigProductImagePath":"/upload/image/201509/3bab0cece3ed44e7a3d574ff8746dbc0_big.jpg",\n		"id":"3bab0cece3ed44e7a3d574ff8746dbc0",\n		"smallProductImagePath":"/upload/image/201509/3bab0cece3ed44e7a3d574ff8746dbc0_small.jpg",\n		"sourceProductImagePath":"/upload/image/201509/3bab0cece3ed44e7a3d574ff8746dbc0.png",\n		"thumbnailProductImagePath":"/upload/image/201509/3bab0cece3ed44e7a3d574ff8746dbc0_thumbnail.jpg"\n	}\n]', '123', 0, 123, 0, '1', 'c5910cfe886244c9b23bd0234d946c3e', NULL),
	('d49107a6a41141b0abc4f750a1db0306', '2015-09-20 10:35:15', '2015-12-17 11:07:46', NULL, 1, '/html/product_content/201509/86a1e7ef4c894d73a0a98c7da14e9e1c.html', b'0', b'0', b'1', b'0', 1.00000, 'HELLO WORLD', NULL, '1', 1, 1.00000, '[\n	{\n		"bigProductImagePath":"/upload/image/201509/b7a15123c55946ba8d63578033d38a17_big.jpg",\n		"id":"b7a15123c55946ba8d63578033d38a17",\n		"smallProductImagePath":"/upload/image/201509/b7a15123c55946ba8d63578033d38a17_small.jpg",\n		"sourceProductImagePath":"/upload/image/201509/b7a15123c55946ba8d63578033d38a17.jpeg",\n		"thumbnailProductImagePath":"/upload/image/201509/b7a15123c55946ba8d63578033d38a17_thumbnail.jpg"\n	},\n	{\n		"bigProductImagePath":"/upload/image/201509/2681c621b17f4fdcb5f994921ff3684d_big.jpg",\n		"id":"2681c621b17f4fdcb5f994921ff3684d",\n		"smallProductImagePath":"/upload/image/201509/2681c621b17f4fdcb5f994921ff3684d_small.jpg",\n		"sourceProductImagePath":"/upload/image/201509/2681c621b17f4fdcb5f994921ff3684d.jpeg",\n		"thumbnailProductImagePath":"/upload/image/201509/2681c621b17f4fdcb5f994921ff3684d_thumbnail.jpg"\n	},\n	{\n		"bigProductImagePath":"/upload/image/201509/838d62e573414cf48f91cdb745d90989_big.jpg",\n		"id":"838d62e573414cf48f91cdb745d90989",\n		"smallProductImagePath":"/upload/image/201509/838d62e573414cf48f91cdb745d90989_small.jpg",\n		"sourceProductImagePath":"/upload/image/201509/838d62e573414cf48f91cdb745d90989.jpeg",\n		"thumbnailProductImagePath":"/upload/image/201509/838d62e573414cf48f91cdb745d90989_thumbnail.jpg"\n	}\n]', '1', 1, 10, 0, '2', '2505aa1eda674d78a3325db74b0bfd72', NULL),
	('e08be3d9f6314b449e24763ffbcbaf87', '2015-12-21 23:43:12', '2016-10-07 23:33:29', NULL, 1, '/html/product_content/201512/002ce54c90914a91807abce379037518.html', b'1', b'1', b'0', b'1', 130.00000, 'JfinalShopB2cJfinalShopB2cJfinalShopB2cJfinalShopB2cJfinalShopB2c', 'JfinalShopB2c', 'JfinalShopB2c', 10, 10000.00000, '[\n	{\n		"bigProductImagePath":"/upload/image/201512/64abb66b84c348e2a8f450fe8ccae69c_big.jpg",\n		"id":"64abb66b84c348e2a8f450fe8ccae69c",\n		"smallProductImagePath":"/upload/image/201512/64abb66b84c348e2a8f450fe8ccae69c_small.jpg",\n		"sourceProductImagePath":"/upload/image/201512/64abb66b84c348e2a8f450fe8ccae69c.jpeg",\n		"thumbnailProductImagePath":"/upload/image/201512/64abb66b84c348e2a8f450fe8ccae69c_thumbnail.jpg"\n	},\n	{\n		"bigProductImagePath":"/upload/image/201512/53864820a54446ec88a837365af7c31b_big.jpg",\n		"id":"53864820a54446ec88a837365af7c31b",\n		"smallProductImagePath":"/upload/image/201512/53864820a54446ec88a837365af7c31b_small.jpg",\n		"sourceProductImagePath":"/upload/image/201512/53864820a54446ec88a837365af7c31b.jpeg",\n		"thumbnailProductImagePath":"/upload/image/201512/53864820a54446ec88a837365af7c31b_thumbnail.jpg"\n	}\n]', '001', 100, 1, 0, 'd24bf080324d469e9d33de54699cce25', '2dcf75f487de4c7ea62bc181a0c28662', NULL),
	('e67d175a8c4d4d7b8d0bbe81fdded9aa', '2016-07-11 15:55:45', NULL, NULL, 4, '/html/product_content/201607/fe40b0ce3e8646109bd583668d7f4de2.html', b'1', b'1', b'1', b'1', 120.00000, '三次发文称', '速度', '00001111', 10, 100.00000, '[\n	{\n		"bigProductImagePath":"/upload/image/201607/16a95905e700419f9f7f1416f07a6a9f_big.jpg",\n		"id":"16a95905e700419f9f7f1416f07a6a9f",\n		"smallProductImagePath":"/upload/image/201607/16a95905e700419f9f7f1416f07a6a9f_small.jpg",\n		"sourceProductImagePath":"/upload/image/201607/16a95905e700419f9f7f1416f07a6a9f.png",\n		"thumbnailProductImagePath":"/upload/image/201607/16a95905e700419f9f7f1416f07a6a9f_thumbnail.jpg"\n	},\n	{\n		"bigProductImagePath":"/upload/image/201607/4f35a2925fe54512b63ead630591a4f5_big.jpg",\n		"id":"4f35a2925fe54512b63ead630591a4f5",\n		"smallProductImagePath":"/upload/image/201607/4f35a2925fe54512b63ead630591a4f5_small.jpg",\n		"sourceProductImagePath":"/upload/image/201607/4f35a2925fe54512b63ead630591a4f5.png",\n		"thumbnailProductImagePath":"/upload/image/201607/4f35a2925fe54512b63ead630591a4f5_thumbnail.jpg"\n	},\n	{\n		"bigProductImagePath":"/upload/image/201607/e340a85baca94ed5b8fff13406945870_big.jpg",\n		"id":"e340a85baca94ed5b8fff13406945870",\n		"smallProductImagePath":"/upload/image/201607/e340a85baca94ed5b8fff13406945870_small.jpg",\n		"sourceProductImagePath":"/upload/image/201607/e340a85baca94ed5b8fff13406945870.png",\n		"thumbnailProductImagePath":"/upload/image/201607/e340a85baca94ed5b8fff13406945870_thumbnail.jpg"\n	},\n	{\n		"bigProductImagePath":"/upload/image/201607/d18444b7e7b447858d2f6e237d762861_big.jpg",\n		"id":"d18444b7e7b447858d2f6e237d762861",\n		"smallProductImagePath":"/upload/image/201607/d18444b7e7b447858d2f6e237d762861_small.jpg",\n		"sourceProductImagePath":"/upload/image/201607/d18444b7e7b447858d2f6e237d762861.png",\n		"thumbnailProductImagePath":"/upload/image/201607/d18444b7e7b447858d2f6e237d762861_thumbnail.jpg"\n	}\n]', 'SN_E4E05915DA19', 10, 10, 0, 'd24bf080324d469e9d33de54699cce25', '013a720f70e747388938d40628ad0510', NULL),
	('e7d2538a11ab43149f144aa0f6d2f1d9', '2015-12-21 23:46:15', NULL, '<p>JfinalShopB2cJfinalShopB2cJfinalShopB2cJfinalShopB2cJfinalShopB2cJfinalShopB2cJfinalShopB2cJfinalShopB2cJfinalShopB2c</p>\r\n<p>\r\n<object width="100" height="100" data="http://www.jfinalshop.com/product/" type="application/x-shockwave-flash">\r\n<param name="src" value="http://www.jfinalshop.com/product/" />\r\n</object>\r\nJfinalShopB2cJfinalShopB2cJfinalShopB2cJfinalShopB2cJfinalShopB2cJfinalShopB2cJfinalShopB2cJfinalShopB2cJfinalShopB2cJfinalShopB2cJfinalShopB2c</p>', 2, '/html/product_content/201512/b9a472166c434567beea4f383649f237.html', b'1', b'1', b'1', b'1', 11.00000, 'JfinalShopB2cJfinalShopB2cJfinalShopB2cJfinalShopB2cJfinalShopB2cJfinalShopB2cJfinalShopB2cJfinalShopB2cJfinalShopB2cJfinalShopB2cJfinalShopB2cJfinalShopB2cJfinalShopB2cJfinalShopB2cJfinalShopB2cJfinalShopB2cJfinalShopB2cJfinalShopB2cJfinalShopB2cJfinalShopB2cJfinalShopB2cJfinalShopB2cJfinalShopB2cJfinalShopB2cJfinalShopB2cJfinalShopB2cJfinalShopB2cJfinalShopB2cJfinalShopB2c', 'JfinalShopB2c', 'JfinalShopB2c', 1, 10.00000, '[\n	{\n		"bigProductImagePath":"/upload/image/201512/baef9ec9bb884f5c8d4e67cab3ecaf6d_big.jpg",\n		"id":"baef9ec9bb884f5c8d4e67cab3ecaf6d",\n		"smallProductImagePath":"/upload/image/201512/baef9ec9bb884f5c8d4e67cab3ecaf6d_small.jpg",\n		"sourceProductImagePath":"/upload/image/201512/baef9ec9bb884f5c8d4e67cab3ecaf6d.jpeg",\n		"thumbnailProductImagePath":"/upload/image/201512/baef9ec9bb884f5c8d4e67cab3ecaf6d_thumbnail.jpg"\n	},\n	{\n		"bigProductImagePath":"/upload/image/201512/afba7cf756c34392b1c002ede19e469d_big.jpg",\n		"id":"afba7cf756c34392b1c002ede19e469d",\n		"smallProductImagePath":"/upload/image/201512/afba7cf756c34392b1c002ede19e469d_small.jpg",\n		"sourceProductImagePath":"/upload/image/201512/afba7cf756c34392b1c002ede19e469d.jpeg",\n		"thumbnailProductImagePath":"/upload/image/201512/afba7cf756c34392b1c002ede19e469d_thumbnail.jpg"\n	}\n]', 'JfinalShopB2c1', 100, 1, 0, '1', '2dcf75f487de4c7ea62bc181a0c28662', '6615e9f8f28f47e184968837a24864a5'),
	('ef1390d6cf49418398e7c307297e5dc1', '2016-01-12 02:54:01', NULL, NULL, 0, '/html/product_content/201601/f4151bd1d38f478b933ec4c23ed7803e.html', b'0', b'0', b'1', b'0', 224.00000, '232', '23', 'tttttttttt', 33, 0.00000, '[\n	{\n		"bigProductImagePath":"/upload/image/201601/8c706b2987924285858b5a348de245fe_big.jpg",\n		"id":"8c706b2987924285858b5a348de245fe",\n		"smallProductImagePath":"/upload/image/201601/8c706b2987924285858b5a348de245fe_small.jpg",\n		"sourceProductImagePath":"/upload/image/201601/8c706b2987924285858b5a348de245fe.png",\n		"thumbnailProductImagePath":"/upload/image/201601/8c706b2987924285858b5a348de245fe_thumbnail.jpg"\n	},\n	{\n		"bigProductImagePath":"/upload/image/201601/dbfdb13fb392433f83994a05365d7c65_big.jpg",\n		"id":"dbfdb13fb392433f83994a05365d7c65",\n		"smallProductImagePath":"/upload/image/201601/dbfdb13fb392433f83994a05365d7c65_small.jpg",\n		"sourceProductImagePath":"/upload/image/201601/dbfdb13fb392433f83994a05365d7c65.png",\n		"thumbnailProductImagePath":"/upload/image/201601/dbfdb13fb392433f83994a05365d7c65_thumbnail.jpg"\n	},\n	{\n		"bigProductImagePath":"/upload/image/201601/37d0ad61a2644236bd86e49d6f96a5c5_big.jpg",\n		"id":"37d0ad61a2644236bd86e49d6f96a5c5",\n		"smallProductImagePath":"/upload/image/201601/37d0ad61a2644236bd86e49d6f96a5c5_small.jpg",\n		"sourceProductImagePath":"/upload/image/201601/37d0ad61a2644236bd86e49d6f96a5c5.png",\n		"thumbnailProductImagePath":"/upload/image/201601/37d0ad61a2644236bd86e49d6f96a5c5_thumbnail.jpg"\n	},\n	{\n		"bigProductImagePath":"/upload/image/201601/94e453d9ee834812af43471c926f7ad2_big.jpg",\n		"id":"94e453d9ee834812af43471c926f7ad2",\n		"smallProductImagePath":"/upload/image/201601/94e453d9ee834812af43471c926f7ad2_small.jpg",\n		"sourceProductImagePath":"/upload/image/201601/94e453d9ee834812af43471c926f7ad2.png",\n		"thumbnailProductImagePath":"/upload/image/201601/94e453d9ee834812af43471c926f7ad2_thumbnail.jpg"\n	},\n	{\n		"bigProductImagePath":"/upload/image/201601/e575cdc64da042619124d9cd605abe77_big.jpg",\n		"id":"e575cdc64da042619124d9cd605abe77",\n		"smallProductImagePath":"/upload/image/201601/e575cdc64da042619124d9cd605abe77_small.jpg",\n		"sourceProductImagePath":"/upload/image/201601/e575cdc64da042619124d9cd605abe77.png",\n		"thumbnailProductImagePath":"/upload/image/201601/e575cdc64da042619124d9cd605abe77_thumbnail.jpg"\n	}\n]', 'tttttttttttttttttttttttttttt', 0, 0, 0, '68568cd84c854bf39878f76399ebe38d', 'c1462f9b673d4db9a9c3dbae2f3f2ded', '34ba020158f14418a749420df4cd9c46'),
	('f00b604b04d749a78bb3c7f4ae0ea002', '2015-09-27 23:25:59', '2016-01-20 15:44:20', NULL, 82, '/html/product_content/201509/51fe089a98784684b4b1d6fdf839aadb.html', b'0', b'0', b'1', b'0', 300.00000, NULL, NULL, '1', 200, 200.00000, NULL, '2', 100, 0, 0, '1', '2505aa1eda674d78a3325db74b0bfd72', '34ba020158f14418a749420df4cd9c46'),
	('f0bacf6835584bc88217057678d8232f', '2016-02-08 19:17:40', NULL, NULL, 0, '/html/product_content/201602/97029d0febd04a6fbd008d27c4aafd8d.html', b'0', b'0', b'1', b'0', 0.00000, NULL, NULL, 'asda', 0, 0.00000, '[\n	{\n		"bigProductImagePath":"/upload/image/201602/db3fc22f1fd0459a902eebe018076aef_big.jpg",\n		"id":"db3fc22f1fd0459a902eebe018076aef",\n		"smallProductImagePath":"/upload/image/201602/db3fc22f1fd0459a902eebe018076aef_small.jpg",\n		"sourceProductImagePath":"/upload/image/201602/db3fc22f1fd0459a902eebe018076aef.png",\n		"thumbnailProductImagePath":"/upload/image/201602/db3fc22f1fd0459a902eebe018076aef_thumbnail.jpg"\n	}\n]', 'wq', 0, 0, 0, '6dfed075066e43dcb355f9fa8d3a6837', '178184a92a69437d88178526dffb45df', NULL),
	('f21d18e67f274262bd836d1dea7c30f1', '2015-01-09 16:41:20', NULL, '<p><img src="http://localhost/upload/image/201501/50628c8d22d04953a610eab42bdbceb5.jpg" alt="" width="750" height="11129" /></p>', 0, '/html/product_content/201501/5c8d0f1a3f9e4b26b510f36cb0dbd40a.html', b'1', b'0', b'0', b'1', 509.00000, 'SKG手机平板移动电源商务', 'SKG手机平板移动电源商务', 'SKG手机平板移动电源商务 超薄聚合物锂电芯 安卓通用充电宝5802', 286, 286.00000, '[\n	{\n		"bigProductImagePath":"/upload/image/201501/b48c479983cf4ae98b55c1fb03f257b2_big.jpg",\n		"id":"b48c479983cf4ae98b55c1fb03f257b2",\n		"smallProductImagePath":"/upload/image/201501/b48c479983cf4ae98b55c1fb03f257b2_small.jpg",\n		"sourceProductImagePath":"/upload/image/201501/b48c479983cf4ae98b55c1fb03f257b2.jpeg",\n		"thumbnailProductImagePath":"/upload/image/201501/b48c479983cf4ae98b55c1fb03f257b2_thumbnail.jpg"\n	},\n	{\n		"bigProductImagePath":"/upload/image/201501/1a5a5cfb934f4c389cde2c1187270677_big.jpg",\n		"id":"1a5a5cfb934f4c389cde2c1187270677",\n		"smallProductImagePath":"/upload/image/201501/1a5a5cfb934f4c389cde2c1187270677_small.jpg",\n		"sourceProductImagePath":"/upload/image/201501/1a5a5cfb934f4c389cde2c1187270677.jpeg",\n		"thumbnailProductImagePath":"/upload/image/201501/1a5a5cfb934f4c389cde2c1187270677_thumbnail.jpg"\n	},\n	{\n		"bigProductImagePath":"/upload/image/201501/43e36bd8c975417e82046454ad1aacf1_big.jpg",\n		"id":"43e36bd8c975417e82046454ad1aacf1",\n		"smallProductImagePath":"/upload/image/201501/43e36bd8c975417e82046454ad1aacf1_small.jpg",\n		"sourceProductImagePath":"/upload/image/201501/43e36bd8c975417e82046454ad1aacf1.jpeg",\n		"thumbnailProductImagePath":"/upload/image/201501/43e36bd8c975417e82046454ad1aacf1_thumbnail.jpg"\n	},\n	{\n		"bigProductImagePath":"/upload/image/201501/bdd9193c8ae94df380bf5c5895ea35a4_big.jpg",\n		"id":"bdd9193c8ae94df380bf5c5895ea35a4",\n		"smallProductImagePath":"/upload/image/201501/bdd9193c8ae94df380bf5c5895ea35a4_small.jpg",\n		"sourceProductImagePath":"/upload/image/201501/bdd9193c8ae94df380bf5c5895ea35a4.jpeg",\n		"thumbnailProductImagePath":"/upload/image/201501/bdd9193c8ae94df380bf5c5895ea35a4_thumbnail.jpg"\n	},\n	{\n		"bigProductImagePath":"/upload/image/201501/ee74969af8e645569b1bef6dce568847_big.jpg",\n		"id":"ee74969af8e645569b1bef6dce568847",\n		"smallProductImagePath":"/upload/image/201501/ee74969af8e645569b1bef6dce568847_small.jpg",\n		"sourceProductImagePath":"/upload/image/201501/ee74969af8e645569b1bef6dce568847.jpeg",\n		"thumbnailProductImagePath":"/upload/image/201501/ee74969af8e645569b1bef6dce568847_thumbnail.jpg"\n	}\n]', 'SN_38ECD6CB23CF', 1966, 150, 0, '85b85945d8ae4eceac44bc753e1b7a84', '340f3673c9f340529a89398228a0cc87', '7ad4f0c4ae544a78952623f2d417519c');
/*!40000 ALTER TABLE `product` ENABLE KEYS */;


-- 导出  表 jfinalshop.productattribute 结构
CREATE TABLE IF NOT EXISTS `productattribute` (
  `id` varchar(32) NOT NULL,
  `createDate` datetime DEFAULT NULL,
  `modifyDate` datetime DEFAULT NULL,
  `attributeOptionStore` varchar(255) DEFAULT NULL,
  `attributeType` int(11) NOT NULL,
  `isEnabled` bit(1) NOT NULL,
  `isRequired` bit(1) NOT NULL,
  `name` varchar(255) NOT NULL,
  `orderList` int(11) NOT NULL,
  `productType_id` varchar(32) NOT NULL,
  PRIMARY KEY (`id`),
  UNIQUE KEY `name` (`name`,`productType_id`),
  KEY `FKDDC65E8D738B3AF6` (`productType_id`),
  CONSTRAINT `FKDDC65E8D738B3AF6` FOREIGN KEY (`productType_id`) REFERENCES `producttype` (`id`)
) ENGINE=InnoDB DEFAULT CHARSET=utf8;

-- 正在导出表  jfinalshop.productattribute 的数据：~61 rows (大约)
/*!40000 ALTER TABLE `productattribute` DISABLE KEYS */;
INSERT INTO `productattribute` (`id`, `createDate`, `modifyDate`, `attributeOptionStore`, `attributeType`, `isEnabled`, `isRequired`, `name`, `orderList`, `productType_id`) VALUES
	('08bc92b3df27467cb6c3775f2f268708', '2015-01-09 15:05:31', NULL, NULL, 0, b'1', b'0', '品牌', 7, '641950e9a55943f3b44477319671a081'),
	('100a2814d07b49caa875bf005da05416', '2015-01-09 16:52:37', NULL, NULL, 0, b'1', b'0', '货号', 4, '15e9cbc5fce2428dabbd4f8a6fc2da4e'),
	('1399933b3edd47ea842bc44217057154', '2015-01-09 16:33:38', NULL, NULL, 0, b'1', b'0', '品牌', 3, '7ad4f0c4ae544a78952623f2d417519c'),
	('1451abb39ea44ba684d9aea3cabbe480', '2015-01-09 16:52:17', NULL, NULL, 0, b'1', b'0', '品牌', 2, '15e9cbc5fce2428dabbd4f8a6fc2da4e'),
	('1714eec7aab24827ade02a9ea5eb5c55', '2015-01-09 15:04:33', NULL, NULL, 0, b'1', b'0', '果肉渣滓盒容量', 3, '641950e9a55943f3b44477319671a081'),
	('1d803559e5a34a2d849c084237cc27c7', '2015-01-09 11:33:42', NULL, NULL, 0, b'1', b'0', '型号', 13, '79b67a8dce2e451588a4f42a9475dd9d'),
	('201918f2319b4d3f8e3e1d237612358d', '2015-01-09 15:05:18', NULL, NULL, 0, b'1', b'0', '榨汁搅拌料理机功率（值)', 6, '641950e9a55943f3b44477319671a081'),
	('20f5e72e9f774c4c974f392f8ea8dfdc', '2016-01-12 02:57:18', '2016-06-13 12:18:18', '["q1","q2"]', 5, b'1', b'1', '生产日期', 2, '6615e9f8f28f47e184968837a24864a5'),
	('21be12b6122b4de99551ba7981be30a6', '2015-01-09 15:08:22', NULL, NULL, 0, b'1', b'0', '保修卡', 14, '641950e9a55943f3b44477319671a081'),
	('23661fcc703046caac8e5b022a679279', '2015-01-09 16:23:37', NULL, NULL, 0, b'1', b'0', '售后服务', 6, '6615e9f8f28f47e184968837a24864a5'),
	('2735e4ffd3f946238e9593f15e4a250d', '2015-01-09 15:07:09', NULL, NULL, 0, b'1', b'0', '电源线', 12, '641950e9a55943f3b44477319671a081'),
	('28cc20c141344fd3be03a695349a3e74', '2015-01-09 15:05:04', NULL, NULL, 0, b'1', b'0', '榨汁机附加功能', 5, '641950e9a55943f3b44477319671a081'),
	('35199544b8a54760b98fdb324c7ccbe3', '2015-01-09 16:33:19', NULL, NULL, 0, b'1', b'0', '电池容量', 1, '7ad4f0c4ae544a78952623f2d417519c'),
	('3ab4c4727185459096370ecd4d091001', '2015-01-09 11:32:07', NULL, NULL, 0, b'1', b'0', '自动断电', 7, '79b67a8dce2e451588a4f42a9475dd9d'),
	('3d24e68545b441dfa25aa7d13bfabf3c', '2015-01-09 15:04:17', NULL, NULL, 0, b'1', b'0', '一次性最大出汁量', 2, '641950e9a55943f3b44477319671a081'),
	('3f6ab53c4fac44c08206024d651ad081', '2015-01-09 15:04:54', NULL, NULL, 0, b'1', b'0', '榨汁机最高转速', 4, '641950e9a55943f3b44477319671a081'),
	('40283f873da24780a91025792560c2a4', '2016-01-21 18:18:32', '2016-08-03 10:27:50', NULL, 2, b'1', b'1', '价格', 1, '6615e9f8f28f47e184968837a24864a5'),
	('43d300b993d84a6ea2025d0a4866c764', '2015-01-09 16:35:13', NULL, NULL, 0, b'1', b'0', '电池类型', 10, '7ad4f0c4ae544a78952623f2d417519c'),
	('46381f53778d46e78f9d8e00ba0b4353', '2015-01-09 16:23:01', NULL, NULL, 0, b'1', b'0', '发热原理', 4, '6615e9f8f28f47e184968837a24864a5'),
	('478d700bf346469c8059999066f0b34b', '2015-01-09 11:31:25', NULL, NULL, 0, b'1', b'0', '加热速度', 4, '79b67a8dce2e451588a4f42a9475dd9d'),
	('4b428690e93a41d0bc213fc0be690f75', '2015-01-09 11:31:53', NULL, NULL, 0, b'1', b'0', '加热方式', 6, '79b67a8dce2e451588a4f42a9475dd9d'),
	('5b1d152bbf604c4da218075882555911', '2016-01-04 16:04:32', '2016-06-13 12:18:33', NULL, 0, b'1', b'1', '其他参数', 5, '6615e9f8f28f47e184968837a24864a5'),
	('5d7c46d73bb04044b6a05e5a10dea870', '2015-12-04 12:49:42', '2016-06-13 12:15:59', '["时间","对象","2会员"]', 4, b'1', b'1', '测试c', 50, '15e9cbc5fce2428dabbd4f8a6fc2da4e'),
	('5d8f4cec44964d48a0aa811955a78f5f', '2015-01-09 11:33:27', NULL, NULL, 0, b'1', b'0', '品牌', 12, '79b67a8dce2e451588a4f42a9475dd9d'),
	('6013f578cf6b433a8c4cc561abae40a1', '2015-12-18 15:56:20', '2016-06-13 12:18:39', '["C","B","A"]', 0, b'1', b'1', '注意事项', 6, '34ba020158f14418a749420df4cd9c46'),
	('612d855d3e064eb8bba420a03d6028c3', '2015-01-09 16:33:50', NULL, NULL, 0, b'1', b'0', '产品尺寸', 4, '7ad4f0c4ae544a78952623f2d417519c'),
	('6fea61b9a33040c6b1f9211b9d2c1a8d', '2015-01-09 16:11:43', NULL, NULL, 0, b'1', b'0', '型号', 3, '6615e9f8f28f47e184968837a24864a5'),
	('746ec527023647e49e3133d0aaf62fff', '2015-12-18 15:55:51', '2016-06-13 12:18:56', '["A","B","C"]', 4, b'1', b'0', '其他', 7, '34ba020158f14418a749420df4cd9c46'),
	('7ab92466168b4dac9e8e386ae67bd8c2', '2016-01-12 02:56:40', '2016-06-13 12:18:28', NULL, 0, b'1', b'1', '生产厂家', 4, 'dd1310cada3c44078ad23557f2c64b2b'),
	('846ceef0e1b84eabb2c9baed7851415d', '2015-01-09 15:07:31', NULL, NULL, 0, b'1', b'0', '说明书', 13, '641950e9a55943f3b44477319671a081'),
	('8a6df07db9074b14866a615e68526710', '2015-01-09 16:23:52', NULL, NULL, 0, b'1', b'0', '光热波炉功率（值）', 7, '6615e9f8f28f47e184968837a24864a5'),
	('9b786b9118424c4c87cef685402465eb', '2015-01-09 11:32:21', NULL, NULL, 0, b'1', b'0', '电热水壶类型', 8, '79b67a8dce2e451588a4f42a9475dd9d'),
	('9ff6ff1b472b49818b0c18a03c4efcd4', '2015-12-18 15:51:02', '2016-06-13 12:15:16', NULL, 2, b'1', b'0', '测试a', 50, '34ba020158f14418a749420df4cd9c46'),
	('a03e2f2c49c1452f8f62b95a07865446', '2015-01-09 11:31:11', NULL, NULL, 0, b'1', b'0', '容量', 3, '79b67a8dce2e451588a4f42a9475dd9d'),
	('a923cd9569c845808d8e901767695474', '2015-01-09 16:34:42', NULL, NULL, 0, b'1', b'0', '型号', 7, '7ad4f0c4ae544a78952623f2d417519c'),
	('b1155c76e7494c0c861efd5a9538a75f', '2015-12-04 12:49:20', '2016-01-25 15:06:34', '["xx","yy"]', 3, b'1', b'1', 'test', 50, '15e9cbc5fce2428dabbd4f8a6fc2da4e'),
	('b636c567253f42bc927298dd2938dc0f', '2015-01-09 16:34:08', NULL, NULL, 0, b'1', b'0', '输出接口', 5, '7ad4f0c4ae544a78952623f2d417519c'),
	('b9679d4aacf44d7b94dbbf8afc54857a', '2015-01-09 16:34:20', NULL, NULL, 0, b'1', b'0', '是否支持太阳能', 6, '7ad4f0c4ae544a78952623f2d417519c'),
	('bccdf0f5f4054404b3b8c4f4cc2567a0', '2015-01-09 16:52:05', NULL, NULL, 0, b'1', b'0', '产品名称', 1, '15e9cbc5fce2428dabbd4f8a6fc2da4e'),
	('c7bc0df2231b4318a82f13cd48c4726e', '2015-01-09 16:52:27', NULL, NULL, 0, b'1', b'0', '型号', 3, '15e9cbc5fce2428dabbd4f8a6fc2da4e'),
	('c8a0f97a10ae457d9a9ea0950f254b34', '2015-01-09 15:23:07', '2015-01-09 16:09:26', NULL, 0, b'1', b'0', '产品名称', 1, '6615e9f8f28f47e184968837a24864a5'),
	('d243e28534a14d92aa421735ba5ba022', '2015-01-09 15:06:12', NULL, NULL, 0, b'1', b'0', '颜色分类', 9, '641950e9a55943f3b44477319671a081'),
	('d3af24a382c84f25a1f9160a134141b7', '2015-01-09 16:08:58', NULL, NULL, 0, b'1', b'0', '品牌', 2, '6615e9f8f28f47e184968837a24864a5'),
	('d3d33c8b7ca94f139e206a81d14c4b79', '2015-01-09 16:33:29', NULL, NULL, 0, b'1', b'0', '适用对象', 2, '7ad4f0c4ae544a78952623f2d417519c'),
	('d3dc14fb9c914ba38cb002dc8b06c3c4', '2015-01-09 11:27:41', '2015-01-09 11:28:52', NULL, 0, b'1', b'0', '功率', 1, '79b67a8dce2e451588a4f42a9475dd9d'),
	('d6f187eff1f74c72af7c58cc1d4c6990', '2015-01-09 15:06:34', '2015-01-09 15:14:37', NULL, 0, b'1', b'0', '机身材质', 10, '641950e9a55943f3b44477319671a081'),
	('d86ace13caa44e29b48595e28a065413', '2015-01-09 11:31:41', NULL, NULL, 0, b'1', b'0', '外壳材质', 5, '79b67a8dce2e451588a4f42a9475dd9d'),
	('de1f0acd37604ad2825eff8f5c313780', '2015-01-09 16:52:48', NULL, NULL, 0, b'1', b'0', '颜色分类', 5, '15e9cbc5fce2428dabbd4f8a6fc2da4e'),
	('de731b3b56c047ac94653680b70459ff', '2015-01-09 11:30:56', NULL, NULL, 0, b'1', b'0', '内胆材质', 2, '79b67a8dce2e451588a4f42a9475dd9d'),
	('e13c57b2786e4811bab97e25aea1294c', '2015-12-11 17:07:21', '2016-06-13 12:15:30', NULL, 1, b'1', b'1', '测试b', 50, '7ad4f0c4ae544a78952623f2d417519c'),
	('e5e45a2162364f289a72f55a8bf58cf2', '2015-01-09 11:33:04', NULL, NULL, 0, b'1', b'0', '颜色', 10, '79b67a8dce2e451588a4f42a9475dd9d'),
	('e9116ddd97f948ff8ac29562c9429ac0', '2016-01-12 02:56:59', '2016-06-13 12:18:23', NULL, 0, b'1', b'0', '原产地', 3, '6615e9f8f28f47e184968837a24864a5'),
	('e9f02a63aba1419dac4689c534364ff9', '2015-01-09 16:34:31', NULL, NULL, 0, b'1', b'0', 'LED灯照明', 7, '7ad4f0c4ae544a78952623f2d417519c'),
	('f334d4083267411f892926b34ca6b4e5', '2015-01-09 16:23:23', NULL, NULL, 0, b'1', b'0', '功率', 5, '6615e9f8f28f47e184968837a24864a5'),
	('f40d10712bbf4279b0a266bc37c62833', '2015-01-09 15:06:57', '2015-01-09 15:14:28', NULL, 0, b'1', b'0', '主机', 11, '641950e9a55943f3b44477319671a081'),
	('f52de9f13185418d918e4714079d02f5', '2015-01-09 11:32:41', NULL, NULL, 0, b'1', b'0', '温控器类型', 9, '79b67a8dce2e451588a4f42a9475dd9d'),
	('f61d0df20e954aaea2213dd82fb9cd63', '2015-01-09 11:33:15', NULL, NULL, 0, b'1', b'0', '电源', 11, '79b67a8dce2e451588a4f42a9475dd9d'),
	('f6c660b9e7e54e00907d51c4d6ed89a3', '2015-01-09 15:05:54', NULL, NULL, 0, b'1', b'0', '型号', 8, '641950e9a55943f3b44477319671a081'),
	('f8409b1fe7e040c9af9e43234f894214', '2015-01-09 16:34:51', NULL, NULL, 0, b'1', b'0', '产品重量', 8, '7ad4f0c4ae544a78952623f2d417519c'),
	('fb92953996d04263873ef2ea36e46752', '2015-01-09 15:01:55', NULL, NULL, 0, b'1', b'0', '功率', 1, '641950e9a55943f3b44477319671a081'),
	('febcb562a77f4c3486c1d81f41861b79', '2015-01-09 16:35:01', NULL, NULL, 0, b'1', b'0', '产品电压', 9, '7ad4f0c4ae544a78952623f2d417519c');
/*!40000 ALTER TABLE `productattribute` ENABLE KEYS */;


-- 导出  表 jfinalshop.productcategory 结构
CREATE TABLE IF NOT EXISTS `productcategory` (
  `id` varchar(32) NOT NULL,
  `createDate` datetime DEFAULT NULL,
  `modifyDate` datetime DEFAULT NULL,
  `metaDescription` text,
  `metaKeywords` text,
  `name` varchar(255) NOT NULL,
  `orderList` int(11) NOT NULL,
  `path` text,
  `parent_id` varchar(32) DEFAULT NULL,
  PRIMARY KEY (`id`),
  KEY `FKD05546EDB2990399` (`parent_id`),
  CONSTRAINT `FKD05546EDB2990399` FOREIGN KEY (`parent_id`) REFERENCES `productcategory` (`id`)
) ENGINE=InnoDB DEFAULT CHARSET=utf8;

-- 正在导出表  jfinalshop.productcategory 的数据：~15 rows (大约)
/*!40000 ALTER TABLE `productcategory` DISABLE KEYS */;
INSERT INTO `productcategory` (`id`, `createDate`, `modifyDate`, `metaDescription`, `metaKeywords`, `name`, `orderList`, `path`, `parent_id`) VALUES
	('008193d04dd649588681b22f16babc8a', '2015-12-16 22:26:26', '2016-06-11 09:21:49', NULL, NULL, '婴儿用品', 50, '2dcf75f487de4c7ea62bc181a0c28662,008193d04dd649588681b22f16babc8a', '2dcf75f487de4c7ea62bc181a0c28662'),
	('013a720f70e747388938d40628ad0510', '2016-02-01 14:19:35', '2016-06-13 20:27:12', '1', '1', '洗护用品', 12, '2dcf75f487de4c7ea62bc181a0c28662,013a720f70e747388938d40628ad0510', '2dcf75f487de4c7ea62bc181a0c28662'),
	('0e3d1018956045ea8588796d321f7317', '2015-01-09 16:32:04', '2015-01-09 16:32:04', '3C数码配件市场', '3C数码配件市场', '3C数码配件市场', 2, '0e3d1018956045ea8588796d321f7317', NULL),
	('178184a92a69437d88178526dffb45df', '2015-12-16 22:26:36', '2016-07-07 14:18:58', NULL, NULL, 'e', 50, '2dcf75f487de4c7ea62bc181a0c28662,178184a92a69437d88178526dffb45df', '2dcf75f487de4c7ea62bc181a0c28662'),
	('2505aa1eda674d78a3325db74b0bfd72', '2015-01-09 12:00:34', '2015-11-05 16:08:22', '电水壶', '电水壶', '电水壶00', 1, 'c5910cfe886244c9b23bd0234d946c3e,2505aa1eda674d78a3325db74b0bfd72', 'c5910cfe886244c9b23bd0234d946c3e'),
	('279f2b1edd254f9596414c1bd3320b0e', '2015-12-16 22:26:33', '2015-12-16 22:26:33', NULL, NULL, 'd', 50, '2dcf75f487de4c7ea62bc181a0c28662,279f2b1edd254f9596414c1bd3320b0e', '2dcf75f487de4c7ea62bc181a0c28662'),
	('2dcf75f487de4c7ea62bc181a0c28662', '2015-01-09 16:50:22', '2015-11-26 11:02:37', '个人护理清洁', '个人护理清洁', '个人护理清洁', 1, '2dcf75f487de4c7ea62bc181a0c28662', NULL),
	('340f3673c9f340529a89398228a0cc87', '2015-01-09 16:32:19', '2015-01-09 16:32:19', '移动电源', '移动电源', '移动电源', 1, '0e3d1018956045ea8588796d321f7317,340f3673c9f340529a89398228a0cc87', '0e3d1018956045ea8588796d321f7317'),
	('3693519d7a81423082a8639f6cfb31ef', '2015-01-09 16:24:59', '2015-01-09 16:24:59', '榨汁机', '榨汁机', '榨汁机', 2, 'c5910cfe886244c9b23bd0234d946c3e,3693519d7a81423082a8639f6cfb31ef', 'c5910cfe886244c9b23bd0234d946c3e'),
	('578a2cc339924e04914658f6ac16cd3c', '2016-01-20 23:15:55', '2016-01-20 23:18:32', '可以 ', '舒肤佳', '肥皂', 49, '2dcf75f487de4c7ea62bc181a0c28662,578a2cc339924e04914658f6ac16cd3c', '2dcf75f487de4c7ea62bc181a0c28662'),
	('a2a54141e9c04a20ac81d9b18b6e96ab', '2015-01-09 16:24:33', '2015-01-09 16:24:33', '电陶炉', '电陶炉', '电陶炉', 3, 'c5910cfe886244c9b23bd0234d946c3e,a2a54141e9c04a20ac81d9b18b6e96ab', 'c5910cfe886244c9b23bd0234d946c3e'),
	('aa8a751bfa47466fbb8a2e41993043d9', '2015-12-17 15:26:43', '2015-12-17 15:26:43', NULL, NULL, 'bbb', 50, '2dcf75f487de4c7ea62bc181a0c28662,008193d04dd649588681b22f16babc8a,c1462f9b673d4db9a9c3dbae2f3f2ded,aa8a751bfa47466fbb8a2e41993043d9', 'c1462f9b673d4db9a9c3dbae2f3f2ded'),
	('afd605e842ac4f15bba2f412ca71f05a', '2016-07-26 22:48:46', '2016-07-26 22:48:46', '1', '1', '1', 50, '2dcf75f487de4c7ea62bc181a0c28662,008193d04dd649588681b22f16babc8a,c1462f9b673d4db9a9c3dbae2f3f2ded,aa8a751bfa47466fbb8a2e41993043d9,afd605e842ac4f15bba2f412ca71f05a', 'aa8a751bfa47466fbb8a2e41993043d9'),
	('c1462f9b673d4db9a9c3dbae2f3f2ded', '2015-12-17 15:26:27', '2016-01-24 00:21:22', NULL, NULL, 'bb', 50, '2dcf75f487de4c7ea62bc181a0c28662,008193d04dd649588681b22f16babc8a,c1462f9b673d4db9a9c3dbae2f3f2ded', '008193d04dd649588681b22f16babc8a'),
	('c5910cfe886244c9b23bd0234d946c3e', '2015-01-09 11:58:15', '2015-11-24 10:49:44', '厨房电器', '厨房电器', '厨房电器1', 1, 'c5910cfe886244c9b23bd0234d946c3e', NULL);
/*!40000 ALTER TABLE `productcategory` ENABLE KEYS */;


-- 导出  表 jfinalshop.producttype 结构
CREATE TABLE IF NOT EXISTS `producttype` (
  `id` varchar(32) NOT NULL,
  `createDate` datetime DEFAULT NULL,
  `modifyDate` datetime DEFAULT NULL,
  `name` varchar(255) NOT NULL,
  PRIMARY KEY (`id`),
  UNIQUE KEY `name` (`name`)
) ENGINE=InnoDB DEFAULT CHARSET=utf8;

-- 正在导出表  jfinalshop.producttype 的数据：~10 rows (大约)
/*!40000 ALTER TABLE `producttype` DISABLE KEYS */;
INSERT INTO `producttype` (`id`, `createDate`, `modifyDate`, `name`) VALUES
	('15e9cbc5fce2428dabbd4f8a6fc2da4e', '2015-01-09 16:51:47', '2016-06-13 12:09:12', '特色推荐商品'),
	('34ba020158f14418a749420df4cd9c46', '2015-12-04 14:58:44', NULL, '免费礼品'),
	('39f3fe0b2ba84a69bf8f488ea131b148', '2016-01-20 15:43:10', '2016-06-13 12:08:10', '临期商品'),
	('50628aa6a4b84c7983ed118c6585ef04', '2016-06-08 20:23:29', '2016-06-13 12:07:55', '促销商品'),
	('641950e9a55943f3b44477319671a081', '2015-01-09 15:00:48', '2016-06-13 12:10:02', '测试1'),
	('6615e9f8f28f47e184968837a24864a5', '2015-01-09 15:21:46', '2016-06-13 12:09:56', '测试0'),
	('79b67a8dce2e451588a4f42a9475dd9d', '2015-01-09 11:27:14', '2016-06-13 12:10:09', '测试2'),
	('7ad4f0c4ae544a78952623f2d417519c', '2015-01-09 16:32:46', '2016-06-13 12:09:43', '会员专享优惠商品'),
	('d0f3ac4eaca845ceb045a5e409a672c9', '2016-01-04 16:04:10', '2016-06-13 12:08:41', '节日特惠商品'),
	('dd1310cada3c44078ad23557f2c64b2b', '2016-01-12 02:55:50', '2016-06-13 12:08:24', '特价商品');
/*!40000 ALTER TABLE `producttype` ENABLE KEYS */;


-- 导出  表 jfinalshop.product_productattributemapstore 结构
CREATE TABLE IF NOT EXISTS `product_productattributemapstore` (
  `product_id` varchar(32) NOT NULL,
  `element` varchar(255) DEFAULT NULL,
  `mapkey_id` varchar(32) NOT NULL,
  PRIMARY KEY (`product_id`,`mapkey_id`),
  KEY `FK7B6203E2B1184188` (`mapkey_id`),
  KEY `FK7B6203E2F4E7D716` (`product_id`),
  CONSTRAINT `FK7B6203E2B1184188` FOREIGN KEY (`mapkey_id`) REFERENCES `productattribute` (`id`),
  CONSTRAINT `FK7B6203E2F4E7D716` FOREIGN KEY (`product_id`) REFERENCES `product` (`id`)
) ENGINE=InnoDB DEFAULT CHARSET=utf8;

-- 正在导出表  jfinalshop.product_productattributemapstore 的数据：~75 rows (大约)
/*!40000 ALTER TABLE `product_productattributemapstore` DISABLE KEYS */;
INSERT INTO `product_productattributemapstore` (`product_id`, `element`, `mapkey_id`) VALUES
	('0a35bfcc4252486a86ca5d6e21782dd0', 'fds', '100a2814d07b49caa875bf005da05416'),
	('0a35bfcc4252486a86ca5d6e21782dd0', 'fds', '1451abb39ea44ba684d9aea3cabbe480'),
	('0a35bfcc4252486a86ca5d6e21782dd0', 'fds', 'bccdf0f5f4054404b3b8c4f4cc2567a0'),
	('0a35bfcc4252486a86ca5d6e21782dd0', 'fds', 'c7bc0df2231b4318a82f13cd48c4726e'),
	('0a35bfcc4252486a86ca5d6e21782dd0', 'fds', 'de1f0acd37604ad2825eff8f5c313780'),
	('4f5e5aa3e3e84bf4a89e0263cd12b081', 'SKG', '08bc92b3df27467cb6c3775f2f268708'),
	('4f5e5aa3e3e84bf4a89e0263cd12b081', '500ml以下（含500ml）', '1714eec7aab24827ade02a9ea5eb5c55'),
	('4f5e5aa3e3e84bf4a89e0263cd12b081', '450W', '201918f2319b4d3f8e3e1d237612358d'),
	('4f5e5aa3e3e84bf4a89e0263cd12b081', '1 件', '21be12b6122b4de99551ba7981be30a6'),
	('4f5e5aa3e3e84bf4a89e0263cd12b081', '1 件', '2735e4ffd3f946238e9593f15e4a250d'),
	('4f5e5aa3e3e84bf4a89e0263cd12b081', '榨汁', '28cc20c141344fd3be03a695349a3e74'),
	('4f5e5aa3e3e84bf4a89e0263cd12b081', '401mL(含)-600mL(含)', '3d24e68545b441dfa25aa7d13bfabf3c'),
	('4f5e5aa3e3e84bf4a89e0263cd12b081', '22001转/分及以上', '3f6ab53c4fac44c08206024d651ad081'),
	('4f5e5aa3e3e84bf4a89e0263cd12b081', '1 件', '846ceef0e1b84eabb2c9baed7851415d'),
	('4f5e5aa3e3e84bf4a89e0263cd12b081', '黑色', 'd243e28534a14d92aa421735ba5ba022'),
	('4f5e5aa3e3e84bf4a89e0263cd12b081', '金属', 'd6f187eff1f74c72af7c58cc1d4c6990'),
	('4f5e5aa3e3e84bf4a89e0263cd12b081', '1 件', 'f40d10712bbf4279b0a266bc37c62833'),
	('4f5e5aa3e3e84bf4a89e0263cd12b081', 'GW3315', 'f6c660b9e7e54e00907d51c4d6ed89a3'),
	('4f5e5aa3e3e84bf4a89e0263cd12b081', '201W(含)-500W(含)', 'fb92953996d04263873ef2ea36e46752'),
	('58a633353ce142d4b94b2d880f22c481', 'SKG1101', '1d803559e5a34a2d849c084237cc27c7'),
	('58a633353ce142d4b94b2d880f22c481', '支持', '3ab4c4727185459096370ecd4d091001'),
	('58a633353ce142d4b94b2d880f22c481', '4分钟(含)-6分钟(含)', '478d700bf346469c8059999066f0b34b'),
	('58a633353ce142d4b94b2d880f22c481', '电热圈加热', '4b428690e93a41d0bc213fc0be690f75'),
	('58a633353ce142d4b94b2d880f22c481', 'SKG', '5d8f4cec44964d48a0aa811955a78f5f'),
	('58a633353ce142d4b94b2d880f22c481', '电热开水瓶', '9b786b9118424c4c87cef685402465eb'),
	('58a633353ce142d4b94b2d880f22c481', '2.8L', 'a03e2f2c49c1452f8f62b95a07865446'),
	('58a633353ce142d4b94b2d880f22c481', '750W', 'd3dc14fb9c914ba38cb002dc8b06c3c4'),
	('58a633353ce142d4b94b2d880f22c481', '塑料', 'd86ace13caa44e29b48595e28a065413'),
	('58a633353ce142d4b94b2d880f22c481', '不锈钢', 'de731b3b56c047ac94653680b70459ff'),
	('58a633353ce142d4b94b2d880f22c481', '白色', 'e5e45a2162364f289a72f55a8bf58cf2'),
	('58a633353ce142d4b94b2d880f22c481', '国产优质温控器', 'f52de9f13185418d918e4714079d02f5'),
	('58a633353ce142d4b94b2d880f22c481', '220V/50HZ', 'f61d0df20e954aaea2213dd82fb9cd63'),
	('5bf13cf3aeb04efbbb257018abc100f5', 'C', '6013f578cf6b433a8c4cc561abae40a1'),
	('5bf13cf3aeb04efbbb257018abc100f5', 'C', '746ec527023647e49e3133d0aaf62fff'),
	('5bf13cf3aeb04efbbb257018abc100f5', '111111', '9ff6ff1b472b49818b0c18a03c4efcd4'),
	('6402339746e04840932a5d400dcc8654', '全国联保', '23661fcc703046caac8e5b022a679279'),
	('6402339746e04840932a5d400dcc8654', '红外线碳素管发光', '46381f53778d46e78f9d8e00ba0b4353'),
	('6402339746e04840932a5d400dcc8654', '16101', '6fea61b9a33040c6b1f9211b9d2c1a8d'),
	('6402339746e04840932a5d400dcc8654', '2000W', '8a6df07db9074b14866a615e68526710'),
	('6402339746e04840932a5d400dcc8654', 'SKG 16101', 'c8a0f97a10ae457d9a9ea0950f254b34'),
	('6402339746e04840932a5d400dcc8654', 'SKG', 'd3af24a382c84f25a1f9160a134141b7'),
	('6402339746e04840932a5d400dcc8654', '1601W以上', 'f334d4083267411f892926b34ca6b4e5'),
	('760b30f6e07a4606a19bd28894b12cfd', 'B', '6013f578cf6b433a8c4cc561abae40a1'),
	('760b30f6e07a4606a19bd28894b12cfd', 'C', '746ec527023647e49e3133d0aaf62fff'),
	('80e1e02c67d642fb8e19cca211569d09', 'C', '746ec527023647e49e3133d0aaf62fff'),
	('838050aef79f4898ac8741f05e8975ca', 'C', '6013f578cf6b433a8c4cc561abae40a1'),
	('838050aef79f4898ac8741f05e8975ca', 'C', '746ec527023647e49e3133d0aaf62fff'),
	('838050aef79f4898ac8741f05e8975ca', '3333', '9ff6ff1b472b49818b0c18a03c4efcd4'),
	('b64bae8052b94f8fb6d7bc72650ba675', 'ad', '100a2814d07b49caa875bf005da05416'),
	('b64bae8052b94f8fb6d7bc72650ba675', 'ads', '1451abb39ea44ba684d9aea3cabbe480'),
	('b64bae8052b94f8fb6d7bc72650ba675', 'ad', 'bccdf0f5f4054404b3b8c4f4cc2567a0'),
	('b64bae8052b94f8fb6d7bc72650ba675', 'ads', 'c7bc0df2231b4318a82f13cd48c4726e'),
	('b64bae8052b94f8fb6d7bc72650ba675', 'ad', 'de1f0acd37604ad2825eff8f5c313780'),
	('e7d2538a11ab43149f144aa0f6d2f1d9', '11212', '23661fcc703046caac8e5b022a679279'),
	('e7d2538a11ab43149f144aa0f6d2f1d9', '1212', '46381f53778d46e78f9d8e00ba0b4353'),
	('e7d2538a11ab43149f144aa0f6d2f1d9', '122121', '6fea61b9a33040c6b1f9211b9d2c1a8d'),
	('e7d2538a11ab43149f144aa0f6d2f1d9', '122121', '8a6df07db9074b14866a615e68526710'),
	('e7d2538a11ab43149f144aa0f6d2f1d9', 'JfinalShopB2c', 'c8a0f97a10ae457d9a9ea0950f254b34'),
	('e7d2538a11ab43149f144aa0f6d2f1d9', '11', 'd3af24a382c84f25a1f9160a134141b7'),
	('e7d2538a11ab43149f144aa0f6d2f1d9', '1212', 'f334d4083267411f892926b34ca6b4e5'),
	('ef1390d6cf49418398e7c307297e5dc1', 'A', '746ec527023647e49e3133d0aaf62fff'),
	('f00b604b04d749a78bb3c7f4ae0ea002', 'C', '6013f578cf6b433a8c4cc561abae40a1'),
	('f00b604b04d749a78bb3c7f4ae0ea002', 'C', '746ec527023647e49e3133d0aaf62fff'),
	('f00b604b04d749a78bb3c7f4ae0ea002', '111111', '9ff6ff1b472b49818b0c18a03c4efcd4'),
	('f21d18e67f274262bd836d1dea7c30f1', '126*66*14mm', '1399933b3edd47ea842bc44217057154'),
	('f21d18e67f274262bd836d1dea7c30f1', '通用', '35199544b8a54760b98fdb324c7ccbe3'),
	('f21d18e67f274262bd836d1dea7c30f1', '锂聚合物电池', '43d300b993d84a6ea2025d0a4866c764'),
	('f21d18e67f274262bd836d1dea7c30f1', '双USB', '612d855d3e064eb8bba420a03d6028c3'),
	('f21d18e67f274262bd836d1dea7c30f1', '5802', 'a923cd9569c845808d8e901767695474'),
	('f21d18e67f274262bd836d1dea7c30f1', '否', 'b636c567253f42bc927298dd2938dc0f'),
	('f21d18e67f274262bd836d1dea7c30f1', '否', 'b9679d4aacf44d7b94dbbf8afc54857a'),
	('f21d18e67f274262bd836d1dea7c30f1', 'SKG', 'd3d33c8b7ca94f139e206a81d14c4b79'),
	('f21d18e67f274262bd836d1dea7c30f1', '否', 'e9f02a63aba1419dac4689c534364ff9'),
	('f21d18e67f274262bd836d1dea7c30f1', '150g', 'f8409b1fe7e040c9af9e43234f894214'),
	('f21d18e67f274262bd836d1dea7c30f1', '5V', 'febcb562a77f4c3486c1d81f41861b79');
/*!40000 ALTER TABLE `product_productattributemapstore` ENABLE KEYS */;


-- 导出  表 jfinalshop.receiver 结构
CREATE TABLE IF NOT EXISTS `receiver` (
  `id` varchar(32) NOT NULL,
  `createDate` datetime DEFAULT NULL,
  `modifyDate` datetime DEFAULT NULL,
  `address` text NOT NULL,
  `areaPath` text NOT NULL,
  `isDefault` bit(1) NOT NULL,
  `mobile` varchar(255) DEFAULT NULL,
  `name` varchar(255) NOT NULL,
  `phone` varchar(255) DEFAULT NULL,
  `zipCode` varchar(255) NOT NULL,
  `member_id` varchar(32) NOT NULL,
  PRIMARY KEY (`id`),
  KEY `FKD3A64E0FCA10C3E` (`member_id`),
  CONSTRAINT `FKD3A64E0FCA10C3E` FOREIGN KEY (`member_id`) REFERENCES `member` (`id`)
) ENGINE=InnoDB DEFAULT CHARSET=utf8;

-- 正在导出表  jfinalshop.receiver 的数据：~93 rows (大约)
/*!40000 ALTER TABLE `receiver` DISABLE KEYS */;
INSERT INTO `receiver` (`id`, `createDate`, `modifyDate`, `address`, `areaPath`, `isDefault`, `mobile`, `name`, `phone`, `zipCode`, `member_id`) VALUES
	('03c9aa612f7846b78bf6a72a6f53acec', '2015-10-10 18:03:13', NULL, '复兴路77号院', '402881882ba8753a012ba8bf474d001c,402881882ba8753a012ba8c0fb850024', b'0', '18998998909', 'troy', '010-23222333', '100010', 'd833981ef44f49f88ad7e6309e0ac84b'),
	('044ad6a2c7dd448ea1376447849f1727', '2015-12-13 17:05:42', '2015-12-13 17:05:51', '大撒旦', '402881882ba8753a012ba8c389a2002f,402881882ba8753a012ba8c409df0032', b'0', '18635733727', '654', '18635733727', '041000', '808583e7d40d49e3a08e7343fb232e79'),
	('05365eeda1ce48618a20e7b4b4398e0d', '2015-12-29 10:37:51', NULL, '万东路', '402881882ba8753a012ba8c389a2002f,402881882ba8753a012ba8c3e4460031', b'0', '13512344321', 'starglow', '13512344321', '300000', 'cc55f846070b4c55b57726b3301d1b83'),
	('0561b265cdd84c0290e6a275cace988c', '2016-09-27 12:05:01', NULL, 'asdfasdf', '402881882ba8753a012ba8d780a800a2,402881882ba8753a012ba8d8605a00a4', b'0', '15923009785', '罗彬志', '15923009785', '408300', 'a167fed62bb0459081bc4127d2d28d7f'),
	('060e5ec26abc45fd99c67dafd01cfc44', '2015-12-22 15:22:55', NULL, 'ssdfadfaadf', '402881882ba8753a012ba8bf474d001c,402881882ba8753a012ba8bff6f6001e', b'0', '13245678901', 'adfsss', '12121212121', '212122', 'a8170b1c3cf94279af5851f0cffe8eb6'),
	('0790e1e83c294b7b82e6e5be39a01845', '2016-04-28 09:06:38', NULL, '2323', '402881882ba8753a012ba8bf474d001c,402881882ba8753a012ba8bff6f6001e', b'0', '18675951275', '2323', '18675951275', '441000', '10152e94d8774fbba1393ece36abd9a5'),
	('0987778be7df4d1499cd9f6a3b32709c', '2016-01-18 15:49:18', NULL, 'adfa', '402881882ba8753a012ba8c689d30042', b'0', '13911256521', 'adfa', '010-9123123', '100254', '4ad9f387e305454e885edae9e0578ff0'),
	('0bdfee42e17342dbaf05d90f6816a7f6', '2015-10-09 16:19:00', NULL, '重庆市渝中区大坪', '402881882ba8753a012ba93a6743014c,402881882ba8753a012ba93b5898014f', b'0', '13800138000', '刘兴松', '47334726', '402289', 'f1553304a01f4de4bb0fa15dff9a5246'),
	('0df3a313d9e64744935e282db6e721ac', '2015-12-29 00:15:22', NULL, '龙华路', '402881882ba8753a012ba939ac010149', b'0', '13876601236', 'qq', '66799683', '570100', 'c045bc9db9d74084a5af851308fc3341'),
	('11afe49f31464c98b13ee017369b5948', '2016-03-06 11:40:02', NULL, '冯绍峰', '402881882ba8753a012ba8bf474d001c,402881882ba8753a012ba8bfacfd001d', b'0', '15711182838', '古典风格', '15711182838', '100000', 'cdbfcd54824d4c2cb14289570a5df8f5'),
	('1425d31728cb421bb335f65d2b37e611', '2016-04-21 17:49:48', NULL, 'asd', '402881882ba8753a012ba8e0243500ce,402881882ba8753a012ba8e1f17300d0', b'0', '13110927550', 'asd', '13110927550', '363300', 'e58ef20e1d104d71bebf194fb28460f9'),
	('18564ab78f484998a3e5293861155ffe', '2015-10-03 14:12:13', '2016-05-19 11:22:09', 'test', '402881882ba8753a012ba9342b210124,402881882ba8753a012ba9345e950125', b'1', '13800138000', 'test', '13800138000', '524244', '15407d714c764b2695626b2b4bf62e89'),
	('1b45a9dfbef247b48124683f77bd32e5', '2016-04-07 14:17:40', NULL, 'as', '402881882ba8753a012ba8bf474d001c,402881882ba8753a012ba8bfacfd001d', b'0', '11111111111', 'as', '11111111111', '111111', 'f6afcd4ade6e4457b4f3edc2371e9327'),
	('1cc5d78e0bf34c5cb778e3589ed49e4e', '2015-10-16 14:25:56', NULL, 'xxxx', '402881882ba8753a012ba93d95780160,402881882ba8753a012ba93dc8110161', b'0', '10000000000', 'zhangsan', '00000000', '000000', '869eebfade574f21b85890ac0aadb653'),
	('20fc40d6fca24b108b14e4a6f8c257fa', '2016-05-17 00:44:52', NULL, '1', '402881882ba8753a012ba8c389a2002f,402881882ba8753a012ba8c409df0032', b'0', '13333333333', '1', '22222222222', '136200', 'b47594b101ed44279ff69a300cd435f5'),
	('21492f76ba11424a867ac5151c050a24', '2016-04-19 10:38:27', NULL, '测试地址', '402881882ba8753a012ba930d6690115,402881882ba8753a012ba93101120116', b'0', '13713793579', '测试地址', '13713793579', '410100', 'b1bedc76936d430cbb1649ed59bf4821'),
	('22db80e954c346efad7b518f95552cbb', '2016-05-06 14:46:19', NULL, 'fsdfwer', '402881882ba8753a012ba8bf474d001c,402881882ba8753a012ba8c0ade20022', b'0', '15332684975', 'ssddfwe', '153326849752', '555913', 'a0b75adb1e174b7bb89e0dbd42845aa8'),
	('248d1264e8eb41ad8a1ef506dd012913', '2015-12-22 15:34:40', NULL, '咳咳咳咳咳咳', '402881882ba8753a012ba8bf474d001c,402881882ba8753a012ba8bff6f6001e', b'0', '15116347584', '咳咳咳', '15116347584', '410000', 'c685a24476af4a07977e3d98b16713b0'),
	('2503c04b21864c00806e59a1cdad2520', '2016-04-03 01:10:26', NULL, '18620090411', '402881882ba8753a012ba9342b210124,402881882ba8753a012ba9345e950125', b'0', '18620090411', 'ceshi yong d ', '020-12345678', '510510', '821352f2c5264eb799d35dd1077aa26c'),
	('2e564750474c45fb9d49179d125494fd', '2016-06-28 16:52:56', NULL, '点点滴滴', '402881882ba8753a012ba8da48e000b0,402881882ba8753a012ba8dc1c9700bb', b'0', '18381673237', '梅景飞', '18381673237', '323600', 'd51d782038874a5e84b2f11deb70ed94'),
	('3452c843169340f5a1ec1bbc141d0035', '2016-01-21 14:20:21', NULL, 'aaaa', '402881882ba8753a012ba8bf474d001c,402881882ba8753a012ba8bfacfd001d', b'0', '13967138010', 'aaaa', '13967138010', '111111', 'b2fee980147a44de83c5169969b1ec76'),
	('380c6f64341f478cad8a9c0635d0c819', '2015-12-24 10:24:53', NULL, '大声道', '402881882ba8753a012ba8e362b600d8,402881882ba8753a012ba8e4808a00dc', b'0', '12312312311', '阿达', '1231231', '332106', '8f24cc613feb48d48a9e3d7562b72eae'),
	('3b667e4889ae4c6cb9a674319e31ffea', '2016-05-09 11:59:47', NULL, '首体南路2号', '402881882ba8753a012ba8bf474d001c,402881882ba8753a012ba8bfacfd001d', b'0', '13800138000', '刘星', '15810104530', '100000', 'ba67d3cf36144db79ed3adaebac386bc'),
	('40cbe76851ab483d9fbb6facabaaaf04', '2016-01-07 20:12:32', NULL, '123', '402881882ba8753a012ba8c389a2002f,402881882ba8753a012ba8c3bcc80030', b'0', '13958555557', '123', '13958555557', '330181', '467af879ef4c41439c845bdc3b4e94cf'),
	('453ee6a6215b411ca81d227584dc065c', '2015-10-23 15:53:49', NULL, '天安门', '402881882ba8753a012ba8bf474d001c,402881882ba8753a012ba8bfacfd001d', b'0', '18818881888', 'test', '8888888', '555555', 'c966b8e9ec514997a9b17075d6091091'),
	('4550d29aae9d4a88b9d4dda00be3b5b7', '2016-01-07 17:11:13', NULL, 'wywy', '402881882ba8753a012ba8bf474d001c', b'0', '15626898789', 'wy', '15626898789', '510000', '6b08b11383924ce9b00c2b6f6489184d'),
	('4e6206c8c978493c9d567deeaebaffb0', '2015-10-22 20:23:57', NULL, 'oamokdokwo', '402881882ba8753a012ba8bf474d001c,402881882ba8753a012ba8bfacfd001d', b'0', '11111111111', 's', '1111111111111', '111111', '15407d714c764b2695626b2b4bf62e89'),
	('515322e6c44b4a04b02af2f365760cff', '2016-01-15 23:22:33', NULL, 'ty', '402881882ba8753a012ba9342b210124,402881882ba8753a012ba9351207012a', b'0', '13888888886', 'y65ttyy', '6555454', '344343', '04da45fa695a4fcdb59fadf2cc8149eb'),
	('515e167421e54e93be3deae92b1b29af', '2016-03-29 17:59:23', NULL, '下面呢', '402881882ba8753a012ba8e0243500ce,402881882ba8753a012ba8e1f17300d0', b'0', '15959969131', '测试', '15959969131', '361000', 'd449eb4310634470adaf2e2e17a21582'),
	('528c3965e5f14b268d2553f9ccb38bd2', '2016-02-01 17:50:12', NULL, 'sdfsdf', '402881882ba8753a012ba8bf474d001c,402881882ba8753a012ba8bfacfd001d', b'0', '15210455588', 'sfsdf ', '15210455588', '100000', '15407d714c764b2695626b2b4bf62e89'),
	('56a056ce2f6040a896c6e6f942b87c18', '2015-11-30 17:07:51', NULL, '11', '402881882ba8753a012ba8bf474d001c,402881882ba8753a012ba8bfacfd001d', b'0', '13012223322', '11', '010-10101121', '100093', 'cf951dc5277a4d4493f8a8f37e4cc7c4'),
	('56f62ce28a4f400b9d39178048c2abfb', '2016-01-02 14:29:01', NULL, '33', '402881882ba8753a012ba8bf474d001c,402881882ba8753a012ba8bff6f6001e', b'0', '18653217930', '33', '82308732', '266000', '659bd9f7a45f4ba38e9a07c851bb53c0'),
	('59f07330f40946df828e58b593976dea', '2016-05-04 15:02:24', NULL, '大家看法大量', '402881882ba8753a012ba8da48e000b0,402881882ba8753a012ba8daf15500b4', b'0', '13456723456', 'ninghao', '13456723456', '446987', 'dd6614635fae4c0bb021600cd207fbbd'),
	('5c1436521b774b84830b4d0d10709e50', '2016-03-17 10:06:44', NULL, '2432', '402881882ba8753a012ba8c389a2002f', b'0', '13999999999', 'e3432', '099187876545', '830000', '597da43d7dc046139b07347d5cb9254e'),
	('5dec25bb66794351af72cc93bd6e0a50', '2016-04-19 09:28:50', NULL, '什么西安', '402881882ba8753a012ba930d6690115,402881882ba8753a012ba9316a7b0119', b'0', '13148474526', '而', '1523456', '757000', '438c7d1eea56412c85b0fc80021ac3ef'),
	('64bd31b6d7f3470687345412a2a73f1a', '2016-01-15 23:18:41', NULL, '12312311231231', '402881882ba8753a012ba8c689d30042,402881882ba8753a012ba8c73d920045', b'0', '13512341234', 'qqq', '01066666666', '200000', '284e700c871a4a86897c734dc9551332'),
	('654786eeba0a44d0a3449f69dc60a1b5', '2016-04-19 11:58:48', NULL, '测试', '402881882ba8753a012ba8da48e000b0,402881882ba8753a012ba8da7d2f00b1', b'0', '15068171713', '陈亮', NULL, '300000', 'adb78f369af54fa8acf0b581958ce54d'),
	('66765f4bc7374f9c808cc8b2d2945328', '2015-12-08 16:03:00', NULL, 'asdfasdf', '402881882ba8753a012ba8c689d30042,402881882ba8753a012ba8c73d920045', b'0', '15023123123', 'asfsdf', '12312312312', '310012', 'b7c28475fc9b41a3aa759a3c309acf24'),
	('6a40d2b5ae2a480598622d14e197acce', '2016-05-06 09:27:53', NULL, '1', '402881882ba8753a012ba8c389a2002f,402881882ba8753a012ba8c3bcc80030', b'0', '13992315157', '1', '7310844', '666100', '1ad197e502444e9fb721f7c8f2914881'),
	('6ae4d4f337694ff3912831955fdd982d', '2016-05-11 11:24:07', NULL, '开福区100号', '402881882ba8753a012ba930d6690115,402881882ba8753a012ba93101120116', b'0', '18323232323', '周兵', '18323232323', '410611', '0e922f00ffc74fbe9c7e5bf9e20348a5'),
	('6b944f69b81c402a94e4e92edf135ca4', '2016-04-14 13:08:34', NULL, 'ss', '402881882ba8753a012ba8c8f0b1004e,402881882ba8753a012ba8c963fd0050', b'0', '15840204605', 'zhw', '23813447', '110000', '27f3a9bef1294b40989d95e4c0e69164'),
	('6d2aa10df8b04a419d15ffdb96a620c1', '2016-05-17 14:13:26', NULL, '12', '402881882ba8753a012ba8bf474d001c,402881882ba8753a012ba8bff6f6001e', b'0', '18350019454', '21', NULL, '352211', '650af84fe9cb4b2a91ff9ae776669fb0'),
	('7689e8031fdb42d2ae30da4cf93fefba', '2016-01-05 11:38:34', NULL, 'bbb', '402881882ba8753a012ba8c389a2002f,402881882ba8753a012ba8c3bcc80030', b'0', '13333333333', 'aaaa', '059933333333', '111111', 'eb533c0e0efe43fab9fb8169f8fe05b8'),
	('7e30fa73232745308662e4e2199484b8', '2016-04-18 10:09:39', NULL, 'sfsf', '402881882ba8753a012ba8bf474d001c,402881882ba8753a012ba8bff6f6001e', b'0', '18561590689', 'dsf', '18561590689', '266232', 'ce03ce603ff94d0e91e6c7d9cbb4fdaf'),
	('8aaf2f82086c456d92a27cdb537d17b1', '2016-02-04 00:46:47', NULL, 'a', '402881882ba8753a012ba8bf474d001c,402881882ba8753a012ba8bff6f6001e', b'0', '15201069327', 'aa', '15201069327', '100000', '48aa0eaf02bd4d00b523e9670b186a7a'),
	('918b2c4d169a4567a7db62fb059de595', '2015-10-07 00:39:42', NULL, '32131', '402881882ba8753a012ba8bf474d001c,402881882ba8753a012ba8bff6f6001e', b'0', '13333333333', '213123', '33213231', '222222', '872103f0c6484dfcad0864d9e8491338'),
	('92fcc2f3877f485d91f2c6962b99938a', '2016-04-28 13:23:07', NULL, 'fdsfd', '402881882ba8753a012ba93d95780160,402881882ba8753a012ba93dc8110161', b'0', '13308175417', '梁先平', '13308175417', '252555', '21496ddcdadb4e3c954b5964cb138bad'),
	('931bce5063764dfb8bfbe76ae1de8223', '2016-03-31 17:42:46', NULL, '对方水电费', '402881882ba8753a012ba8bf474d001c,402881882ba8753a012ba8bff6f6001e', b'0', '15802863002', '防守打法', '07763922299', '533707', '21ca887c8675474ca4865a6532a077a4'),
	('981163abcc1343a8a44e35512dffead0', '2016-01-07 15:40:34', NULL, 'sdfsfasd', '402881882ba8753a012ba8c8f0b1004e,402881882ba8753a012ba8c9e15a0053', b'0', '13912668856', 'ffdf', '13912668856', '412300', 'd55880cb47ed4d2a9349bbac32c56ea4'),
	('985b62fdfe494d7abb35bf164c6f790e', '2016-06-19 20:24:45', NULL, 'werwrw', '402881882ba8753a012ba8bf474d001c,402881882ba8753a012ba8bfacfd001d', b'0', '13622222222', 'tttt', '12313412341', '100086', '3f2ad58932254f448558dbdb77e47013'),
	('99254d9fe96c4dd3a4f927a3428d165e', '2015-10-30 15:20:50', NULL, 'aaa', '402881882ba8753a012ba930d6690115,402881882ba8753a012ba93101120116', b'0', '18812345678', 'aaa', '18812345678', '410000', '15407d714c764b2695626b2b4bf62e89'),
	('995f2d860fdf400485bc0a3c85ccda6d', '2016-06-01 13:11:41', NULL, 'zf', '402881882ba8753a012ba8bf474d001c,402881882ba8753a012ba8bff6f6001e', b'0', '13573432123', 'zf', '13573432123', '250000', '06b81f1ef9434a57b0bf24c76920a851'),
	('99e3574fad8c4216816f5d110d4650b1', '2016-08-04 20:28:52', NULL, '222', '402881882ba8753a012ba9376770013a,402881882ba8753a012ba937bf06013c', b'0', '18910111111', '222', '18910111111', '111111', '4da8c619c7c04e0c8b14b18c3407af7f'),
	('9d365c01c0184906af1cf157f3e9a1bb', '2016-01-05 09:18:20', NULL, 'asdfadsf', '402881882ba8753a012ba8c389a2002f,402881882ba8753a012ba8c3e4460031', b'0', '15182456874', 'dsfasdf', '15182456874', '610100', '2ed32e1a1a994aa48c1c3d3da4a1c256'),
	('a383a4c607824521901e913210145f9c', '2016-04-22 09:42:30', NULL, '湖南省耒阳市', '402881882ba8753a012ba8bf474d001c,402881882ba8753a012ba8bfacfd001d', b'0', '13017044931', 'xms', '13017044931', '400000', '855d229b7b5b4fc6a2556cf111fb2626'),
	('a5c3fd02b84f498fbba97e4fe2c1e3b5', '2015-12-14 16:19:01', NULL, 'test', '402881882ba8753a012ba9342b210124,402881882ba8753a012ba9345e950125', b'0', '18000112233', 'test', '18000112233', '413102', 'adfb7ecceb1e4766ad29552126d89b0f'),
	('a5dcebe0e38e43cc909ad3dd527475a4', '2016-06-14 17:43:38', NULL, 'fdafsd', '402881882ba8753a012ba8bf474d001c,402881882ba8753a012ba8bff6f6001e', b'0', '18661888888', 'dfas', '18661888888', '518000', '533034d4cec64fd388d86618eb24fcf4'),
	('a65c48ca87da445f96b7ff9b9f54cca9', '2016-03-01 00:02:44', NULL, '212', '402881882ba8753a012ba8c389a2002f,402881882ba8753a012ba8c3e4460031', b'0', '18210099362', '212', NULL, '111111', '47408022513e4162835aa991cbbbfe86'),
	('a73a9f27913a4ab3aef98c5c47117f86', '2014-12-08 18:18:27', NULL, '耒阳市', '402881882ba8753a012ba8c689d30042,402881882ba8753a012ba8c73d920045', b'0', '13798064110', '李红元', '13798064110', '421819', '150c791333b24223b4e12bf0fe1730e6'),
	('a93367141f82490c98cd41a1c66c8fa3', '2016-04-10 23:27:45', NULL, 'ddd', '402881882ba8753a012ba8c8f0b1004e', b'0', '13235627222', 'dd', '13235627222', '430070', '0011bd5ba3cd4a34a85eb1e55e9b1d53'),
	('a9f4c1190dc9441681c27c8f925c3bed', '2016-07-31 00:33:28', NULL, 'dsfsdfdsfdsf', '402881882ba8753a012ba8bf474d001c,402881882ba8753a012ba8bfacfd001d', b'0', '13946477845', 'daqian', NULL, '478512', '0e35ccf8bdbe42c1a34f0d05c105c99f'),
	('ab5702503c13417abb1e78cbc08bfc71', '2016-04-17 21:09:06', NULL, '北京三李屯', '402881882ba8753a012ba8bf474d001c', b'0', '13456578494', '孙悟空', '010-98986853', '100020', 'b403d3ab3dda404180676299aa7bcde1'),
	('b15d37341f5a4270b7d4e9005e074fc1', '2016-03-30 10:28:27', NULL, '对属地', '402881882ba8753a012ba9342b210124,402881882ba8753a012ba934ac770127', b'0', '18656120415', '刘顽富', '18656120415', '536100', '979dca18599b4a8db00008ff49d761fb'),
	('b3dfe2afbba64f3aa663b29059550860', '2015-11-04 15:46:06', NULL, '1', '402881882ba8753a012ba8bf474d001c,402881882ba8753a012ba8bfacfd001d', b'0', '13911111111', '11', '01011111111', '111111', '2eec6d45dfed4ba1825dc078d00134fd'),
	('b9d104457ad047b2a401d5a5daae6858', '2016-04-20 13:27:43', NULL, 'sss', '402881882ba8753a012ba8bf474d001c,402881882ba8753a012ba8c02f9a001f', b'0', '13767777273', 'aaa', '13767777273', '332233', 'fede43f2941f419eb0360455bd1e1eae'),
	('bfd8807a78c1408b98fb067eb6fc6968', '2016-01-16 12:02:47', NULL, '111', '402881882ba8753a012ba8da48e000b0,402881882ba8753a012ba8da7d2f00b1', b'0', '13588877105', '周国丰', '13588877105', '310000', '7d06feb7e45246bf8ccd8fab5f0838a0'),
	('c149e3bd0c0f4d2391c70ad339a04d56', '2016-03-29 15:37:15', NULL, '123', '402881882ba8753a012ba92e37a20108,402881882ba8753a012ba92edfe8010c', b'0', '11111111111', '123', '12345678', '310000', 'a970831cf5384568b02578ab30b72a1c'),
	('c405a9d949734a5e855137d75a63607d', '2014-11-18 14:59:08', NULL, '22', '402881882ba8753a012ba8bf474d001c,402881882ba8753a012ba8bfacfd001d', b'0', NULL, '2342', '18955222245', '223232', '402881862bf08f18012bf0a16b7c0010'),
	('c493d2743aea498286789ebfbf3f7a20', '2015-09-02 14:06:27', NULL, 'fdss', '402881882ba8753a012ba8d3f4f1008e,402881882ba8753a012ba8d45968008f', b'0', '13002878734', 'fdfds', '02154122456', '200000', '15ee25399a9742cb9eda930ca211e4c6'),
	('c5bc48d2fb404be09c8690bd760afb29', '2014-11-18 14:53:36', '2014-11-18 15:18:01', '4234', '402881882ba8753a012ba8bf474d001c,402881882ba8753a012ba8c088690021', b'0', NULL, '上海人', '13892354', '425364', '402881862bf08f18012bf0a16b7c0010'),
	('c6bf7790463a452aa83d08b6cbe73a2d', '2015-09-07 09:23:46', NULL, '烽火大厦', '402881882ba8753a012ba8d780a800a2,402881882ba8753a012ba8d82d2500a3', b'0', '13333333333', '袁鸿乾', '13333333333', '420000', '3f758780d496456eb63c5ce28cc467e6'),
	('cb0d0a62c82848ba95c362567a0f5be1', '2015-10-20 19:15:47', NULL, '213', '402881882ba8753a012ba8bf474d001c,402881882ba8753a012ba8bff6f6001e', b'0', '13800138000', '213', '13800138000', '213214', 'c69925d80dda4df0aba47705e7d1a71d'),
	('cc8072c1ce92481c8ddfc00f1115b169', '2016-01-07 13:23:18', NULL, '11', '402881882ba8753a012ba8bf474d001c,402881882ba8753a012ba8bfacfd001d', b'0', '13666666666', '11', '13666666666', '360000', '67be4dcd77884176b9c2318522e3789b'),
	('ce0023bd90e245ad969bf6e1e9e82b5a', '2014-11-18 14:50:41', '2014-11-18 15:17:24', '2344', '402881882ba8753a012ba8bf474d001c,402881882ba8753a012ba8c02f9a001f', b'0', '13800138000', '北京人', '020-2222200', '421518', '402881862bf08f18012bf0a16b7c0010'),
	('d0eb20ff92474508add19ea7f45dda3d', '2016-05-09 14:06:15', NULL, 'sadgasdg', '402881882ba8753a012ba8bf474d001c,402881882ba8753a012ba8bff6f6001e', b'0', '13000000000', 'sdgsad', '13000000000', '528000', '3e5a0d36230e4466a7cf7c5d09ed7aa1'),
	('d24f3b259b004d8980d6bd4a28111da7', '2016-01-14 20:43:13', NULL, '111', '402881882ba8753a012ba8bf474d001c,402881882ba8753a012ba8bfacfd001d', b'0', '11111111111', '111', '11111111111', '111111', '3f9fa521dca141d5bd8119d34e728bdc'),
	('d4b9052be0b648fa81cf346cff62a15a', '2015-10-14 16:54:13', NULL, '13312341234', '402881882ba8753a012ba8c389a2002f', b'0', '13312341234', '13312341234', '13312341234', '123123', '4001e67493154fb9a1dd6736b904ff6c'),
	('d6508ccb7d4e489dbd1da649528b41b1', '2016-01-12 09:38:34', NULL, '1', '402881882ba8753a012ba8bf474d001c,402881882ba8753a012ba8bfacfd001d', b'0', '13412341234', '1', '13412341234', '100000', '9b6fd8d60d0246a38cef71f85840e165'),
	('daff46cac4294a298be78bdbb2d9cd1f', '2014-11-18 15:03:35', NULL, 'wrwewe', '402881882ba8753a012ba8cb1bbf005a,402881882ba8753a012ba8cbdf3e005e', b'0', NULL, 'werw', '12122121212', '423432', '402881862bf08f18012bf0a16b7c0010'),
	('dd3e03feef8b48658dbc6c21389e4f27', '2016-06-18 10:28:08', NULL, 'asdsa', '402881882ba8753a012ba8c389a2002f,402881882ba8753a012ba8c42e5e0033', b'0', '13570832256', 'sfdhsh', '13570832256', '123456', '163b8aaa35354ac9a6563fdc4433e987'),
	('deab2c2087294ac0a5f745ef2df80320', '2016-03-17 12:56:55', NULL, '111', '402881882ba8753a012ba8bf474d001c,402881882ba8753a012ba8c088690021', b'0', '13436948901', '付学亮', '13436948901', '100010', '9604f3dbffe84cda81f64288467d69a1'),
	('deef57e9732a4378a31e72855e9fd71d', '2016-05-04 08:53:41', NULL, '首体南路2号', '402881882ba8753a012ba8bf474d001c,402881882ba8753a012ba8c0fb850024', b'0', '13800138000', '刘星', '15810104530', '100000', '0d7903abb677425f82298f94a6cd98a1'),
	('e0cf1dd88f1e44899626ece14efa4372', '2016-06-07 22:10:49', NULL, '方法', '402881882ba8753a012ba8bf474d001c,402881882ba8753a012ba8bfacfd001d', b'0', '12345678888', '方法', '12345678', '310000', 'bce3c42712ca4bce9f2b8eb21b1538ed'),
	('e45698722a7745e19b045e222ab6aa49', '2016-03-03 23:08:12', NULL, 'Ggj', '402881882ba8753a012ba8c8f0b1004e,402881882ba8753a012ba8ca0e460054', b'0', '13333333333', 'gg', '13333333333', '623000', '861c821a2f0044768d9f3025aed0fb28'),
	('e6bee97fdc4c43dea8f5aa87e80caace', '2016-05-12 21:44:08', NULL, '通州区', '402881882ba8753a012ba8bf474d001c,402881882ba8753a012ba8bfacfd001d', b'0', '18612713746', '电放费', '8645654', '100027', '7c2d461372d54a97bde893384c7fdc15'),
	('e772d25dde864822b54901b69d62086a', '2016-04-17 19:20:39', NULL, '222', '402881882ba8753a012ba8c389a2002f,402881882ba8753a012ba8c409df0032', b'0', '15212322935', '张博', '15212322935', '711709', '8052267c08554f878cd7ff8740a71b5b'),
	('ea24720df697485baadc9771f6d35770', '2016-01-22 20:57:14', NULL, '长沙1009', '402881882ba8753a012ba930d6690115,402881882ba8753a012ba93101120116', b'0', '12312312312', '张三', '12312312312', '100010', '442639dcb7c6476c8a127d1dfbdd7a30'),
	('eab5f3a814db4cf9aa2ca1d0d62e57f2', '2016-01-21 18:02:05', NULL, 'sadfa1e', '402881882ba8753a012ba8c389a2002f', b'0', '11111111111', 'abc', '11111111111', '111111', '30d0eaf0328d4a7ea1e14ab0449ddaec'),
	('ebb810bf14b74ddaa7f58fd7ba4a71d5', '2016-01-28 20:36:05', NULL, '延安路126事', '402881882ba8753a012ba8bf474d001c,402881882ba8753a012ba8bfacfd001d', b'0', '13020201222', 'xfei', '13020201222', '100011', '74a5f9ab2932482a973b813c9af48c37'),
	('ec4b1a1b9432468c951c4c95fc097773', '2016-02-02 12:03:49', NULL, 'ss', '402881882ba8753a012ba92ba9c300f6,402881882ba8753a012ba92bfab200f8', b'0', '13899357712', 'ss', '8557951', '844700', '00499dbb4fd34befb399aa122f120da8'),
	('f29a8bf4dcb7417d9cbc318c2f12a0d5', '2016-06-20 12:00:19', NULL, '123', '402881882ba8753a012ba8c389a2002f,402881882ba8753a012ba8c409df0032', b'0', '13811111111', '123', '11111111', '122222', '6c19a03bbc994605811b1ad9e01fc67f'),
	('f448b9480b6d4a3b8b569b9359715f70', '2016-03-27 18:20:14', NULL, 'sadf', '402881882ba8753a012ba8c389a2002f,402881882ba8753a012ba8c409df0032', b'0', '15909510727', 'sdfasdf', '15909510722', '750021', 'c3ee5c1c0f73448791840c1869594744'),
	('fa3e70d867874bd684299cab8057591e', '2016-01-09 18:26:53', NULL, 'test', '402881882ba8753a012ba8c8f0b1004e', b'0', '18955555555', 'test', '05973333333', '350000', '65cde7ac52d54f0aa1ddd68e09641ec8'),
	('fa5cb0f1a3db426f9ac3b3bc4324b480', '2015-12-09 15:45:39', NULL, 'ewf', '402881882ba8753a012ba8c389a2002f,402881882ba8753a012ba8c3bcc80030', b'0', '13583180156', 'ewf', '4472364', '250000', 'edede80203b0494d9a8e9e11cc8cc633'),
	('fa72e69de8ef4685861c3e76ec5983fa', '2016-01-04 17:54:49', NULL, 'aaaa', '402881882ba8753a012ba8bf474d001c,402881882ba8753a012ba8bfacfd001d', b'0', '11111111111', 'zzzz', '84848484', '111111', '2fb179e44ad14151aa1641f431e3529d'),
	('ffe9d856a0ac4078a0cc5e98e6d68475', '2015-11-01 10:41:11', NULL, '123123', '402881882ba8753a012ba8c689d30042,402881882ba8753a012ba8c6da830043', b'0', '15909510727', '123123', '15909510727', '750021', '7e2b465231d44610ae6699c7d7ea8e61');
/*!40000 ALTER TABLE `receiver` ENABLE KEYS */;


-- 导出  表 jfinalshop.refund 结构
CREATE TABLE IF NOT EXISTS `refund` (
  `id` varchar(32) NOT NULL,
  `createDate` datetime DEFAULT NULL,
  `modifyDate` datetime DEFAULT NULL,
  `bankAccount` varchar(255) DEFAULT NULL,
  `bankName` varchar(255) DEFAULT NULL,
  `memo` text,
  `operator` varchar(255) DEFAULT NULL,
  `payee` varchar(255) NOT NULL,
  `paymentConfigName` varchar(255) NOT NULL,
  `refundSn` varchar(255) NOT NULL,
  `refundType` int(11) NOT NULL,
  `totalAmount` decimal(15,5) NOT NULL,
  `deposit_id` varchar(32) DEFAULT NULL,
  `order_id` varchar(32) DEFAULT NULL,
  `paymentConfig_id` varchar(32) DEFAULT NULL,
  PRIMARY KEY (`id`),
  UNIQUE KEY `refundSn` (`refundSn`),
  KEY `FK91ACCB9813C6C4B6` (`deposit_id`),
  KEY `FK91ACCB9890BFCB96` (`paymentConfig_id`),
  KEY `FK91ACCB983F4585B6` (`order_id`),
  CONSTRAINT `FK91ACCB9813C6C4B6` FOREIGN KEY (`deposit_id`) REFERENCES `deposit` (`id`),
  CONSTRAINT `FK91ACCB983F4585B6` FOREIGN KEY (`order_id`) REFERENCES `orders` (`id`),
  CONSTRAINT `FK91ACCB9890BFCB96` FOREIGN KEY (`paymentConfig_id`) REFERENCES `paymentconfig` (`id`)
) ENGINE=InnoDB DEFAULT CHARSET=utf8;

-- 正在导出表  jfinalshop.refund 的数据：~0 rows (大约)
/*!40000 ALTER TABLE `refund` DISABLE KEYS */;
/*!40000 ALTER TABLE `refund` ENABLE KEYS */;


-- 导出  表 jfinalshop.reship 结构
CREATE TABLE IF NOT EXISTS `reship` (
  `id` varchar(32) NOT NULL,
  `createDate` datetime DEFAULT NULL,
  `modifyDate` datetime DEFAULT NULL,
  `deliveryCorpName` varchar(255) NOT NULL,
  `deliveryFee` decimal(19,2) NOT NULL,
  `deliverySn` varchar(255) DEFAULT NULL,
  `deliveryTypeName` varchar(255) NOT NULL,
  `memo` varchar(255) DEFAULT NULL,
  `reshipSn` varchar(255) NOT NULL,
  `shipAddress` varchar(255) NOT NULL,
  `shipArea` varchar(255) NOT NULL,
  `shipAreaPath` varchar(255) DEFAULT NULL,
  `shipMobile` varchar(255) DEFAULT NULL,
  `shipName` varchar(255) NOT NULL,
  `shipPhone` varchar(255) DEFAULT NULL,
  `shipZipCode` varchar(255) NOT NULL,
  `order_id` varchar(32) DEFAULT NULL,
  `deliveryType_id` varchar(32) DEFAULT NULL,
  PRIMARY KEY (`id`),
  UNIQUE KEY `reshipSn` (`reshipSn`),
  KEY `FK91B2830F3F4585B6` (`order_id`),
  KEY `FK91B2830FFAD364DE` (`deliveryType_id`),
  CONSTRAINT `FK91B2830F3F4585B6` FOREIGN KEY (`order_id`) REFERENCES `orders` (`id`),
  CONSTRAINT `FK91B2830FFAD364DE` FOREIGN KEY (`deliveryType_id`) REFERENCES `deliverytype` (`id`)
) ENGINE=InnoDB DEFAULT CHARSET=utf8;

-- 正在导出表  jfinalshop.reship 的数据：~0 rows (大约)
/*!40000 ALTER TABLE `reship` DISABLE KEYS */;
/*!40000 ALTER TABLE `reship` ENABLE KEYS */;


-- 导出  表 jfinalshop.resource 结构
CREATE TABLE IF NOT EXISTS `resource` (
  `id` varchar(32) NOT NULL,
  `createDate` datetime DEFAULT NULL,
  `modifyDate` datetime DEFAULT NULL,
  `description` text,
  `isSystem` bit(1) NOT NULL,
  `name` varchar(255) NOT NULL,
  `orderList` int(11) NOT NULL,
  `value` varchar(255) NOT NULL,
  PRIMARY KEY (`id`),
  UNIQUE KEY `name` (`name`),
  UNIQUE KEY `value` (`value`)
) ENGINE=InnoDB DEFAULT CHARSET=utf8;

-- 正在导出表  jfinalshop.resource 的数据：~7 rows (大约)
/*!40000 ALTER TABLE `resource` DISABLE KEYS */;
INSERT INTO `resource` (`id`, `createDate`, `modifyDate`, `description`, `isSystem`, `name`, `orderList`, `value`) VALUES
	('328ef07d263d4d6bb816b6972151a60d', '2014-12-04 14:42:37', NULL, '角色管理资源', b'0', '角色:新增', 50, 'role:add'),
	('38f2e5ef5c5c465f992b7488f74fde13', '2015-11-24 10:43:46', NULL, '文章：编辑', b'0', '文章：编辑', 50, 'article:update'),
	('402881862bec2a21012bec2aff470001', '2010-10-27 13:31:02', '2010-10-27 13:31:02', '后台管理所有资源', b'1', '后台管理资源', 999, 'admin'),
	('6d630562aac8400284697d3b9f50d5a3', '2015-09-25 18:08:39', NULL, '11', b'0', '11', 50, '11'),
	('6fc9f487a4714b3c8f32b6416c4125ea', '2015-11-24 10:35:20', NULL, '文章:新增', b'0', '文章', 50, 'article：add'),
	('95e6b5dd55ab4211a535cca7fe0a3077', '2014-12-04 14:32:43', NULL, '角色管理资源', b'0', '角色:列表', 1, 'role:list'),
	('fa08016906484c8fa02d5dcecab35a4e', '2015-11-23 16:05:44', NULL, NULL, b'0', 'test', 50, 'test');
/*!40000 ALTER TABLE `resource` ENABLE KEYS */;


-- 导出  表 jfinalshop.role 结构
CREATE TABLE IF NOT EXISTS `role` (
  `id` varchar(32) NOT NULL,
  `createDate` datetime DEFAULT NULL,
  `modifyDate` datetime DEFAULT NULL,
  `description` text,
  `isSystem` bit(1) NOT NULL,
  `name` varchar(255) NOT NULL,
  `value` varchar(255) NOT NULL,
  PRIMARY KEY (`id`),
  UNIQUE KEY `name` (`name`),
  UNIQUE KEY `value` (`value`)
) ENGINE=InnoDB DEFAULT CHARSET=utf8;

-- 正在导出表  jfinalshop.role 的数据：~4 rows (大约)
/*!40000 ALTER TABLE `role` DISABLE KEYS */;
INSERT INTO `role` (`id`, `createDate`, `modifyDate`, `description`, `isSystem`, `name`, `value`) VALUES
	('3d09fb9bf82045069b766c02fe63393d', '2015-09-12 11:48:05', '2015-12-05 01:13:43', 'test', b'0', 'test123', 'ROLE_test123'),
	('402881862bec2a21012bec2b70510002', '2010-10-27 13:31:31', '2010-10-27 13:31:31', '拥有最高后台管理权限', b'1', '超级管理员', 'ROLE_ADMIN'),
	('827c36702e0a4eeaa667b5ac8c365e5f', '2015-11-24 10:40:23', NULL, 'test2', b'0', 'test2', 'ROLE_test2'),
	('fec8b898e71845ac96bfabcba97b9fec', '2014-11-07 16:29:12', NULL, '售前客服', b'0', '客服', 'ROLE_SERVICE');
/*!40000 ALTER TABLE `role` ENABLE KEYS */;


-- 导出  表 jfinalshop.role_resource 结构
CREATE TABLE IF NOT EXISTS `role_resource` (
  `roleSet_id` varchar(32) NOT NULL,
  `resourceSet_id` varchar(32) NOT NULL,
  PRIMARY KEY (`roleSet_id`,`resourceSet_id`),
  KEY `FKE25F2DB7C7B24C48` (`roleSet_id`),
  KEY `FKE25F2DB75BD93F78` (`resourceSet_id`),
  CONSTRAINT `FKE25F2DB75BD93F78` FOREIGN KEY (`resourceSet_id`) REFERENCES `resource` (`id`),
  CONSTRAINT `FKE25F2DB7C7B24C48` FOREIGN KEY (`roleSet_id`) REFERENCES `role` (`id`)
) ENGINE=InnoDB DEFAULT CHARSET=utf8;

-- 正在导出表  jfinalshop.role_resource 的数据：~8 rows (大约)
/*!40000 ALTER TABLE `role_resource` DISABLE KEYS */;
INSERT INTO `role_resource` (`roleSet_id`, `resourceSet_id`) VALUES
	('3d09fb9bf82045069b766c02fe63393d', '6fc9f487a4714b3c8f32b6416c4125ea'),
	('3d09fb9bf82045069b766c02fe63393d', '95e6b5dd55ab4211a535cca7fe0a3077'),
	('402881862bec2a21012bec2b70510002', '402881862bec2a21012bec2aff470001'),
	('827c36702e0a4eeaa667b5ac8c365e5f', '328ef07d263d4d6bb816b6972151a60d'),
	('827c36702e0a4eeaa667b5ac8c365e5f', '6fc9f487a4714b3c8f32b6416c4125ea'),
	('827c36702e0a4eeaa667b5ac8c365e5f', '95e6b5dd55ab4211a535cca7fe0a3077'),
	('fec8b898e71845ac96bfabcba97b9fec', '328ef07d263d4d6bb816b6972151a60d'),
	('fec8b898e71845ac96bfabcba97b9fec', '95e6b5dd55ab4211a535cca7fe0a3077');
/*!40000 ALTER TABLE `role_resource` ENABLE KEYS */;


-- 导出  表 jfinalshop.shipping 结构
CREATE TABLE IF NOT EXISTS `shipping` (
  `id` varchar(32) NOT NULL,
  `createDate` datetime DEFAULT NULL,
  `modifyDate` datetime DEFAULT NULL,
  `deliveryCorpName` varchar(255) NOT NULL,
  `deliveryFee` decimal(19,2) NOT NULL,
  `deliverySn` varchar(255) DEFAULT NULL,
  `deliveryTypeName` varchar(255) NOT NULL,
  `memo` varchar(255) DEFAULT NULL,
  `shipAddress` varchar(255) NOT NULL,
  `shipArea` varchar(255) NOT NULL,
  `shipAreaPath` varchar(255) DEFAULT NULL,
  `shipMobile` varchar(255) DEFAULT NULL,
  `shipName` varchar(255) NOT NULL,
  `shipPhone` varchar(255) DEFAULT NULL,
  `shipZipCode` varchar(255) NOT NULL,
  `shippingSn` varchar(255) NOT NULL,
  `deliveryType_id` varchar(32) DEFAULT NULL,
  `order_id` varchar(32) DEFAULT NULL,
  PRIMARY KEY (`id`),
  UNIQUE KEY `shippingSn` (`shippingSn`),
  KEY `FKE51541CE3F4585B6` (`order_id`),
  KEY `FKE51541CEFAD364DE` (`deliveryType_id`),
  CONSTRAINT `FKE51541CE3F4585B6` FOREIGN KEY (`order_id`) REFERENCES `orders` (`id`),
  CONSTRAINT `FKE51541CEFAD364DE` FOREIGN KEY (`deliveryType_id`) REFERENCES `deliverytype` (`id`)
) ENGINE=InnoDB DEFAULT CHARSET=utf8;

-- 正在导出表  jfinalshop.shipping 的数据：~29 rows (大约)
/*!40000 ALTER TABLE `shipping` DISABLE KEYS */;
INSERT INTO `shipping` (`id`, `createDate`, `modifyDate`, `deliveryCorpName`, `deliveryFee`, `deliverySn`, `deliveryTypeName`, `memo`, `shipAddress`, `shipArea`, `shipAreaPath`, `shipMobile`, `shipName`, `shipPhone`, `shipZipCode`, `shippingSn`, `deliveryType_id`, `order_id`) VALUES
	('007fd718f68f41918e372aed1d9b40cd', '2015-12-24 10:44:27', NULL, '圆通快递', 15.00, NULL, '快递公司', NULL, '咳咳咳咳咳咳', '北京西城区', '402881882ba8753a012ba8bf474d001c,402881882ba8753a012ba8bff6f6001e', '15116347584', '咳咳咳', '15116347584', '410000', '100017', '402881862b9f9e78012b9f9fe5a30001', '20d2cec6709a4adbafc1912c8b85c040'),
	('04ef80ce6e0c409fa7b7b8be2b9054f8', '2015-10-26 15:48:36', NULL, '圆通快递', 15.00, NULL, '快递公司', NULL, '天安门', '北京东城区', '402881882ba8753a012ba8bf474d001c,402881882ba8753a012ba8bfacfd001d', '18818881888', 'test', '8888888', '555555', '100009', '402881862b9f9e78012b9f9fe5a30001', '407d74d6b46f47098fc9513148c9645d'),
	('08865b75fd8a4207804baf24beb73408', '2016-06-21 14:52:40', NULL, '圆通快递', 15.00, NULL, '快递公司', NULL, 'fdafsd', '北京西城区', '402881882ba8753a012ba8bf474d001c,402881882ba8753a012ba8bff6f6001e', '18661888888', 'dfas', '18661888888', '518000', '100029', '402881862b9f9e78012b9f9fe5a30001', '1c3eb6313007407cae225c2cb1ba29ae'),
	('16f6e400051e4db4bdd1f4b730396bfe', '2015-10-26 15:43:18', NULL, '圆通快递', 0.00, NULL, '普通快速（免费）', NULL, 'test', '广东省广州市', '402881882ba8753a012ba9342b210124,402881882ba8753a012ba9345e950125', '13800138000', 'test', '13800138000', '524244', '100007', '402881882ba8753a012ba8bc6582001a', '933798d325734f19844c26b35d4beb49'),
	('1c21d4abda724c88865b86d92737da4d', '2016-01-08 16:56:42', NULL, '圆通快递', 0.00, NULL, '普通快速（免费）', NULL, '11', '北京东城区', '402881882ba8753a012ba8bf474d001c,402881882ba8753a012ba8bfacfd001d', '13012223322', '11', '010-10101121', '100093', '100023', '402881882ba8753a012ba8bc6582001a', '22c045f8b70a485bb6c85342d991628d'),
	('2947589b17bb48b382a5b8ec9849e8dc', '2015-10-20 17:23:25', NULL, '圆通快递', 15.00, NULL, '快递公司', NULL, 'test', '广东省广州市', '402881882ba8753a012ba9342b210124,402881882ba8753a012ba9345e950125', '13800138000', 'test', '13800138000', '524244', '100004', '402881862b9f9e78012b9f9fe5a30001', '70a337f1d2664664af30cae608bcd2fc'),
	('3fa2672cbadd41d4ada75c24be1478a6', '2016-01-20 15:57:57', NULL, '圆通快递', 10.00, NULL, '普通快速（免费）', NULL, 'aaa', '湖南省长沙市', '402881882ba8753a012ba930d6690115,402881882ba8753a012ba93101120116', '18812345678', 'aaa', '18812345678', '410000', '100025', '402881882ba8753a012ba8bc6582001a', 'a787c7216f134465b979cec5d1701802'),
	('5f3eb095abd242a3a20daa0b62b8b691', '2015-11-20 00:28:20', NULL, '圆通快递', 20.00, 'zzzzzzzzzzzzz', '快递公司', NULL, '1', '北京东城区', '402881882ba8753a012ba8bf474d001c,402881882ba8753a012ba8bfacfd001d', '13911111111', '11', '01011111111', '111111', '100013', '402881862b9f9e78012b9f9fe5a30001', '635f62b71275471abb9485aeca02ceba'),
	('652da7cda2a44aaab4b3530a310476d9', '2015-12-31 18:57:11', NULL, '圆通快递', 0.00, NULL, '普通快速（免费）', NULL, 'ewf', '天津和平区', '402881882ba8753a012ba8c389a2002f,402881882ba8753a012ba8c3bcc80030', '13583180156', 'ewf', '4472364', '250000', '100018', '402881882ba8753a012ba8bc6582001a', 'fa37acaf43204c1788b7e4241275b0a8'),
	('6574ec7b6aa94aa0ba3817c012b94a28', '2015-12-21 18:14:54', NULL, '圆通快递', 0.00, NULL, '普通快速（免费）', NULL, 'test', '广东省广州市', '402881882ba8753a012ba9342b210124,402881882ba8753a012ba9345e950125', '13800138000', 'test', '13800138000', '524244', '100016', '402881882ba8753a012ba8bc6582001a', '5600d3d0cead481e9f0015176f32e41a'),
	('6de03f1dcceb42ea98e4c583e8d758a2', '2015-10-23 15:56:01', NULL, '圆通快递', 0.00, NULL, '普通快速（免费）', NULL, '天安门', '北京东城区', '402881882ba8753a012ba8bf474d001c,402881882ba8753a012ba8bfacfd001d', '18818881888', 'test', '8888888', '555555', '100006', '402881882ba8753a012ba8bc6582001a', '2f4813603d8c472c9fc4b30d8d579797'),
	('73e463f1a1af4a9092a1355fb6bfefbb', '2015-12-15 10:06:42', NULL, '圆通快递', 15.00, NULL, '快递公司', NULL, 'aaa', '湖南省长沙市', '402881882ba8753a012ba930d6690115,402881882ba8753a012ba93101120116', '18812345678', 'aaa', '18812345678', '410000', '100014', '402881862b9f9e78012b9f9fe5a30001', '3326a7715fb84ad3b10d7d39f8cd5c59'),
	('747b0cf0fee34294bb18daa3af4f9872', '2016-01-08 13:21:17', NULL, '顺丰速运', 10.00, NULL, '快递公司', NULL, '123', '天津和平区', '402881882ba8753a012ba8c389a2002f,402881882ba8753a012ba8c3bcc80030', '13958555557', '123', '13958555557', '330181', '100022', '402881862b9f9e78012b9f9fe5a30001', 'd11017f2272047bb9ebbc4d88778d396'),
	('75ac99bfab7d462eb2d17bf18ba25282', '2016-01-22 20:59:05', NULL, '圆通快递', 10.00, NULL, 'EMS1', NULL, '长沙1009', '湖南省长沙市', '402881882ba8753a012ba930d6690115,402881882ba8753a012ba93101120116', '12312312312', '张三', '12312312312', '100010', '100026', '402881862b9e7507012b9e7e24540008', '490d1d5b37eb4dbdbb4fce75add207db'),
	('76e319db8ff9401a8aafcc178fe56ae4', '2015-11-17 09:09:08', NULL, '圆通快递', 0.00, NULL, '普通快速（免费）', NULL, 'test', '广东省广州市', '402881882ba8753a012ba9342b210124,402881882ba8753a012ba9345e950125', '13800138000', 'test', '13800138000', '524244', '100011', '402881882ba8753a012ba8bc6582001a', '2fe9fc8c168646d4ab60fc42b538d11f'),
	('820f3bace3e04279bf8a096d256cd99f', '2015-09-13 19:46:23', NULL, '圆通快递', 20.00, '1232132142421', '快递公司', '1212421421', '烽火大厦', '江苏省南京市', '402881882ba8753a012ba8d780a800a2,402881882ba8753a012ba8d82d2500a3', '13333333333', '袁鸿乾', '13333333333', '420000', '100001', '402881862b9f9e78012b9f9fe5a30001', 'eb3868b1f52c4edba08cad693a3154c0'),
	('8897bea73d794827a1f1c7d1060873e9', '2016-01-07 18:00:10', NULL, '圆通快递', 0.00, NULL, '普通快速（免费）', NULL, 'wywy', '北京', '402881882ba8753a012ba8bf474d001c', '15626898789', 'wy', '15626898789', '510000', '100021', '402881882ba8753a012ba8bc6582001a', 'c3699d927779497bbcfe04fe9cb6deb7'),
	('8df053bc9ffc4fb0a2d2ed52016e5520', '2016-01-09 18:40:25', NULL, '圆通快递', 25.00, NULL, '快递公司', NULL, 'test', '山西省', '402881882ba8753a012ba8c8f0b1004e', '18955555555', 'test', '05973333333', '350000', '100024', '402881862b9f9e78012b9f9fe5a30001', '0a279a24a61f4502a0d73884eaaf89c0'),
	('94e6c777549c46bc94898f00d7fbb823', '2015-10-26 15:45:53', NULL, '圆通快递', 0.00, NULL, '普通快速（免费）', NULL, 'test', '广东省广州市', '402881882ba8753a012ba9342b210124,402881882ba8753a012ba9345e950125', '13800138000', 'test', '13800138000', '524244', '100008', '402881882ba8753a012ba8bc6582001a', '966c5c8b88b24f0c8a7ec839c36985a9'),
	('aab5174056584a34946b55851db9f6e3', '2016-06-06 09:18:25', NULL, '圆通快递', 0.00, 'rtyrtyrtyerty', '普通快速（免费）', NULL, 'test', '广东省广州市', '402881882ba8753a012ba9342b210124,402881882ba8753a012ba9345e950125', '13800138000', 'test', '13800138000', '524244', '100027', '402881882ba8753a012ba8bc6582001a', '2e926b20f08046c886b417e4a99eb4f0'),
	('b418976ccce8407d97e70d39aba2157d', '2015-12-17 18:09:42', NULL, '圆通快递', 0.00, NULL, '普通快速（免费）', NULL, 'test', '广东省广州市', '402881882ba8753a012ba9342b210124,402881882ba8753a012ba9345e950125', '13800138000', 'test', '13800138000', '524244', '100015', '402881882ba8753a012ba8bc6582001a', '02511b3fabfd421985fde706bb12ffb0'),
	('b6dd948dfaba47f987bec32f0dc1ef1a', '2015-10-20 19:18:13', NULL, '圆通快递', 15.00, '99999999', '快递公司', NULL, '213', '北京西城区', '402881882ba8753a012ba8bf474d001c,402881882ba8753a012ba8bff6f6001e', '13800138000', '213', '13800138000', '213214', '100005', '402881862b9f9e78012b9f9fe5a30001', 'bb6f7317d7b2458196885fe41331a63e'),
	('b745c7a5fcd3474ca4726827c78035fe', '2016-01-07 10:15:56', NULL, '圆通快递', 10.00, NULL, 'EMS1', NULL, 'oamokdokwo', '北京东城区', '402881882ba8753a012ba8bf474d001c,402881882ba8753a012ba8bfacfd001d', '11111111111', 's', '1111111111111', '111111', '100020', '402881862b9e7507012b9e7e24540008', '6fbd497ae1074a58803c82febf485494'),
	('c265811e1dd74a8d8b3563b231504a18', '2016-01-06 15:29:58', NULL, '圆通快递', 10.00, 'ddasdas', 'EMS1', NULL, 'bbb', '天津和平区', '402881882ba8753a012ba8c389a2002f,402881882ba8753a012ba8c3bcc80030', '13333333333', 'aaaa', '059933333333', '111111', '100019', '402881862b9e7507012b9e7e24540008', '0639d65044ae47138f1568dea805fb91'),
	('d0b974791a7f4f7896e0bee492827287', '2015-10-28 23:10:18', NULL, '圆通快递', 10.00, NULL, 'EMS', NULL, 'oamokdokwo', '北京东城区', '402881882ba8753a012ba8bf474d001c,402881882ba8753a012ba8bfacfd001d', '11111111111', 's', '1111111111111', '111111', '100010', '402881862b9e7507012b9e7e24540008', 'f27ec8aef80342a88bbe08aa4ecf337c'),
	('d4d44fa50cad4a9093957ffa2b43a0ee', '2016-06-20 11:50:30', NULL, '圆通快递', 15.00, NULL, '快递公司', NULL, 'werwrw', '北京东城区', '402881882ba8753a012ba8bf474d001c,402881882ba8753a012ba8bfacfd001d', '13622222222', 'tttt', '12313412341', '100086', '100028', '402881862b9f9e78012b9f9fe5a30001', '2d91dda01f0241d0bf62faf6baedfa75'),
	('da4b60d214d6455b96a6af0aa1b5cdbc', '2015-10-09 17:46:02', NULL, '圆通快递', 10.00, NULL, 'EMS', NULL, '重庆市渝中区大坪', '重庆市渝中区', '402881882ba8753a012ba93a6743014c,402881882ba8753a012ba93b5898014f', '13800138000', '刘兴松', '47334726', '402289', '100002', '402881862b9e7507012b9e7e24540008', '31b9dd88ba6e497eab6c7a56c9ca4c40'),
	('e42e1d1e40e64c938ac30bc8b5284e5e', '2015-10-13 17:09:31', NULL, '韵达快递', 10.00, NULL, 'EMS', NULL, 'test', '广东省广州市', '402881882ba8753a012ba9342b210124,402881882ba8753a012ba9345e950125', '13800138000', 'test', '13800138000', '524244', '100003', '402881862b9e7507012b9e7e24540008', '2528d64cb6fa489eb117cc491bd7e1b5'),
	('f852597b42ca4e37a4fc78ce7160e534', '2015-11-20 00:25:49', NULL, '圆通快递', 10.00, 'asdasdad', 'EMS1', NULL, 'aaa', '湖南省长沙市', '402881882ba8753a012ba930d6690115,402881882ba8753a012ba93101120116', '18812345678', 'aaa', '18812345678', '410000', '100012', '402881862b9e7507012b9e7e24540008', '1aa81bf071cd4767bc1292e41d192ae7');
/*!40000 ALTER TABLE `shipping` ENABLE KEYS */;
/*!40101 SET SQL_MODE=IFNULL(@OLD_SQL_MODE, '') */;
/*!40014 SET FOREIGN_KEY_CHECKS=IF(@OLD_FOREIGN_KEY_CHECKS IS NULL, 1, @OLD_FOREIGN_KEY_CHECKS) */;
/*!40101 SET CHARACTER_SET_CLIENT=@OLD_CHARACTER_SET_CLIENT */;
